id,source_tier,publisher,title,url,retrieved_at,access_status,robots_status,terms_status,copyright_use
SRC-ABCB-BUSHFIRE-VERIFICATION-HANDBOOK-2022,1,Australian Building Codes Board,NCC 2022 Bushfire Verification Methods handbook,https://www.abcb.gov.au/sites/default/files/resources/2023/NCC-2022-Bushfire-Verification-Methods-Handbook-FA.pdf,2026-08-16T00:00:00+10:00,public_pdf,not_checked_no_crawl,not_checked,"Public guidance paraphrased; performance-solution analysis, fire modelling and approval evidence are outside this object catalogue."
SRC-ABCB-CONDENSATION-HANDBOOK,1,Australian Building Codes Board,Condensation in buildings handbook,https://ncc.abcb.gov.au/sites/default/files/resources/2023/Condensation-in-buildings-handbook.pdf,2026-08-16T00:00:00+10:00,public_pdf,not_checked_no_crawl,not_checked,Public building-science guidance paraphrased; hygrothermal inputs and analysis results are not replaced by generic geometry.
SRC-ABCB-CURRENT-NCC,1,Australian Building Codes Board,General NCC frequently asked questions,https://www.abcb.gov.au/faq/general-ncc,2026-08-16T00:00:00+10:00,public_html,not_checked_no_crawl,not_checked,Used only to verify the current NCC edition and effective date.
SRC-ABCB-HOUSING-ENERGY-HANDBOOK,1,Australian Building Codes Board,NCC 2022 Housing energy efficiency handbook,https://ncc.abcb.gov.au/sites/default/files/resources/2023/NCC-2022-Housing-energy-efficiency-handbook.pdf,2026-08-16T00:00:00+10:00,public_pdf,not_checked_no_crawl,not_checked,Public explanatory guidance paraphrased; examples are not treated as universal construction prescriptions.
SRC-ABCB-HP-ALPINE-ACCESS,1,Australian Building Codes Board,Housing Provisions Part 12.2 — Construction in alpine areas,https://ncc.abcb.gov.au/editions/ncc-2022/adopted/housing-provisions/12-ancillary-provisions/part-122-construction-alpine-areas,2026-08-16T00:00:00+10:00,public_html,not_checked_no_crawl,not_checked,"External trafficable-structure component roles paraphrased; alpine location, geometry and openness rules remain project constraints."
SRC-ABCB-HP-ANCILLARY-SCOPE,1,Australian Building Codes Board,Housing Provisions Part 12.1 — Scope and application of ancillary provisions,https://ncc.abcb.gov.au/editions/ncc-2022/adopted/housing-provisions/12-ancillary-provisions/part-121-scope-and-application-section-12,2026-08-16T00:00:00+10:00,public_full_text,not_checked_no_crawl,not_checked,Public regulatory scope paraphrased; project-specific applicability remains a compliance decision.
SRC-ABCB-HP-BARRIERS-HANDRAILS,1,Australian Building Codes Board,Housing Provisions Part 11.3 — Barriers and handrails,https://ncc.abcb.gov.au/editions/ncc-2022/adopted/housing-provisions/11-safe-movement-and-access/part-113-barriers-and-handrails,2026-08-16T00:00:00+10:00,public_html,not_checked_no_crawl,not_checked,"Barrier, handrail, wire-system and window-protection component roles paraphrased; load, height, opening, tension and deflection values remain authoritative-source constraints."
SRC-ABCB-HP-BUILDING-SEALING,1,Australian Building Codes Board,Housing Provisions Part 13.4 — Building sealing,https://ncc.abcb.gov.au/editions/ncc-2022/adopted/housing-provisions/13-energy-efficiency/part-134-building-sealing,2026-08-16T00:00:00+10:00,public_html,not_checked_no_crawl,not_checked,"Public physical sealing provisions paraphrased; application, climate and service-safety exceptions remain project rules."
SRC-ABCB-HP-CAVITY-MASONRY,1,Australian Building Codes Board,ABCB Housing Provisions Part 5.3 — Cavity masonry,https://ncc.abcb.gov.au/editions/ncc-2022/adopted/housing-provisions/5-masonry/part-53-cavity-masonry,2026-08-16T00:00:00+10:00,public_html,not_checked_no_crawl,not_checked,Regulatory concepts paraphrased; dimensions and tables are not encoded as universal object properties.
SRC-ABCB-HP-CONDENSATION,1,Australian Building Codes Board,Housing Provisions Part 10.8 — Condensation management,https://ncc.abcb.gov.au/editions/ncc-2022/adopted/housing-provisions/10-health-and-amenity/part-108-condensation-management,2026-08-16T00:00:00+10:00,public_html,not_checked_no_crawl,not_checked,"Public condensation-management construction concepts paraphrased; climate thresholds, flow rates and free-open-area values remain versioned rule data."
SRC-ABCB-HP-DECK-WALING,1,Australian Building Codes Board,Housing Provisions Part 12.3 — Attachment of framed decks and balconies using a waling plate,https://ncc.abcb.gov.au/editions/ncc-2022/adopted/housing-provisions/12-ancillary-provisions/part-123-attachment-framed-decks-and-balconies-external-walls-buildings-using,2026-08-16T00:00:00+10:00,public_full_text,not_checked_no_crawl,not_checked,Public construction provisions paraphrased; numerical limits remain project constraints and are not universal object defaults.
SRC-ABCB-HP-EARTHWORKS,1,Australian Building Codes Board,ABCB Housing Provisions Part 3.2 — Earthworks,https://ncc.abcb.gov.au/editions/ncc-2022/adopted/housing-provisions/3-site-preparation/part-32-earthworks,2026-08-16T00:00:00+10:00,public_html,not_checked_no_crawl,not_checked,Used to identify cut-and-fill site elements; requirements are not reproduced as tool rules.
SRC-ABCB-HP-ELECTRICAL-SERVICES,1,Australian Building Codes Board,ABCB Housing Provisions Part 13.7 — Services,https://ncc.abcb.gov.au/editions/ncc-2022/adopted/housing-provisions/13-energy-efficiency/part-137-services,2026-08-16T00:00:00+10:00,public_html,not_checked_no_crawl,not_checked,Used for the national artificial-lighting energy path and the physical scope of fixed lighting; provisions are paraphrased and numerical limits are not made object geometry.
SRC-ABCB-HP-ELECTRICAL-SERVICES-NSW,1,Australian Building Codes Board,ABCB Housing Provisions NSW variation — Part 13.7 Services,https://ncc.abcb.gov.au/editions/ncc-2022/adopted/housing-provisions/5-new-south-wales/137-services,2026-08-16T00:00:00+10:00,public_html,not_checked_no_crawl,not_checked,Used only to preserve the jurisdictional variation affecting the national artificial-lighting provision.
SRC-ABCB-HP-EXTERNAL-GLAZING,1,Australian Building Codes Board,Housing Provisions Part 13.3 — External glazing,https://ncc.abcb.gov.au/editions/ncc-2022/adopted/housing-provisions/13-energy-efficiency/part-133-external-glazing,2026-08-16T00:00:00+10:00,public_html,not_checked_no_crawl,not_checked,External-glazing and shading component families paraphrased; energy calculations and numeric tables are not reproduced.
SRC-ABCB-HP-FACILITIES,1,Australian Building Codes Board,Housing Provisions Part 10.4 — Facilities,https://ncc.abcb.gov.au/editions/ncc-2022/adopted/housing-provisions/10-health-and-amenity/part-104-facilities,2026-08-16T00:00:00+10:00,public_html,not_checked_no_crawl,not_checked,"Public NCC facilities provisions paraphrased; plumbing, gas, electrical, sanitation and local approval requirements remain separate."
SRC-ABCB-HP-FIRE-PROTECTION-SEPARATING,1,Australian Building Codes Board,Housing Provisions Part 9.3 — Fire protection of separating walls and floors,https://ncc.abcb.gov.au/editions/ncc-2022/adopted/housing-provisions/9-fire-safety/part-93-fire-protection-separating-walls-and-floors,2026-08-16T00:00:00+10:00,public_html,not_checked_no_crawl,not_checked,Public regulatory assembly and interface concepts paraphrased; tested-system limits and numeric installation rules remain regulatory or authorised-source inputs.
SRC-ABCB-HP-FIRE-SEPARATION-EXTERNAL,1,Australian Building Codes Board,Housing Provisions Part 9.2 — Fire separation of external walls,https://ncc.abcb.gov.au/editions/ncc-2022/adopted/housing-provisions/9-fire-safety/part-92-fire-separation-external-walls,2026-08-16T00:00:00+10:00,public_html,not_checked_no_crawl,not_checked,Public regulatory object families and geometric relationships paraphrased; distances and construction requirements remain versioned rule metadata.
SRC-ABCB-HP-FOOTINGS,1,Australian Building Codes Board,"ABCB Housing Provisions Part 4.2 — Footings, slabs and associated elements",https://ncc.abcb.gov.au/editions/ncc-2022/adopted/housing-provisions/4-footings-and-slabs/part-42-footings-slabs-and-associated-elements,2026-08-16T00:00:00+10:00,public_html,not_checked_no_crawl,not_checked,"Used to identify fill, footing, slab, reinforcement and membrane objects and verified clause relationships."
SRC-ABCB-HP-FOOTINGS-SCOPE,1,Australian Building Codes Board,ABCB Housing Provisions Part 4.1 — Footings and slabs scope and terminology,https://ncc.abcb.gov.au/editions/ncc-2022/adopted/housing-provisions/4-footings-and-slabs/part-41-scope-and-application-section-4,2026-08-16T00:00:00+10:00,public_html,not_checked_no_crawl,not_checked,Used for labelled footing-and-slab member concepts; definitions are original paraphrases.
SRC-ABCB-HP-FRAMING-SCOPE,1,Australian Building Codes Board,ABCB Housing Provisions Part 6.1 Scope and application of Section 6,https://ncc.abcb.gov.au/editions/ncc-2022/adopted/housing-provisions/6-framing/part-61-scope-and-application-section-6,2026-08-16T00:00:00+10:00,public_html,not_checked_no_crawl,not_checked,Used to verify that detailed timber framing is called up through NCC Volume Two H1D6.
SRC-ABCB-HP-GARAGE-TOP-FIRE,1,Australian Building Codes Board,Housing Provisions Part 9.4 — Fire protection of garage top dwellings,https://ncc.abcb.gov.au/editions/ncc-2022/adopted/housing-provisions/9-fire-safety/part-94-fire-protection-garage-top-dwellings,2026-08-16T00:00:00+10:00,public_html,not_checked_no_crawl,not_checked,"Public wall, floor, ceiling and supporting-element concepts paraphrased; jurisdictional variants and ratings remain rule metadata."
SRC-ABCB-HP-GLASS,1,Australian Building Codes Board,Housing Provisions Part 8.3 — Glass,https://ncc.abcb.gov.au/editions/ncc-2022/adopted/housing-provisions/8-glazing/part-83-glass,2026-08-16T00:00:00+10:00,public_html,not_checked_no_crawl,not_checked,"Glass families, support conditions and assembly components paraphrased; sizing tables and engineering calculations are not encoded."
SRC-ABCB-HP-GLAZING-IMPACT,1,Australian Building Codes Board,Housing Provisions Part 8.4 — Glazing human impact,https://ncc.abcb.gov.au/editions/ncc-2022/adopted/housing-provisions/8-glazing/part-84-glazing-human-impact,2026-08-16T00:00:00+10:00,public_html,not_checked_no_crawl,not_checked,"Physical glazing, marking and protective-member types paraphrased; dimensional limits and tables are not universalized into object defaults."
SRC-ABCB-HP-GLAZING-SCOPE,1,Australian Building Codes Board,Housing Provisions Part 8.1 — Scope and application of glazing provisions,https://ncc.abcb.gov.au/editions/ncc-2022/adopted/housing-provisions/8-glazing/part-81-scope-and-application-section-8,2026-08-16T00:00:00+10:00,public_html,not_checked_no_crawl,not_checked,Scope and object-family distinctions paraphrased; no tables or figures reproduced.
SRC-ABCB-HP-GUTTERS-DOWNPIPES,1,Australian Building Codes Board,Housing Provisions Part 7.4 — Gutters and downpipes,https://ncc.abcb.gov.au/editions/ncc-2022/adopted/housing-provisions/7-roof-and-wall-cladding/part-74-gutters-and-downpipes,2026-08-16T00:00:00+10:00,public_html,not_checked_no_crawl,not_checked,"Gutter, downpipe, support and overflow object families paraphrased; rainfall, sizing and capacity tables are not reproduced."
SRC-ABCB-HP-HEATING-APPLIANCES,1,Australian Building Codes Board,"Housing Provisions Part 12.4 — Heating appliances, fireplaces, chimneys and flues",https://ncc.abcb.gov.au/editions/ncc-2022/adopted/housing-provisions/12-ancillary-provisions/part-124-heating-appliances-fireplaces-chimneys-and-flues,2026-08-16T00:00:00+10:00,public_full_text,not_checked_no_crawl,not_checked,Public construction provisions and figures paraphrased; tested appliance clearances and installation instructions remain selected-system evidence.
SRC-ABCB-HP-LIGHT,1,Australian Building Codes Board,Housing Provisions Part 10.5 — Light,https://ncc.abcb.gov.au/editions/ncc-2022/adopted/housing-provisions/10-health-and-amenity/part-105-light,2026-08-16T00:00:00+10:00,public_html,not_checked_no_crawl,not_checked,Public NCC lighting provisions paraphrased; area calculations and performance results are not copied into physical objects.
SRC-ABCB-HP-MASONRY-COMPONENTS,1,Australian Building Codes Board,ABCB Housing Provisions Part 5.6 — Masonry components and accessories,https://ncc.abcb.gov.au/editions/ncc-2022/adopted/housing-provisions/5-masonry/part-56-masonry-components-and-accessories,2026-08-16T00:00:00+10:00,public_html,not_checked_no_crawl,not_checked,"Regulatory concepts paraphrased; recipes, dimensions and tables are not reproduced."
SRC-ABCB-HP-MASONRY-PIERS,1,Australian Building Codes Board,ABCB Housing Provisions Part 5.5 — Isolated piers,https://ncc.abcb.gov.au/editions/ncc-2022/adopted/housing-provisions/5-masonry/part-55-isolated-piers,2026-08-16T00:00:00+10:00,public_html,not_checked_no_crawl,not_checked,Regulatory concepts paraphrased; dimensions and tables are not encoded as universal object properties.
SRC-ABCB-HP-MASONRY-SCOPE,1,Australian Building Codes Board,ABCB Housing Provisions Part 5.1 — Scope and application of Section 5,https://ncc.abcb.gov.au/editions/ncc-2022/adopted/housing-provisions/5-masonry/part-51-scope-and-application-section-5,2026-08-16T00:00:00+10:00,public_html,not_checked_no_crawl,not_checked,Regulatory concepts paraphrased; clause text not reproduced.
SRC-ABCB-HP-MASONRY-VENEER,1,Australian Building Codes Board,ABCB Housing Provisions Part 5.2 — Masonry veneer,https://ncc.abcb.gov.au/editions/ncc-2022/adopted/housing-provisions/5-masonry/part-52-masonry-veneer,2026-08-16T00:00:00+10:00,public_html,not_checked_no_crawl,not_checked,Regulatory concepts paraphrased; dimensions and tables are not encoded as universal object properties.
SRC-ABCB-HP-MASONRY-WEATHERPROOFING,1,Australian Building Codes Board,ABCB Housing Provisions Part 5.7 — Weatherproofing of masonry,https://ncc.abcb.gov.au/editions/ncc-2022/adopted/housing-provisions/5-masonry/part-57-weatherproofing-masonry,2026-08-16T00:00:00+10:00,public_html,not_checked_no_crawl,not_checked,Regulatory concepts paraphrased; dimensions and tables are not encoded as universal object properties.
SRC-ABCB-HP-MECHANICAL-SERVICES,1,Australian Building Codes Board,ABCB Housing Provisions Part 13.7 — Services: hydronic piping and heating and cooling ductwork,https://ncc.abcb.gov.au/editions/ncc-2022/adopted/housing-provisions/13-energy-efficiency/part-137-services,2026-08-16T00:00:00+10:00,public_html,not_checked_no_crawl,not_checked,"Hydronic-pipe insulation, duct insulation, duct sealing and service-control requirements paraphrased; numerical requirements remain clause data rather than default object dimensions."
SRC-ABCB-HP-REFERENCED-DOCS,1,Australian Building Codes Board,ABCB Housing Provisions — Schedule 2 Referenced documents,https://ncc.abcb.gov.au/editions/ncc-2022/adopted/housing-provisions/2-referenced-documents/referenced-documents,2026-08-16T00:00:00+10:00,public_html,not_checked_no_crawl,not_checked,"Standard number, date, title and NCC reference metadata only."
SRC-ABCB-HP-ROOF-SECTION,1,Australian Building Codes Board,Housing Provisions Part 7.1 — Scope and application of Section 7,https://ncc.abcb.gov.au/editions/ncc-2022/adopted/housing-provisions/7-roof-and-wall-cladding/part-71-scope-and-application-section-7,2026-08-16T00:00:00+10:00,public_html,not_checked_no_crawl,not_checked,"Section scope paraphrased; no tables, figures or prescriptive text reproduced."
SRC-ABCB-HP-ROOF-TILES,1,Australian Building Codes Board,Housing Provisions Part 7.3 — Roof tiles and shingles,https://ncc.abcb.gov.au/editions/ncc-2022/adopted/housing-provisions/7-roof-and-wall-cladding/part-73-roof-tiles-and-shingles,2026-08-16T00:00:00+10:00,public_html,not_checked_no_crawl,not_checked,"Tile, capping, fixing, flashing, sarking and anti-ponding concepts paraphrased; numeric requirements and figures are not reproduced."
SRC-ABCB-HP-ROOM-HEIGHTS,1,Australian Building Codes Board,Housing Provisions Part 10.3 — Room heights,https://ncc.abcb.gov.au/editions/ncc-2022/adopted/housing-provisions/10-health-and-amenity/part-103-room-heights,2026-08-16T00:00:00+10:00,public_html,not_checked_no_crawl,not_checked,Public NCC provisions paraphrased; exact measurements and jurisdiction variations remain current-code inputs.
SRC-ABCB-HP-ROOM-VENTILATION,1,Australian Building Codes Board,Housing Provisions Part 10.6 — Ventilation,https://ncc.abcb.gov.au/editions/ncc-2022/adopted/housing-provisions/10-health-and-amenity/part-106-ventilation,2026-08-16T00:00:00+10:00,public_html,not_checked_no_crawl,not_checked,Public room-ventilation routes paraphrased; opening-area and mechanical-design requirements remain regulatory inputs.
SRC-ABCB-HP-SHEET-ROOFING,1,Australian Building Codes Board,Housing Provisions Part 7.2 — Sheet roofing,https://ncc.abcb.gov.au/editions/ncc-2022/adopted/housing-provisions/7-roof-and-wall-cladding/part-72-sheet-roofing,2026-08-16T00:00:00+10:00,public_html,not_checked_no_crawl,not_checked,"Physical sheets, fixings, laps, flashings, cappings and penetration concepts paraphrased; numeric tables and figures are not reproduced."
SRC-ABCB-HP-SINGLE-LEAF-MASONRY,1,Australian Building Codes Board,ABCB Housing Provisions Part 5.4 — Unreinforced single-leaf masonry,https://ncc.abcb.gov.au/editions/ncc-2022/adopted/housing-provisions/5-masonry/part-54-unreinforced-single-leaf-masonry,2026-08-16T00:00:00+10:00,public_html,not_checked_no_crawl,not_checked,Regulatory concepts paraphrased; dimensions and tables are not encoded as universal object properties.
SRC-ABCB-HP-SITE-DRAINAGE,1,Australian Building Codes Board,ABCB Housing Provisions Part 3.3 — Drainage,https://ncc.abcb.gov.au/editions/ncc-2022/adopted/housing-provisions/3-site-preparation/part-33-drainage,2026-08-16T00:00:00+10:00,public_html,not_checked_no_crawl,not_checked,Used to identify physical drainage systems and components; concepts are paraphrased.
SRC-ABCB-HP-SITE-SCOPE,1,Australian Building Codes Board,ABCB Housing Provisions Part 3.1 — Site preparation scope,https://ncc.abcb.gov.au/editions/ncc-2022/adopted/housing-provisions/3-site-preparation/part-31-scope-and-application-section-3,2026-08-16T00:00:00+10:00,public_html,not_checked_no_crawl,not_checked,Used for regulatory scope and clause metadata; concepts are paraphrased.
SRC-ABCB-HP-SMOKE-ALARMS,1,Australian Building Codes Board,Housing Provisions Part 9.5 — Smoke alarms and evacuation lighting,https://ncc.abcb.gov.au/editions/ncc-2022/adopted/housing-provisions/9-fire-safety/part-95-smoke-alarms-and-evacuation-lighting,2026-08-16T00:00:00+10:00,public_html,not_checked_no_crawl,not_checked,"Public alarm, location and evacuation-lighting requirements paraphrased; jurisdictional variations are not collapsed into one national product rule."
SRC-ABCB-HP-SOUND-INSULATION,1,Australian Building Codes Board,Housing Provisions Part 10.7 — Sound insulation,https://ncc.abcb.gov.au/editions/ncc-2022/adopted/housing-provisions/10-health-and-amenity/part-107-sound-insulation,2026-08-16T00:00:00+10:00,public_html,not_checked_no_crawl,not_checked,Public NCC construction provisions paraphrased; exact prescriptive dimensions and acoustic ratings remain versioned compliance data.
SRC-ABCB-HP-STAIR-RAMP,1,Australian Building Codes Board,Housing Provisions Part 11.2 — Stairway and ramp construction,https://ncc.abcb.gov.au/editions/ncc-2022/adopted/housing-provisions/11-safe-movement-and-access/part-112-stairway-and-ramp-construction,2026-08-16T00:00:00+10:00,public_html,not_checked_no_crawl,not_checked,"Stair, ramp, landing, threshold and slip-treatment object roles paraphrased; tables, dimensions and measurement rules remain authoritative-source constraints."
SRC-ABCB-HP-STRUCTURAL,1,Australian Building Codes Board,ABCB Housing Provisions Part 2.2 Structural provisions,https://ncc.abcb.gov.au/editions/ncc-2022/adopted/housing-provisions/2-structure/part-22-structural-provisions,2026-08-16T00:00:00+10:00,public_html,not_checked_no_crawl,not_checked,"Used for the structural reference chain, not copied requirements."
SRC-ABCB-HP-STRUCTURAL-STEEL,1,Australian Building Codes Board,Housing Provisions Part 6.3 — Structural steel members,https://ncc.abcb.gov.au/editions/ncc-2022/adopted/housing-provisions/6-framing/part-63-structural-steel-members,2026-08-16T00:00:00+10:00,public_html,not_checked_no_crawl,not_checked,"Physical member roles, connection families, bearing, penetration and corrosion-protection concepts paraphrased; tables, figures and prescriptive values are not reproduced."
SRC-ABCB-HP-SUBFLOOR-VENTILATION,1,Australian Building Codes Board,Housing Provisions Part 6.2 — Subfloor ventilation,https://ncc.abcb.gov.au/editions/ncc-2022/adopted/housing-provisions/6-framing/part-62-subfloor-ventilation,2026-08-16T00:00:00+10:00,public_html,not_checked_no_crawl,not_checked,Public subfloor-space and cross-ventilation concepts paraphrased; climatic-zone areas and clearance tables remain versioned rule data.
SRC-ABCB-HP-TERMITE,1,Australian Building Codes Board,ABCB Housing Provisions Part 3.4 — Termite risk management,https://ncc.abcb.gov.au/editions/ncc-2022/adopted/housing-provisions/3-site-preparation/part-34-termite-risk-management,2026-08-16T00:00:00+10:00,public_html,not_checked_no_crawl,not_checked,"Used to identify termite-management assemblies, generic component classes and the durable notice."
SRC-ABCB-HP-THERMAL-FABRIC,1,Australian Building Codes Board,Housing Provisions Part 13.2 — Building fabric,https://ncc.abcb.gov.au/editions/ncc-2022/adopted/housing-provisions/13-energy-efficiency/part-132-building-fabric,2026-08-16T00:00:00+10:00,public_html,not_checked_no_crawl,not_checked,"Public insulation, continuity and thermal-break concepts paraphrased; R-values, tables and calculation methods are not converted into universal defaults."
SRC-ABCB-HP-WALL-CLADDING,1,Australian Building Codes Board,Housing Provisions Part 7.5 — Timber and composite wall cladding,https://ncc.abcb.gov.au/editions/ncc-2022/adopted/housing-provisions/7-roof-and-wall-cladding/part-75-timber-and-composite-wall-cladding,2026-08-16T00:00:00+10:00,public_html,not_checked_no_crawl,not_checked,"Physical cladding families, profiles, fixings, supports, flashings, clearances and cappings paraphrased; numeric tables and figures are not reproduced."
SRC-ABCB-HP-WET-AREA-WATERPROOFING,1,Australian Building Codes Board,Housing Provisions Part 10.2 — Wet area waterproofing,https://ncc.abcb.gov.au/editions/ncc-2022/adopted/housing-provisions/10-health-and-amenity/part-102-wet-area-waterproofing,2026-08-16T00:00:00+10:00,public_html,not_checked_no_crawl,not_checked,"Physical systems, substrates, surface materials, junctions, drains and shower or bath components paraphrased; numeric requirements remain regulatory metadata rather than universal object dimensions."
SRC-ABCB-HP-WINDOW-PROTECTION,1,Australian Building Codes Board,Housing Provisions Part 11.3 — Protection of openable windows,https://ncc.abcb.gov.au/editions/ncc-2022/adopted/housing-provisions/11-safe-movement-and-access/part-113-barriers-and-handrails,2026-08-16T00:00:00+10:00,public_html,not_checked_no_crawl,not_checked,"Physical restrictor, screen, release-mechanism and barrier types paraphrased; threshold dimensions and force rules remain project constraints."
SRC-ABCB-HP-WINDOWS-DOORS,1,Australian Building Codes Board,Housing Provisions Part 8.2 — Windows and external glazed doors,https://ncc.abcb.gov.au/editions/ncc-2022/adopted/housing-provisions/8-glazing/part-82-windows-and-external-glazed-doors,2026-08-16T00:00:00+10:00,public_html,not_checked_no_crawl,not_checked,"Installation components and physical relationships paraphrased; explanatory dimensions are retained only as project checks, not universal object geometry."
SRC-ABCB-LEAD-FREE-PLUMBING,1,Australian Building Codes Board,Lead free plumbing products,https://www.abcb.gov.au/ncc-navigator/lead-free-plumbing-products,2026-08-16T00:00:00+10:00,public_html,not_checked_no_crawl,not_checked,Regulatory transition and marking metadata paraphrased.
SRC-ABCB-LIVABLE-HOUSING-HANDBOOK,1,Australian Building Codes Board,ABCB Livable Housing Design Handbook 2022 version 1.1,https://www.abcb.gov.au/sites/default/files/resources/2023/Livable-Housing-Design-handbook-2022-1.1.pdf,2026-08-16T00:00:00+10:00,public_pdf,not_checked_no_crawl,not_checked,Public explanatory guidance paraphrased; the NCC and ABCB Standard remain controlling and illustrated layouts are not copied.
SRC-ABCB-LIVABLE-HOUSING-STANDARD,1,Australian Building Codes Board,ABCB Standard for Livable Housing Design 2022 version 1.3,https://www.abcb.gov.au/sites/default/files/resources/2023/Livable-Housing-Design-Standard-2022-1.3.pdf,2026-08-16T00:00:00+10:00,public_pdf,not_checked_no_crawl,not_checked,Public ABCB referenced standard used under its stated licence; physical construction and measurement concepts paraphrased without reproducing figures as derivative artwork.
SRC-ABCB-METAL-WALL-CLADDING-GUIDANCE,1,Australian Building Codes Board,Use of AS 1562.1 for metal wall cladding panel systems,https://ncc.abcb.gov.au/news/2023/use-15621-demonstrating-weatherproofing-compliance-metal-wall-cladding-panel-systems,2026-08-16T00:00:00+10:00,public_html,not_checked_no_crawl,not_checked,Regulatory scope distinction paraphrased; no standard content is reproduced.
SRC-ABCB-NCC-AMENDMENT-2,1,Australian Building Codes Board,NCC 2022 Amendment 2,https://ncc.abcb.gov.au/sites/default/files/resources/2025/NCC%202022%20Amdt%202_0.pdf,2026-08-16T00:00:00+10:00,public_pdf,not_checked_no_crawl,not_checked,Used to verify the effective Schedule 2 reference to AS 1428.1:2021.
SRC-ABCB-NCC-EDITIONS,1,Australian Building Codes Board,Editions of the National Construction Code,https://ncc.abcb.gov.au/editions-national-construction-code,2026-08-16T00:00:00+10:00,public_html,not_checked_no_crawl,not_checked,Edition metadata only.
SRC-ABCB-NT-HP-SOUND-INSULATION,1,Australian Building Codes Board / Northern Territory,Northern Territory Housing Provisions Part 10.7 — Sound insulation,https://ncc.abcb.gov.au/editions/ncc-2022/adopted/housing-provisions/6-northern-territory/107-sound-insulation,2026-08-16T00:00:00+10:00,public_html,not_checked_no_crawl,not_checked,"Public jurisdiction variation paraphrased; current NT legislation, edition and approval path remain controlling."
SRC-ABCB-PRIVATE-BUSHFIRE-SHELTER-STANDARD,1,Australian Building Codes Board,Performance Standard for Private Bushfire Shelters,https://ncc.abcb.gov.au/sites/default/files/resources/2022/Performance-standard-private-bushfire-shelters.pdf,2026-08-16T00:00:00+10:00,public_pdf,not_checked_no_crawl,not_checked,Public performance guidance paraphrased; the catalogue does not provide a prescriptive compliant shelter design.
SRC-ABCB-SANITARY-COMPARTMENT-DOORS,1,Australian Building Codes Board,Construction of sanitary compartments,https://ncc.abcb.gov.au/news/2019/construction-sanitary-compartments,2026-08-16T00:00:00+10:00,public_html,not_checked_no_crawl,not_checked,Public explanatory guidance paraphrased; the adopted NCC and project jurisdiction remain controlling.
SRC-ABCB-SOUND-HANDBOOK-2022,1,Australian Building Codes Board,Sound transmission and insulation in buildings handbook — NCC 2022,https://ncc.abcb.gov.au/sites/default/files/resources/2024/sound-transmission-handbook-2022-Final-06-2024.pdf,2026-08-16T00:00:00+10:00,public_pdf,not_checked_no_crawl,not_checked,"Public ABCB handbook used for original object extraction and plain-English coordination guidance; figures, tables and extended text are not reproduced."
SRC-ABCB-STAIRS-BARRIERS-FAQ,1,Australian Building Codes Board,"Stairways, barriers and handrails — NCC frequently asked questions",https://ncc.abcb.gov.au/faq/stairways-barriers-and-handrails,2026-08-16T00:00:00+10:00,public_html,not_checked_no_crawl,not_checked,Public ABCB explanatory answers paraphrased; the NCC and project approvals remain controlling.
SRC-ABCB-THERMAL-BRIDGING-GUIDE,1,Australian Building Codes Board,Understanding the NCC — Thermal bridging in residential buildings,https://ncc.abcb.gov.au/sites/default/files/resources/2024/UTNCC%20Thermal-bridging-residential-buildings-NCC%202022.pdf,2026-08-16T00:00:00+10:00,public_pdf,not_checked_no_crawl,not_checked,Public explanatory guidance paraphrased; calculation methods and prescribed values remain authoritative rule inputs.
SRC-ABCB-V2-A5-PAINTING-BOUNDARY,1,Australian Building Codes Board,NCC Volume Two Part A5 — documentation boundary for painting,https://ncc.abcb.gov.au/editions/ncc-2022/adopted/volume-two/a-governing-requirements/part-a5-documentation-design-and-construction,2026-08-16T00:00:00+10:00,public_html,not_checked_no_crawl,not_checked,Public regulatory boundary paraphrased; no NCC clause text is reproduced.
SRC-ABCB-V2-H1-FRAMING,1,Australian Building Codes Board,NCC Volume Two Part H1 — H1D6 Framing,https://ncc.abcb.gov.au/editions/ncc-2022/adopted/volume-two/h-class-1-and-10-buildings/part-h1-structure,2026-08-16T00:00:00+10:00,public_html,not_checked_no_crawl,not_checked,Regulatory pathways and framing families paraphrased; design tables and figures are not reproduced.
SRC-ABCB-V2-H1-GLAZING,1,Australian Building Codes Board,NCC Volume Two H1D8 — Glazing,https://ncc.abcb.gov.au/editions/ncc-2022/adopted/volume-two/h-class-1-and-10-buildings/part-h1-structure,2026-08-16T00:00:00+10:00,public_html,not_checked_no_crawl,not_checked,"Regulatory pathways, covered assembly families and scope exclusions paraphrased; licensed standards are not reproduced."
SRC-ABCB-V2-H1-PARTICLEBOARD-FLOORING,1,Australian Building Codes Board,NCC Volume Two Part H1 — particleboard structural flooring path,https://ncc.abcb.gov.au/editions/ncc-2022/adopted/volume-two/h-class-1-and-10-buildings/part-h1-structure,2026-08-16T00:00:00+10:00,public_html,not_checked_no_crawl,not_checked,The public NCC reference path is paraphrased; licensed standards content and project design values are not reproduced.
SRC-ABCB-V2-H1-ROOF-CLADDING,1,Australian Building Codes Board,NCC Volume Two Part H1 — H1D7 Roof and wall cladding,https://ncc.abcb.gov.au/editions/ncc-2022/adopted/volume-two/h-class-1-and-10-buildings/part-h1-structure,2026-08-16T00:00:00+10:00,public_html,not_checked_no_crawl,not_checked,"Regulatory pathways, material families and assembly scope paraphrased; test sequences, figures and licensed standard content are not reproduced."
SRC-ABCB-V2-H1-STRUCTURE,1,Australian Building Codes Board,NCC Volume Two Part H1 — Structure,https://ncc.abcb.gov.au/editions/ncc-2022/adopted/volume-two/h-class-1-and-10-buildings/part-h1-structure,2026-08-16T00:00:00+10:00,public_html,not_checked_no_crawl,not_checked,"Used to verify structural pathways and the boundary between prescriptive Housing Provisions work and engineered concrete, piling and prefabricated systems; requirements are not reproduced."
SRC-ABCB-V2-H2-WEATHERPROOFING,1,Australian Building Codes Board,NCC Volume Two Part H2 — Damp and weatherproofing,https://ncc.abcb.gov.au/editions/ncc-2022/adopted/volume-two/h-class-1-and-10-buildings/part-h2-damp-and-weatherproofing,2026-08-16T00:00:00+10:00,public_html,not_checked_no_crawl,not_checked,"Weatherproofing performance, direct-fix and cavity-wall distinctions, joints and interface families paraphrased; verification test procedures and numeric values are not encoded."
SRC-ABCB-V2-H2D8-EXTERNAL-WATERPROOFING,1,Australian Building Codes Board,NCC 2022 Volume Two Part H2 — H2D8 External waterproofing,https://ncc.abcb.gov.au/editions/ncc-2022/adopted/volume-two/h-class-1-and-10-buildings/part-h2-damp-and-weatherproofing,2026-08-17T00:00:00+10:00,public_full_text,not_checked_no_crawl,not_checked,"Public NCC requirements and explanatory information paraphrased. Exact compliance requires the adopted NCC, jurisdictional variations and licensed standards."
SRC-ABCB-V2-H3-FIRE-SAFETY,1,Australian Building Codes Board,NCC Volume Two Part H3 — Fire safety,https://ncc.abcb.gov.au/editions/ncc-2022/adopted/volume-two/h-class-1-and-10-buildings/part-h3-fire-safety,2026-08-16T00:00:00+10:00,public_html,not_checked_no_crawl,not_checked,Public performance requirements and Deemed-to-Satisfy routing paraphrased; regulatory text is not reproduced in the ontology.
SRC-ABCB-V2-H4-WET-AREAS,1,Australian Building Codes Board,NCC Volume Two Part H4 — Health and amenity,https://ncc.abcb.gov.au/editions/ncc-2022/adopted/volume-two/h-class-1-and-10-buildings/part-h4-health-and-amenity,2026-08-16T00:00:00+10:00,public_html,not_checked_no_crawl,not_checked,Regulatory pathways and physical wet-area component concepts paraphrased under the NCC public licence; no substantial standard text is reproduced.
SRC-ABCB-V2-H5-SAFE-MOVEMENT,1,Australian Building Codes Board,NCC Volume Two Part H5 — Safe movement and access,https://ncc.abcb.gov.au/editions/ncc-2022/adopted/volume-two/h-class-1-and-10-buildings/part-h5-safe-movement-and-access,2026-08-16T00:00:00+10:00,public_html,not_checked_no_crawl,not_checked,"Performance intent, physical construction families and draw-versus-constraint boundary paraphrased; regulatory thresholds remain authoritative-source inputs."
SRC-ABCB-V2-H6-ENERGY,1,Australian Building Codes Board,NCC Volume Two Part H6 — Energy efficiency,https://ncc.abcb.gov.au/editions/ncc-2022/adopted/volume-two/h-class-1-and-10-buildings/part-h6-energy-efficiency,2026-08-16T00:00:00+10:00,public_html,not_checked_no_crawl,not_checked,"Public regulatory pathways and performance concepts paraphrased; rating methods, numeric criteria and jurisdictional variants remain authoritative-source inputs."
SRC-ABCB-V2-H7-ANCILLARY,1,Australian Building Codes Board,NCC 2022 Volume Two Part H7 — Ancillary provisions and additional construction requirements,https://ncc.abcb.gov.au/editions/ncc-2022/adopted/volume-two/h-class-1-and-10-buildings/part-h7-ancillary-provisions-and-additional-construction-requirements,2026-08-16T00:00:00+10:00,public_full_text,not_checked_no_crawl,not_checked,Public regulatory requirements and explanatory information paraphrased; jurisdiction variations and project applicability must be checked against the adopted NCC edition.
SRC-ABCB-V2-H8-LIVABLE,1,Australian Building Codes Board,NCC Volume Two Part H8 — Livable housing design,https://ncc.abcb.gov.au/editions/ncc-2022/adopted/volume-two/h-class-1-and-10-buildings/part-h8-livable-housing-design,2026-08-16T00:00:00+10:00,public_html,not_checked_no_crawl,not_checked,"Performance intent, application, exemptions and jurisdiction-sensitive regulatory path paraphrased; current adopted editions and local variations remain project inputs."
SRC-ABCB-V3-B1-COLD-WATER,1,Australian Building Codes Board,NCC 2022 Volume Three Part B1 Cold water services,https://www.abcb.gov.au/editions/ncc-2022/adopted/volume-three/b-water-services/part-b1-cold-water-services,2026-08-16T00:00:00+10:00,public_html,not_checked_no_crawl,not_checked,Regulatory scope and physical service relationships paraphrased under the NCC public licence.
SRC-ABCB-V3-B2-HEATED-WATER,1,Australian Building Codes Board,NCC 2022 Volume Three Part B2 Heated water services,https://www.abcb.gov.au/editions/ncc-2022/adopted/volume-three/b-water-services/part-b2-heated-water-services,2026-08-16T00:00:00+10:00,public_html,not_checked_no_crawl,not_checked,Regulatory scope and component roles paraphrased; no Australian Standard text reproduced.
SRC-ABCB-V3-B3-NONDRINKING,1,Australian Building Codes Board,NCC 2022 Volume Three Part B3 Non-drinking water services,https://www.abcb.gov.au/editions/ncc-2022/adopted/volume-three/b-water-services/part-b3-non-drinking-water-services,2026-08-16T00:00:00+10:00,public_html,not_checked_no_crawl,not_checked,Regulatory scope and identification concepts paraphrased.
SRC-ABCB-V3-B5-BACKFLOW,1,Australian Building Codes Board,NCC 2022 Volume Three Part B5 Cross-connection control,https://www.abcb.gov.au/editions/ncc-2022/adopted/volume-three/b-water-services/part-b5-cross-connection-control,2026-08-16T00:00:00+10:00,public_html,not_checked_no_crawl,not_checked,"Regulatory protection concepts paraphrased; hazard ratings retained as metadata, not objects."
SRC-ABCB-V3-B6-RAINWATER-SERVICE,1,Australian Building Codes Board,NCC 2022 Volume Three Part B6 Rainwater services,https://www.abcb.gov.au/editions/ncc-2022/adopted/volume-three/b-water-services/part-b6-rainwater-services,2026-08-16T00:00:00+10:00,public_html,not_checked_no_crawl,not_checked,"Regulatory scope, identification and isolation relationships paraphrased."
SRC-ABCB-V3-B7-RAINWATER-STORAGE,1,Australian Building Codes Board,NCC 2022 Volume Three Part B7 Rainwater storage,https://www.abcb.gov.au/editions/ncc-2022/adopted/volume-three/b-water-services/part-b7-rainwater-storage,2026-08-16T00:00:00+10:00,public_html,not_checked_no_crawl,not_checked,Regulatory storage boundary and system relationships paraphrased.
SRC-ABCB-V3-C1-SANITARY-PLUMBING,1,Australian Building Codes Board,NCC 2022 Volume Three Part C1 Sanitary plumbing systems,https://www.abcb.gov.au/editions/ncc-2022/adopted/volume-three/c-sanitary-plumbing-and-drainage-systems/part-c1-sanitary-plumbing-systems,2026-08-16T00:00:00+10:00,public_html,not_checked_no_crawl,not_checked,Regulatory system boundary and functions paraphrased; no AS/NZS 3500 text copied.
SRC-ABCB-V3-C2-SANITARY-DRAINAGE,1,Australian Building Codes Board,NCC 2022 Volume Three Part C2 Sanitary drainage systems,https://www.abcb.gov.au/editions/ncc-2022/adopted/volume-three/c-sanitary-plumbing-and-drainage-systems/part-c2-sanitary-drainage-systems,2026-08-16T00:00:00+10:00,public_html,not_checked_no_crawl,not_checked,Regulatory system boundary and physical access concepts paraphrased.
SRC-ABCB-V3-C3-ONSITE-WASTEWATER,1,Australian Building Codes Board,NCC 2022 Volume Three Part C3 On-site wastewater management,https://www.abcb.gov.au/editions/ncc-2022/adopted/volume-three/c-sanitary-plumbing-and-drainage-systems/part-c3-site-wastewater-management,2026-08-16T00:00:00+10:00,public_html,not_checked_no_crawl,not_checked,System families and physical boundaries paraphrased; treatment performance remains metadata.
SRC-ABCB-V3-REFERENCED-DOCS,1,Australian Building Codes Board,NCC 2022 Volume Three — Schedule 2 Referenced documents,https://www.abcb.gov.au/editions/ncc-2022/adopted/volume-three/2-referenced-documents/referenced-documents,2026-08-16T00:00:00+10:00,public_html,not_checked_no_crawl,not_checked,"Used for document designations, editions, titles and NCC call-up locations only."
SRC-ABCB-V3-SPEC41-BACKFLOW,1,Australian Building Codes Board,NCC 2022 Volume Three Specification 41 Cross-connection hazards,https://www.abcb.gov.au/editions/ncc-2022/adopted/volume-three/b-water-services/41-cross-connection-hazards,2026-08-16T00:00:00+10:00,public_html,not_checked_no_crawl,not_checked,Used to distinguish physical protection devices from assessed hazard and protection type metadata.
SRC-ABCB-WALL-LINING-ATTACHMENTS,1,Australian Building Codes Board,"Skirting boards, power points, architraves — are these part of a wall?",https://ncc.abcb.gov.au/news/2020/skirting-boards-power-points-architraves-are-these-part-wall,2026-08-16T00:00:00+10:00,public_html,not_checked_no_crawl,not_checked,Public NCC explanatory guidance paraphrased; no regulatory text reproduced.
SRC-ABCB-WATERMARK-BACKFLOW-VALVES,1,Australian Building Codes Board — WaterMark,WaterMark Schedule of Products — backflow prevention valves,https://watermark.abcb.gov.au/schedule-products-valves-backflow-prevention,2026-08-16T00:00:00+10:00,public_html,not_checked_no_crawl,not_checked,Device-family names and product-standard metadata paraphrased.
SRC-ABCB-WATERMARK-SCHEDULE,1,Australian Building Codes Board — WaterMark,WaterMark Schedule of Products,https://watermark.abcb.gov.au/certification/schedule-products,2026-08-16T00:00:00+10:00,public_html,not_checked_no_crawl,not_checked,"Product category, certification and referenced specification metadata only."
SRC-ABCB-WATERMARK-VALVES-GENERAL,1,Australian Building Codes Board — WaterMark,WaterMark Schedule of Products — general valves,https://watermark.abcb.gov.au/schedule-products-valves-general,2026-08-16T00:00:00+10:00,public_html,not_checked_no_crawl,not_checked,Valve-family scope and product-standard metadata paraphrased.
SRC-ABCB-WATERPROOFING-HOUSES,1,Australian Building Codes Board,Waterproofing in houses,https://ncc.abcb.gov.au/ncc-navigator/waterproofing-houses,2026-08-16T00:00:00+10:00,public_html,not_checked_no_crawl,not_checked,Public explanatory guidance paraphrased for regulatory routing and fall-to-waste context.
SRC-ACMA-CABLING-STANDARDS,1,Australian Communications and Media Authority,Australian cabling standards and customer cabling rules,https://www.acma.gov.au/australian-cabling-standards,2026-08-16T00:00:00+10:00,public_html,not_checked_no_crawl,not_checked,"Regulatory instruments, standard designations and customer-cabling scope paraphrased; Communications Alliance standards text is not reproduced."
SRC-ACT-NCC2022-IMPLEMENTATION,1,ACT Government,NCC 2022 industry information paper — Building Code of Australia,https://www.planning.act.gov.au/__data/assets/pdf_file/0005/2324147/NCC-2022-Industry-Information-Paper-Building-Code-of-Australia.pdf,2026-08-16T00:00:00+10:00,public_pdf,not_checked_no_crawl,not_checked,"Public ACT implementation guidance paraphrased; the ACT appendix, determinations and project approval remain controlling."
SRC-AGDA-ABOUT,2,Australian Garage Door Association,Australian Garage Door Association industry scope,https://agda.org.au/about-agda/,2026-08-17T00:00:00+10:00,public_html,not_checked_no_crawl,not_checked,"Industry-association context for garage-door manufacture, installation, automation, service and safety; it supplies no universal product dimensions or capacities."
SRC-AGWA-BARRIER-GLAZING,2,Australian Glass and Window Association,AGWA guide to glass and glazing — balustrades and barrier glazing,https://www.agwa.com.au/common/Uploaded%20files/AGWA/Technical/AGWA%20Guides/AGWA-Guide-Glazing.pdf,2026-08-16T00:00:00+10:00,public_pdf,not_checked_no_crawl,not_checked,"Public Australian industry guidance and physical barrier-glazing terminology paraphrased; glass selection, engineering and installation remain AS 1288 and project inputs."
SRC-AGWA-COMPLIANCE-FAQ,2,Australian Glass and Window Association,Compliance and accreditation FAQs,https://www.agwa.com.au/AGWA/Content/FAQs/Compliance-and-Accreditation.aspx,2026-08-16T00:00:00+10:00,public_html,not_checked_no_crawl,not_checked,AS 2047 scope and test-family summaries paraphrased; test methods and pass criteria are not reproduced.
SRC-AGWA-FENESTRATION-TERMS,2,Australian Glass and Window Association,The AGWA Book of Fenestration Terms,https://agwa.com.au/common/Uploaded%20files/AGWA/Technical/Consumers/AGWA%20Book%20of%20Fenestration%20Terms.pdf,2026-08-16T00:00:00+10:00,public_pdf,not_checked_no_crawl,not_checked,Generic physical terms and relationships paraphrased; performance values and copyrighted illustrations are not reproduced.
SRC-AGWA-GLASS-GLAZING-GUIDE,2,Australian Glass and Window Association,A Guide to Glass and Glazing,https://www.agwa.com.au/common/Uploaded%20files/AGWA/Technical/AGWA%20Guides/AGWA-Guide-Glazing.pdf,2026-08-16T00:00:00+10:00,public_pdf,not_checked_no_crawl,not_checked,"Generic glass and glazing object families paraphrased; standard tables, sizing rules and figures are not reproduced."
SRC-AGWA-IGU-DRAINAGE,2,Australian Glass and Window Association,AS/NZS 4666 insulated glass unit drainage technical fact sheet,https://www.agwa.com.au/common/Uploaded%20files/AGWA/Technical/Technical%20Fact%20Sheets/AGWA%20TFS%20IGU%20Drainage.pdf,2026-08-16T00:00:00+10:00,public_pdf,not_checked_no_crawl,not_checked,"Public industry guidance paraphrased for generic IGU make-up, support, drainage and edge-seal protection; no licensed standard text is reproduced."
SRC-AGWA-RESIDENTIAL-INSTALLATION,2,Australian Glass and Window Association,A Guide to Residential Installation,https://agwa.com.au/common/Uploaded%20files/AGWA/Technical/AGWA%20Guides/AGWA-Guide-Installation.pdf,2026-08-16T00:00:00+10:00,public_pdf,not_checked_no_crawl,not_checked,"Generic installation components and relationships paraphrased; proprietary details, fixing schedules and dimensions are not encoded as universal rules."
SRC-AGWA-SELECTING-GLASS-WINDOWS,2,Australian Glass and Window Association,Selecting glass and windows for your home,https://www.agwa.com.au/Consumers/02Selection.aspx,2026-08-16T00:00:00+10:00,public_html,not_checked_no_crawl,not_checked,"Generic frame-material, glazing-family and insulated-glass-unit descriptions paraphrased; performance claims are retained only as selection context."
SRC-AGWA-WINDOW-TERMINOLOGY,2,Australian Glass and Window Association,Window Terminology,https://www.agwa.com.au/common/Uploaded%20files/AGWA/Technical/Consumers/WindowTerminology.pdf,2026-08-16T00:00:00+10:00,public_pdf,not_checked_no_crawl,not_checked,Generic Australian window and glazed-door component terms paraphrased; diagrams are not reproduced.
SRC-AIRAH-DA07-2020,1,"Australian Institute of Refrigeration, Air Conditioning and Heating",DA07 Criteria for Moisture Control Design Analysis in Buildings,https://airah.org.au/site/site/resources/da-manuals/da-07/Default.aspx,2026-08-16T00:00:00+10:00,metadata_only,not_checked_no_crawl,not_checked,"Official public title, scope, contents and publication metadata only; licensed analysis criteria are not reproduced."
SRC-AMETALIN-MEMBRANES-AND-TAPE,3,Ametalin,"Australian pliable membrane, reflective insulation and tape families",https://www.ametalin.com/how-to-specify/,2026-08-16T00:00:00+10:00,public_html,not_checked_no_crawl,not_checked,"Public Australian product classifications and physical component terminology paraphrased; product selection remains climate-, assembly- and evidence-specific."
SRC-ANZOR-WIRE-BALUSTRADE,3,Anzor Fasteners Australia,Stainless-steel horizontal wire balustrade system components,https://www.anzor.com.au/technical/product-specific-information/stainless-steel-architectural-handrail-fittings/horizontal-wire-system,2026-08-16T00:00:00+10:00,public_html,not_checked_no_crawl,not_checked,"Public Australian supplier component names and system anatomy paraphrased; wire selection, tension, corrosion and compliance remain product- and project-specific."
SRC-ARC-REFRIGERANT-CODE-2024,2,Australian Refrigeration Council,Australia and New Zealand refrigerant handling codes of practice 2024 — Parts 1 and 2,https://www.arctick.org/media/29156/refrigerant-handling-codes-of-practice-2024-1_2.pdf,2026-08-16T00:00:00+10:00,public_pdf,not_checked_no_crawl,not_checked,Generic refrigerating-system and component terminology paraphrased; detailed procedures and licensed standard content are not reproduced.
SRC-ARDEX-FLOOR-PREPARATION,3,ARDEX Australia,Australian floor preparation systems,https://ardexaustralia.com/tools/technical-bulletins/flooring-systems/,2026-08-16T00:00:00+10:00,public_html,not_checked_no_crawl,not_checked,"Generic preparation, priming, patching, levelling, moisture-control and crack-isolation roles paraphrased; product compatibility and application remain selected-system evidence."
SRC-ARDEX-INTERNAL-WET-AREA-SPECS,3,ARDEX Australia,Waterproofing and tiling specification tools,https://ardexaustralia.com/tools/specification-tools/,2026-08-16T00:00:00+10:00,public_html,not_checked_no_crawl,not_checked,Public system families and generic layer terminology paraphrased; proprietary products remain examples and are not canonical object names.
SRC-ARFA-RESILIENT-TECHNICAL,2,Australian Resilient Flooring Association,Resilient flooring technical bulletins,https://www.arfa.org.au/technical-standards.html,2026-08-16T00:00:00+10:00,public_html,not_checked_no_crawl,not_checked,Public bulletin summaries and generic physical roles paraphrased; detailed procedures and selected-product compatibility are not generalised.
SRC-ARGETON-TERRACOTTA-FACADE,3,HVG Facades,Argeton terracotta facade system information,https://hvgharvest.com.au/products/argeton/,2026-08-17T00:00:00+10:00,public_html,not_checked_no_crawl,not_checked,"Australian supplier terminology paraphrased for terracotta facade panels, baguettes, rails, clips and gaskets; exact system details and approvals remain selected-product evidence."
SRC-ARTA-ROOFING-CLIPS,2,Australian Roofing Tile Association,Roofing tile clips data sheet,https://artastorage.blob.core.windows.net/media/1227/20_09_21_arta-clips-data-sheet_final.pdf,2026-08-16T00:00:00+10:00,public_pdf,not_checked_no_crawl,not_checked,Clip-family names and ridge or hip assembly concepts paraphrased; fixing tables and proprietary geometry are not reproduced.
SRC-ARTA-TECHNICAL,2,Australian Roofing Tile Association,Roof tile technical resources,https://www.rtaa.com.au/technical,2026-08-16T00:00:00+10:00,public_html,not_checked_no_crawl,not_checked,Public resource titles and generic roof-tile system concepts paraphrased; member-only material is not accessed.
SRC-ASI-BASE-PLATE,2,Australian Steel Institute,Description of connections in Design Guide 7 — pinned-base plate connections,https://www.steel.org.au/resources/elibrary/resources/description-of-connections-in-design-guide-7-bk745/?view=download,2026-08-16T00:00:00+10:00,public_pdf,not_checked_no_crawl,not_checked,Base-plate assembly and load-path concepts paraphrased; design methods and values are not reproduced.
SRC-ASI-BUSHFIRE-DESIGN,2,Australian Steel Institute,Bushfire design pathways for NCC 2022,https://www.steel.org.au/what-we-do/focus-areas/designing-to-ncc-2022/bushfire-design/,2026-08-16T00:00:00+10:00,public_html,not_checked_no_crawl,not_checked,Industry guidance paraphrased; regulatory and standard documents remain controlling.
SRC-ASI-CONNECTIONS-HANDBOOK,2,Australian Steel Institute,Design of structural steel connections,https://www.steel.org.au/getattachment/244f875f-820f-4b57-b71b-56f7479309b8/Handbook-1-design-of-structural-steel-connections_sc_v41_n2.pdf,2026-08-16T00:00:00+10:00,public_pdf,not_checked_no_crawl,not_checked,"Connection-part families and terminology paraphrased; design equations, capacities, tables and worked examples are not reproduced."
SRC-ASI-DESIGN-CONSTRUCTION,2,Australian Steel Institute,Design for construction,https://www.steel.org.au/what-we-do/focus-areas/steel-and-design/design-for-construction/,2026-08-16T00:00:00+10:00,public_html,not_checked_no_crawl,not_checked,Constructability concepts paraphrased; no erection procedure or design value is reproduced.
SRC-ASI-DESIGN-ECONOMY,2,Australian Steel Institute,Design for economy,https://www.steel.org.au/what-we-do/focus-areas/steel-and-design/design-for-economy/,2026-08-16T00:00:00+10:00,public_html,not_checked_no_crawl,not_checked,"General section, penetration, bolt, weld and plate concepts paraphrased; no design recommendation is encoded as a universal rule."
SRC-ASI-SECTION-RANGE,2,Australian Steel Institute,Range and properties of open sections,https://www.steel.org.au/resources/elibrary/resources/range-and-properties-of-open-sections-bk122/?view=download,2026-08-16T00:00:00+10:00,public_pdf,not_checked_no_crawl,not_checked,Section-family names and physical forms paraphrased; section dimensions and property tables are not reproduced.
SRC-ASI-STANDARD-CONNECTIONS,2,Australian Steel Institute,Standardised structural connections — contents and connection families,https://www.steel.org.au/ASI/media/Australian-Steel-Institute/Bookshop%20ToCs/550-Standardised-Structural-Connections_contents-pages.pdf,2026-08-16T00:00:00+10:00,public_pdf,not_checked_no_crawl,not_checked,Public contents used only to identify connection families; proprietary details and design values are not reproduced.
SRC-ATFA-ACOUSTIC-UNDERLAYS,2,Australasian Timber Flooring Association,Timber flooring over acoustic underlays,https://www.atfa.com.au/uncategorized/installation-over-acoustic-underlays-consumer/,2026-08-16T00:00:00+10:00,public_html,not_checked_no_crawl,not_checked,"Public explanatory assembly concepts paraphrased; acoustic results, adhesives and edge details remain selected-system evidence."
SRC-ATFA-ENGINEERED-FLOORING,2,Australasian Timber Flooring Association,Engineered Flooring Industry Standard — public scope,https://www.atfa.com.au/shop/ebooks-brochures/engineered-flooring-industry-standard/,2026-08-16T00:00:00+10:00,public_html,not_checked_no_crawl,not_checked,Public scope and original physical-system summary only; the member or purchased industry manual is not copied.
SRC-ATFA-FLOATING-FLOORS,2,Australasian Timber Flooring Association,"Floating engineered, laminate and bamboo floor anatomy",https://www.atfa.com.au/fm-engineered/,2026-08-16T00:00:00+10:00,public_html,not_checked_no_crawl,not_checked,"Public explanatory material paraphrased; product-specific expansion, moisture, flatness and installation rules remain selected-system evidence."
SRC-ATFA-SOLID-TIMBER-FLOORING,2,Australasian Timber Flooring Association,Solid Timber Flooring Industry Standard — public scope,https://www.atfa.com.au/shop/ebooks-brochures/solid-timber-flooring-industry-standard-ebook/,2026-08-16T00:00:00+10:00,public_html,not_checked_no_crawl,not_checked,Public scope and original physical-system summary only; the member or purchased industry manual is not copied.
SRC-AUS-TRAINING-STAIR-MANUFACTURE,2,Commonwealth of Australia / training.gov.au,CPCCJS3005 — Manufacture stair components for curved and geometric stairs,https://training.gov.au/TrainingComponentFiles/CPC/CPCCJS3005_R1.pdf,2026-08-16T00:00:00+10:00,public_pdf,not_checked_no_crawl,not_checked,Public national training-package component and trade-process terminology paraphrased; no assessment content reproduced.
SRC-AXIOM-GLASS-BALUSTRADE,3,Axiom Group Australia,Australian channel-fixed glass balustrade system anatomy,https://axiomgroup.com.au/products/balustrade-systems/frameless/paramount,2026-08-16T00:00:00+10:00,public_html,not_checked_no_crawl,not_checked,Public Australian manufacturer component and system terminology paraphrased; certification and site-specific engineering remain selected-system evidence.
SRC-BLUESCOPE-TB34-STEEL-FRAMES,2,BlueScope Steel Limited,Technical Bulletin TB-34 — Steel building frames,https://cdn.dcs.bluescope.com.au/download/tb-34,2026-08-16T00:00:00+10:00,public_pdf,not_checked_no_crawl,not_checked,"Manufacturer guidance used for bottom-plate separation, isolation, frame earthing and compatible-fastener concepts; product warranty rules are not treated as NCC requirements."
SRC-BND-PANELIFT-INSTALL,3,B&D Australia,Panelift sectional garage-door installation instructions,https://admin.bnd.com.au/media/y2vmvy0d/165002_04_paneliftb_installation-manual.pdf,2026-08-17T00:00:00+10:00,public_pdf,not_checked_no_crawl,not_checked,"Public Australian manufacturer parts checklist used for panels, tracks, reinforcement, rollers, hinges, shaft, springs, bearings, cable drums and lift cables; exact selection and tensioning remain product-only data."
SRC-BND-PRODUCT-MANUALS,3,B&D Australia,Garage-door and opener product-manual library,https://www.bnd.com.au/trade-resources/product-manuals/,2026-08-17T00:00:00+10:00,public_html,not_checked_no_crawl,not_checked,"Australian manufacturer manual index used to discover sectional, roller, shutter, opener and accessory families; product-specific dimensions and installation rules are not universal defaults."
SRC-BND-TILT-MANUALS,3,B&D Australia,Tilt-A-Dor jamb- and track-fitting manual library,https://www.bnd.com.au/trade-resources/installation-manuals/door-manuals/,2026-08-17T00:00:00+10:00,public_html,not_checked_no_crawl,not_checked,"Australian manufacturer index used to distinguish jamb-fitting and track-fitting tilt-door mechanisms and component manuals; selection, spring and clearance tables are not generalised."
SRC-BOSCH-AU-HYDRONIC-FAQ,3,Bosch Home Comfort Australia,"Australian hydronic-heating radiator, valve, pressure and condensate component guidance",https://www.bosch-homecomfort.com/au/en/residential/customer-support/troubleshooting-faqs/,2026-08-16T00:00:00+10:00,public_html,not_checked_no_crawl,not_checked,"Generic radiator panel, thermostatic radiator valve, pipe joint, pressure-relief discharge and condensate-pipe concepts paraphrased; maintenance advice is not presented as universal design instruction."
SRC-BOSCH-AU-HYDRONIC-INSTALL,3,Bosch Home Comfort Australia,Australian hydronic-heating installation components and connections,https://www.bosch-homecomfort.com/au/media/country_pool/bilder/installation-manuals/hydronic-heating/2019_-_condens_5000w_30kw__37kw.pdf,2026-08-16T00:00:00+10:00,public_pdf,not_checked_no_crawl,not_checked,"Generic flow and return pipework, thermostatic radiator valve, lockshield valve, drain point, air vent, filling loop, relief discharge, bypass and heat-source connections paraphrased; gas-appliance requirements remain selected-product and jurisdiction data."
SRC-BPC-VIC-ASNZS3500-2025,1,Victoria Building and Plumbing Commission,Updated plumbing and drainage standards — Part 4 heated water services,https://www.bpc.vic.gov.au/plumbers/delivering-safe-and-compliant-plumbing/updated-plumbing-and-drainage-standards-asnzs-3500-series/updated-plumbing-and-drainage-standards-part-4-heated-water-services,2026-08-16T00:00:00+10:00,public_html,not_checked_no_crawl,not_checked,Jurisdictional adoption and change-summary metadata paraphrased.
SRC-BRADFORD-ROOF-VENTILATION,3,CSR Bradford,Australian roof-space ventilation products and accessories,https://www.csrbradford.com.au/products/roof-ventilation,2026-08-16T00:00:00+10:00,public_html,not_checked_no_crawl,not_checked,Public Australian manufacturer vent families and physical descriptions paraphrased; sizing and compliance remain project-specific.
SRC-BROOKS-DOMESTIC-ALARMS,3,Brooks Australia,Australian domestic photoelectric smoke-alarm construction and accessories,https://www.brooks.com.au/firealarm/mains-powered/photoelectric-230-volt-9-volt-alkaline-eib146e/,2026-08-16T00:00:00+10:00,public_html,not_checked_no_crawl,not_checked,Public Australian product construction and accessory terminology paraphrased; certification and compatibility remain product-specific.
SRC-BUILDING-CODEHUB-ASNZS2270-2006,2,"New Zealand Ministry of Business, Innovation and Employment",AS/NZS 2270:2006 (reconfirmed 2016) Plywood and blockboard for interior use — public metadata,https://codehub.building.govt.nz/resources/22702006-asnzs,2026-08-16T00:00:00+10:00,public_html,not_checked_no_crawl,not_checked,Public bibliographic metadata and high-level scope paraphrased; licensed standard text is not copied.
SRC-CAPSTONE-ACCESSIBILITY,2,Australian Building Codes Board,Australian access and egress object terminology,https://www.abcb.gov.au/,2026-08-17T00:00:00+10:00,public_html,not_checked_no_crawl,not_checked,Public NCC/ABCB terminology paraphrased only for drawable access-related object families; dimensional compliance remains rule data outside this ontology.
SRC-CAPSTONE-CIVIL-SITE,2,Australian Building Codes Board,"Siteworks, retaining and stormwater object terminology",https://www.abcb.gov.au/,2026-08-17T00:00:00+10:00,public_html,not_checked_no_crawl,not_checked,Public building/site terminology paraphrased only for drawable site object families; civil engineering design and local authority requirements remain separate.
SRC-CAPSTONE-COMMERCIAL-FITOUT,2,Australian Building Codes Board,Commercial fitout service and amenity object terminology,https://www.abcb.gov.au/,2026-08-17T00:00:00+10:00,public_html,not_checked_no_crawl,not_checked,"Public building-system terminology paraphrased only for drawable commercial kitchen, laboratory and cleanroom object families; specialist design evidence remains separate."
SRC-CAPSTONE-CURTAIN-WALLS,3,Alspec,Australian commercial glazing and curtain wall terminology,https://www.alspec.com.au/,2026-08-17T00:00:00+10:00,public_html,not_checked_no_crawl,not_checked,"Public product-family terminology paraphrased only for drawable curtain-wall parts; structural, waterproofing, thermal and fire-stopping evidence remains project-specific."
SRC-CAPSTONE-FIRE-SERVICES,3,Fire Protection Association Australia,Australian fire protection system terminology,https://www.fpaa.com.au/,2026-08-17T00:00:00+10:00,public_html,not_checked_no_crawl,not_checked,"Industry terminology paraphrased only for drawable fire-service object families; design, approval, installation and commissioning evidence remains project-specific."
SRC-CAPSTONE-GAS-SERVICES,3,Elgas,Australian gas service and LPG installation terminology,https://www.elgas.com.au/,2026-08-17T00:00:00+10:00,public_html,not_checked_no_crawl,not_checked,Public installation terminology paraphrased only for drawable gas-service object families; licensed gasfitter design and selected appliance instructions remain required.
SRC-CAPSTONE-SPECIALIST-OPENINGS,3,dormakaba Australia,Australian automatic-door and access hardware terminology,https://www.dormakaba.com/au-en,2026-08-17T00:00:00+10:00,public_html,not_checked_no_crawl,not_checked,Public product-family terminology paraphrased only for drawable automatic openings and door-hardware objects; product selection and authority approvals remain separate.
SRC-CAPSTONE-STANDBY-LIGHTNING,2,Australian Building Codes Board,"Standby power, controls and lightning protection object terminology",https://www.abcb.gov.au/,2026-08-17T00:00:00+10:00,public_html,not_checked_no_crawl,not_checked,"Public building-services terminology paraphrased only for drawable equipment object families; electrical engineering, earthing and authority requirements remain separate."
SRC-CAPSTONE-VERTICAL-TRANSPORT,3,KONE Australia,"Australian lift, escalator and platform-lift product terminology",https://www.kone.com.au/,2026-08-17T00:00:00+10:00,public_html,not_checked_no_crawl,not_checked,"Public product-family terminology paraphrased only for SketchUp object anatomy; compliance, accessibility, servicing, clearances and selected product details require project evidence."
SRC-CAUL-CONCRETE-MEASUREMENT,2,Council of Australian University Librarians Open Educational Resources Collective,In-situ concrete measurement rules,https://oercollective.caul.edu.au/building-measurement-approaches/chapter/3-3-measurement-of-in-situ-concrete-items/,2026-08-16T00:00:00+10:00,search_index_excerpt,not_checked_no_crawl,not_checked,Open educational resource; only search-indexed concepts used because direct retrieval returned HTTP 403.
SRC-CAUL-REINFORCEMENT,2,Council of Australian University Librarians Open Educational Resources Collective,Types of concrete reinforcement,https://oercollective.caul.edu.au/building-measurement-approaches/chapter/5-1-definition-and-types-of-reinforcements/,2026-08-16T00:00:00+10:00,search_index_excerpt,not_checked_no_crawl,not_checked,Open educational resource; only search-indexed concepts used because direct retrieval returned HTTP 403.
SRC-CEMENT-AUSTRALIA-CEMENT,2,Cement Industry Federation,About cement and concrete in Australia,https://cement.org.au/australias-cement-industry/about-cement/,2026-08-16T00:00:00+10:00,public_html,not_checked_no_crawl,not_checked,"Generic cement, clinker, blended binder and concrete-constituent concepts paraphrased; commercial and environmental claims are not treated as product selection rules."
SRC-CEMINTEL-INTERNAL-LINING,3,Cemintel,Australian internal fibre-cement lining applications,https://www.cemintel.com.au/application/internal-lining/,2026-08-16T00:00:00+10:00,public_html,not_checked_no_crawl,not_checked,Generic fibre-cement lining product families and edge terminology paraphrased; proprietary systems remain examples.
SRC-CEMINTEL-TERRITORY-FACADE,3,Cemintel,Territory facade system product range,https://www.cemintel.com.au/product-range/territory/,2026-08-17T00:00:00+10:00,public_html,not_checked_no_crawl,not_checked,"Australian manufacturer terminology paraphrased for ventilated facade panels, mounting strips, cavities, clips, joints and trims; exact product and system constraints remain manufacturer evidence."
SRC-CLENERGY-SOLARROOF-MOUNTING,3,Clenergy,Australian SolarRoof photovoltaic mounting-system components,https://www.clenergy.com.au/display-product/mounting-systems/solarroof/,2026-08-16T00:00:00+10:00,public_html_and_linked_pdfs,not_checked_no_crawl,not_checked,"Generic rail, roof interface, hook, hanger bolt, mid-clamp, end-clamp, grounding clip, lug and cable-clip anatomy paraphrased; proprietary span tables, fixing schedules and ratings remain selected-product engineering data."
SRC-CLIPSAL-HOUSEHOLD-SELECTION,3,Clipsal by Schneider Electric,"Australian household switches, socket-outlets and connectivity selection guide",https://www.clipsal.com/getmedia/4a4118ba-cc89-459e-adc3-023ca0f22952/clipsal_au-gb_selection-guide.pdf.aspx,2026-08-16T00:00:00+10:00,public_pdf,not_checked_no_crawl,not_checked,"Generic Australian product-family terminology paraphrased; proprietary ranges, ratings, compatibility and availability remain selected-product evidence."
SRC-CLIPSAL-MOUNTING-ACCESSORIES,3,Clipsal by Schneider Electric,"Australian electrical mounting blocks, brackets, wall boxes and socket mechanisms",https://www.clipsal.com/products/electrical-accessories/mounting-blocks-accessories,2026-08-16T00:00:00+10:00,public_html,not_checked_no_crawl,not_checked,"Generic mounting and accessory anatomy paraphrased; product codes, dimensions, fire or acoustic ratings and compatibility remain selected-product data."
SRC-CLIPSAL-RESIDENTIAL-LIGHTING,3,Clipsal by Schneider Electric,Australian residential LED lighting and downlights,https://www.clipsal.com/featured-ranges-hub/lighting,2026-08-16T00:00:00+10:00,public_html,not_checked_no_crawl,not_checked,"Generic luminaire, integrated driver, flex, plug and trim anatomy paraphrased; ratings, cut-outs, insulation classifications and installation remain selected-product evidence."
SRC-CMAA-TECHNICAL-MANUALS,2,Concrete Masonry Association of Australia,Concrete masonry technical manuals and detail families,https://www.cmaa.com.au/Technical/Manuals/technical-manuals,2026-08-17T00:00:00+10:00,public_html,not_checked_no_crawl,not_checked,"Public manual index and generic physical-component vocabulary paraphrased; member dimensions, reinforcement schedules, capacities and proprietary details are not reproduced."
SRC-COMPASS-FIBREGLASS-POOL-INSTALL,2,Compass Pools Australia,Fibreglass swimming-pool installation anatomy,https://www.compasspools.com.au/101/diy-swimming-pools-vs-professionally-built-swimming-pools/,2026-08-16T00:00:00+10:00,public_html,not_checked_no_crawl,not_checked,Manufacturer installation sequence and component roles paraphrased; structural design and site-specific installation remain supplier work.
SRC-CORINTHIAN-DOOR-CONSTRUCTION,3,Corinthian Doors,Entrance-door construction detail,https://www.corinthian.com.au/door-construction-detail/,2026-08-17T00:00:00+10:00,public_html,not_checked_no_crawl,not_checked,"Australian manufacturer evidence for face skins, engineered-timber perimeter members, lock blocks, glazing and solid, honeycomb or moisture-resistant infill; selected product construction remains explicit."
SRC-CORINTHIAN-SURFACE-SLIDER-HARDWARE,3,Corinthian Doors,Internal face-of-wall sliding-door hardware anatomy,https://cdn.corinthian.com.au/wp-content/uploads/2024/07/25233801/Moda-Hardware_Barn-Door_Installation-Instructions_CORCNAT0635-224-2.pdf,2026-08-16T00:00:00+10:00,public_pdf,not_checked_no_crawl,not_checked,"Generic track, roller, wall spacer, stop, anti-jump fitting, floor guide and support-batten anatomy paraphrased; exact fixing and load limits remain product-specific."
SRC-CORK-IMPORTS-FLOOR-TILES,3,Cork Imports Australia,Australian cork floor-tile construction and glue-down installation information,https://www.corkimports.com.au/copenhagen,2026-08-16T00:00:00+10:00,public_html,not_checked_no_crawl,not_checked,"Generic high-density cork tile, decorative veneer, factory coating, backing, primer and adhesive roles paraphrased; proprietary dimensions, certifications, warranties and installation instructions remain selected-product evidence."
SRC-CSIRO-APAS-PAINT-CERTIFICATION,2,CSIRO,Australian Paint Approval Scheme independent certification overview,https://www.csiro.au/en/work-with-us/services/testing-and-certification/Independent-verification-and-certification,2026-08-16T00:00:00+10:00,public_html,not_checked_no_crawl,not_checked,Public scheme purpose and certification role paraphrased; individual APAS specifications and proprietary test results are not reproduced.
SRC-CSIRO-MANAGING-TERMITES,1,CSIRO,Managing termites,https://research.csiro.au/infratech/wp-content/uploads/sites/38/2024/12/3013_ManagingTermites_WCAG.pdf,2026-08-16T00:00:00+10:00,search_index_excerpt,not_checked_no_crawl,not_checked,Public CSIRO guidance; only indexed concepts used because direct retrieval returned HTTP 403.
SRC-DCCEEW-RAC-TECHNICIANS,1,"Australian Government Department of Climate Change, Energy, the Environment and Water",Refrigeration and air conditioning technicians — refrigerant handling licensing,https://www.dcceew.gov.au/environment/protection/ozone/rac/technicians,2026-08-16T00:00:00+10:00,public_html,not_checked_no_crawl,not_checked,Public licensing scope paraphrased; personal licensing evidence is not treated as a physical building object.
SRC-DICTIONARY-ENGAGED-PIER,1,Standards Australia and Australian Building Codes Board,National Dictionary — engaged pier,https://www.constructiondictionary.com.au/term/engaged-pier,2026-08-16T00:00:00+10:00,public_html,not_checked_no_crawl,not_checked,Concept paraphrased; definition not copied.
SRC-DICTIONARY-FLOOR-JOIST,1,Standards Australia and Australian Building Codes Board,National Dictionary — floor joist,https://www.constructiondictionary.com.au/term/floor-joist,2026-08-16T00:00:00+10:00,public_html,not_checked_no_crawl,not_checked,Concept paraphrased; definition not copied.
SRC-DICTIONARY-HOME,1,Standards Australia and Australian Building Codes Board,National Dictionary of Building and Plumbing Terms,https://www.constructiondictionary.com.au/,2026-08-16T00:00:00+10:00,public_html,not_checked_no_crawl,not_checked,Copyrighted definitions are not copied; concepts and terminology conflicts are recorded with provenance.
SRC-DICTIONARY-JACK-RAFTER,1,Standards Australia and Australian Building Codes Board,National Dictionary — jack rafter,https://www.constructiondictionary.com.au/term/jack-rafter,2026-08-16T00:00:00+10:00,public_html,not_checked_no_crawl,not_checked,Concept paraphrased; definition not copied.
SRC-DICTIONARY-JACK-STUD,1,Standards Australia and Australian Building Codes Board,National Dictionary — jack stud,https://www.constructiondictionary.com.au/term/jack-stud,2026-08-16T00:00:00+10:00,public_html,not_checked_no_crawl,not_checked,Concept paraphrased; definition not copied.
SRC-DICTIONARY-JAMB-STUD,1,Standards Australia and Australian Building Codes Board,National Dictionary — jamb stud,https://www.constructiondictionary.com.au/term/jamb-stud,2026-08-16T00:00:00+10:00,public_html,not_checked_no_crawl,not_checked,Concept paraphrased; definition not copied.
SRC-DICTIONARY-LINTEL,1,Standards Australia and Australian Building Codes Board,National Dictionary — lintel,https://www.constructiondictionary.com.au/term/lintel,2026-08-16T00:00:00+10:00,public_html,not_checked_no_crawl,not_checked,Concept paraphrased; definition not copied.
SRC-DICTIONARY-MASONRY-UNIT,1,Standards Australia and Australian Building Codes Board,National Dictionary — masonry unit,https://www.constructiondictionary.com.au/term/masonry-unit,2026-08-16T00:00:00+10:00,public_html,not_checked_no_crawl,not_checked,Concepts and classifications paraphrased; definitions not copied.
SRC-DICTIONARY-MORTAR,1,Standards Australia and Australian Building Codes Board,National Dictionary — mortar,https://www.constructiondictionary.com.au/term/mortar,2026-08-16T00:00:00+10:00,public_html,not_checked_no_crawl,not_checked,Concept paraphrased; definition not copied.
SRC-DICTIONARY-PERPEND,1,Standards Australia and Australian Building Codes Board,National Dictionary — perpend,https://www.constructiondictionary.com.au/term/perpend,2026-08-16T00:00:00+10:00,public_html,not_checked_no_crawl,not_checked,Concept and accepted alternative terms paraphrased; definition not copied.
SRC-DICTIONARY-SILL-PLATE,1,Standards Australia and Australian Building Codes Board,National Dictionary — sill plate,https://www.constructiondictionary.com.au/term/sill-plate,2026-08-16T00:00:00+10:00,public_html,not_checked_no_crawl,not_checked,Concept paraphrased; definition not copied.
SRC-DICTIONARY-TRIMMER,1,Standards Australia and Australian Building Codes Board,National Dictionary — trimmer,https://www.constructiondictionary.com.au/term/trimmer,2026-08-16T00:00:00+10:00,public_html,not_checked_no_crawl,not_checked,Concept paraphrased; definition not copied.
SRC-DICTIONARY-TRIMMING-JOIST,1,Standards Australia and Australian Building Codes Board,National Dictionary — trimming joist,https://www.constructiondictionary.com.au/term/trimming-joist,2026-08-16T00:00:00+10:00,public_html,not_checked_no_crawl,not_checked,Concept paraphrased; definition not copied.
SRC-DICTIONARY-WALL-TIE,1,Standards Australia and Australian Building Codes Board,National Dictionary — wall tie,https://www.constructiondictionary.com.au/term/wall-tie,2026-08-16T00:00:00+10:00,public_html,not_checked_no_crawl,not_checked,Concept and tie roles paraphrased; definition not copied.
SRC-DICTIONARY-WEEPHOLE,1,Standards Australia and Australian Building Codes Board,National Dictionary — weephole,https://www.constructiondictionary.com.au/term/weephole,2026-08-16T00:00:00+10:00,public_html,not_checked_no_crawl,not_checked,Concept paraphrased; definition not copied.
SRC-DULUX-ACRATEX-FACADE,3,Dulux Australia,Dulux Acratex facade systems overview,https://www.dulux.com.au/specifier/products/acratex/overview/facade-systems/,2026-08-17T00:00:00+10:00,public_html,not_checked_no_crawl,not_checked,"Australian manufacturer system terminology paraphrased for insulated facade, render, texture, mesh and finish objects; product approvals and exact details must be checked per selected system."
SRC-DULUX-EXTERIOR-PAINT-SYSTEM,3,Dulux Australia,Australian exterior acrylic paint and substrate-preparation information,https://www.dulux.com.au/paint/weathershield/weathershield-matt/,2026-08-16T00:00:00+10:00,public_html,not_checked_no_crawl,not_checked,"Generic exterior coating, surface soundness, cleaning, adhesion and weather-exposure concepts paraphrased; product-specific limits and warranty statements are not generalised."
SRC-DULUX-PAINT-PREPARATION,3,Dulux Australia,Australian architectural paint preparation guide,https://www.dulux.com.au/how-to/project-guides/what-to-consider-before-you-start/,2026-08-16T00:00:00+10:00,public_html,not_checked_no_crawl,not_checked,"Generic cleaning, patching, sanding, sealing, undercoating and stain-blocking roles paraphrased; proprietary products, quantities and application instructions remain selected-system evidence."
SRC-DUNLOP-FLOOR-LEVELLERS,3,Dunlop Trade Australia,Flexible floor levelling over timber and concrete,https://dunloptrade.com.au/product/dunlop-level-flex-timber-floor-leveller/,2026-08-16T00:00:00+10:00,public_html,not_checked_no_crawl,not_checked,"Generic primer, flexible leveller, underlay-sheet and finish relationships paraphrased; mixing, drying and installation instructions remain product-specific."
SRC-EASYCRAFT-INTERNAL-LINING-INSTALL,3,Easycraft Australia,Decorative internal wall-lining installation to timber and steel framing,https://www.easycraft.com.au/docs/installation-guides/easycraft-installation-to-timber-and-steel-frames.pdf,2026-08-16T00:00:00+10:00,public_pdf,not_checked_no_crawl,not_checked,"Generic decorative-sheet lining, expansion gap, adhesive, nail, screw, joint support and corner-treatment concepts paraphrased; exact product instructions remain selected-product evidence."
SRC-EESS-RCM,1,Electrical Equipment Safety System,Regulatory Compliance Mark — general information,https://www.eess.gov.au/rcm/regulatory-compliance-mark-rcm-general/,2026-08-16T00:00:00+10:00,public_html,not_checked_no_crawl,not_checked,Product-evidence concepts paraphrased.
SRC-ELMICH-VERSIJACK,3,Elmich Australia,VersiJack adjustable paver and decking pedestal guide,https://elmich.com.au/wp-content/uploads/2014/11/VersiJack75.pdf,2026-08-17T00:00:00+10:00,public_pdf,not_checked_no_crawl,not_checked,"Australian supplier guide used to identify pedestal bases, adjustable bodies, heads, slope correctors, shims, spacer tabs and bearer holders; capacities, heights and bracing remain selected-product data."
SRC-ENERGY-GOV-AU-BATTERIES,1,"Australian Government Department of Climate Change, Energy, the Environment and Water",Home batteries and solar integration,https://www.energy.gov.au/solar/get-know-solar-technology/batteries,2026-08-16T00:00:00+10:00,public_html,not_checked_no_crawl,not_checked,"Battery-system anatomy, coupling and backup concepts paraphrased; locations, separations, capacities and product compatibility remain project inputs."
SRC-ENERGY-GOV-AU-CER-REQUIREMENTS-2026,1,"Australian Government Department of Climate Change, Energy, the Environment and Water",Initial consumer energy resource device requirements — industry information,https://www.energy.gov.au/energy-and-climate-change-ministerial-council/working-groups/electricity-working-group/consumer-energy-resources-sub-working-group/Industry-information-initial-cer-device-requirements,2026-08-16T00:00:00+10:00,public_html_and_documents,not_checked_no_crawl,not_checked,Public policy status and device-family scope paraphrased; draft or future technical requirements are not presented as current installation law.
SRC-ENERGY-GOV-AU-EV-HOME-CHARGING,1,"Australian Government Department of Climate Change, Energy, the Environment and Water",How to charge an electric vehicle at home,https://www.energy.gov.au/electric-vehicles/owning-electric-vehicle/how-charge-your-electric-vehicle,2026-08-16T00:00:00+10:00,public_html,not_checked_no_crawl,not_checked,Public home-charging pathways and generic equipment concepts paraphrased.
SRC-ENERGY-GOV-AU-HEATING-COOLING,1,"Australian Government Department of Climate Change, Energy, the Environment and Water",Household heating and cooling systems,https://www.energy.gov.au/households/heating-and-cooling,2026-08-16T00:00:00+10:00,public_html,not_checked_no_crawl,not_checked,Public system-family descriptions paraphrased.
SRC-ENERGY-GOV-AU-INVERTERS,1,"Australian Government Department of Climate Change, Energy, the Environment and Water",Solar and battery inverters,https://www.energy.gov.au/solar/get-know-solar-technology/inverters,2026-08-16T00:00:00+10:00,public_html,not_checked_no_crawl,not_checked,"Inverter-family and system-relationship concepts paraphrased; performance, capacity and compatibility remain selected-product data."
SRC-ENERGY-GOV-AU-SMART-HOMES,1,"Australian Government Department of Climate Change, Energy, the Environment and Water",Smart homes and consumer energy resources,https://www.energy.gov.au/households/smart-homes,2026-08-16T00:00:00+10:00,public_html,not_checked_no_crawl,not_checked,"Consumer-energy equipment families paraphrased; interoperability, cyber security and tariffs remain non-geometric metadata."
SRC-ENERGY-GOV-AU-SOLAR-INSTALLATION,1,"Australian Government Department of Climate Change, Energy, the Environment and Water",Rooftop solar installation day and after,https://www.energy.gov.au/solar/solar-retailers-and-installation/installation-day-and-after,2026-08-16T00:00:00+10:00,public_html,not_checked_no_crawl,not_checked,Public system anatomy and installation sequence paraphrased; product-specific mounting and electrical rules remain project data.
SRC-ENERGY-RATING-AIR-CONDITIONERS-65KW,1,Australian Government Energy Rating,Air conditioners up to 65 kW — regulated product scope and performance standards,https://www.energyrating.gov.au/industry-information/products/air-conditioners-65kw,2026-08-16T00:00:00+10:00,public_html,not_checked_no_crawl,not_checked,"Public product-scope, system-type and referenced performance-standard information paraphrased."
SRC-ESV-ELECTRICAL-INSTALLATION-FAQ,1,Energy Safe Victoria,Electrical installation frequently asked questions,https://www.energysafe.vic.gov.au/industry-guidance/electrical/frequently-asked-questions/electrical-installation,2026-08-16T00:00:00+10:00,public_html,not_checked_no_crawl,not_checked,Regulator explanations paraphrased; values and project-specific compliance decisions remain outside the physical-object ontology.
SRC-ESV-MEN-EARTHING,1,Energy Safe Victoria,Battery installation — neutral continuity and MEN connection,https://www.energysafe.vic.gov.au/industry-guidance/electrical/electrical-technical-information/eis-004-battery-installation-neutral-continuity-and-men-connection,2026-08-16T00:00:00+10:00,public_html,not_checked_no_crawl,not_checked,"MEN, neutral and battery-changeover concepts paraphrased; diagrams and technical instructions are not reproduced."
SRC-EZCONCEPT-FLUSH-JAMB-INSTALL,3,EZ Concept Australia,Architrave-free flush-finish internal door frame installation anatomy,https://ezconcept.com.au/wp-content/uploads/sites/4/2021/10/EzyJamb-SRC-Installation-Instructions_EZ_AU_II_1025.pdf,2026-08-16T00:00:00+10:00,public_pdf,not_checked_no_crawl,not_checked,"Generic flush steel jamb, perforated finishing flange, latch insert, packer, screw and plaster-junction anatomy paraphrased; proprietary profiles and dimensions remain selected-system evidence."
SRC-FAIRVIEW-VITRACORE-FACADE,3,Fairview,Vitracore and metal facade panel system information,https://fairview-na.com.au/,2026-08-17T00:00:00+10:00,public_html,not_checked_no_crawl,not_checked,"Manufacturer terminology paraphrased for composite, cassette, honeycomb, tray, return, cleat and stiffener facade objects; product-specific fire and installation evidence remains separate."
SRC-FANTECH-RESIDENTIAL-EXHAUST,3,Fantech Australia,Australian residential exhaust-fan construction and accessories,https://www.fantech.com.au/FanRange.aspx?RangeID=2031&appID=D2,2026-08-16T00:00:00+10:00,public_html,not_checked_no_crawl,not_checked,"Public Australian product parts and accessory terminology paraphrased; airflow, pressure, electrical and installation requirements remain selected-product data."
SRC-FLOMET-WOOD-HEATER-FLUE-KIT,2,Flomet,Australian domestic solid-fuel flue kit components,https://www.flomet.com.au/product-category/flue-systems/flue-kit/,2026-08-16T00:00:00+10:00,public_html,not_checked_no_crawl,not_checked,"Manufacturer product-family terminology paraphrased; tested configuration, compatible parts and installation remain selected-system data."
SRC-FORBO-RESILIENT-INSTALL,3,Forbo Flooring Systems Australia,"Resilient flooring installation, adhesives and accessories",https://www.forbo.com/flooring/en-au/installation-floorcare/pievf4,2026-08-16T00:00:00+10:00,public_html,not_checked_no_crawl,not_checked,"Generic sheet, tile, plank, adhesive, seam, welding-rod, underlay and coving roles paraphrased; proprietary products and installation procedures remain selected-product evidence."
SRC-FP-FREESTANDING-COOKER-INSTALL,2,Fisher & Paykel Australia,Freestanding cooker installation guide — Australia and New Zealand,https://fisherpaykel.com/on/demandware.static/-/Sites-fpa-master-catalog/default/dwe2097d39/InstallationManuals-FisherPaykelAU/FP-InstallGuide-en-OR90-FreestandingCooker-Induction-591517E-NZ-AU.pdf,2026-08-16T00:00:00+10:00,public_pdf,not_checked_no_crawl,not_checked,"Manufacturer installation and physical-component terminology paraphrased; model dimensions, clearances, services and fixings remain selected-product data."
SRC-FP-WASHER-DRAIN-HOSE,2,Fisher & Paykel Australia,Washing-machine drain hose and guide,https://www.fisherpaykel.com/au/assorted-spare-parts/drain-hose-and-guide-h0030806881c-H0030806881C.html,2026-08-16T00:00:00+10:00,public_html,not_checked_no_crawl,not_checked,"Manufacturer product terminology paraphrased; compatibility, routing and discharge connection remain selected-product data."
SRC-FP-WASHER-INLET-HOSE,2,Fisher & Paykel Australia,Washing-machine hot or cold water inlet hose,https://www.fisherpaykel.com/au/spare-parts/laundry-spare-parts/inlet-hose---extra-long-2m-422680p-422680P.html,2026-08-16T00:00:00+10:00,public_html,not_checked_no_crawl,not_checked,"Manufacturer product terminology paraphrased; compatibility, replacement interval and connection remain selected-product data."
SRC-FRONIUS-AU-SOLAR-INVERTER-GUIDE,3,Fronius Australia,Australian photovoltaic inverter installation and component guide,https://www.fronius.com/en-au/australia/solar-energy/installers-partners/service-support/tech-support/how-to-install/installation-guide-snapinverter,2026-08-16T00:00:00+10:00,public_html,not_checked_no_crawl,not_checked,"Generic inverter, wall bracket, DC and AC connection area, connectors, optional surge protection and monitoring anatomy paraphrased; proprietary electrical values and installation instructions are not reproduced."
SRC-FWPA-D01-CLADDING,2,Forest & Wood Products Australia,FWPA Standard D01 — Design and installation of exterior timber wall cladding,https://www.woodsolutions.com.au/sites/default/files/2026-03/FWPA-Standard-D01-Design-and-Installation-of-Exterior-Timber-Wall-Cladding-Edition-1.0.pdf,2026-08-16T00:00:00+10:00,public_pdf,not_checked_no_crawl,not_checked,"Generic component names, arrangements and relationships paraphrased; prescriptive dimensions, tables and figures are not reproduced."
SRC-GODFREY-HIRST-CARPET-INSTALL,3,Godfrey Hirst Australia,Australian residential carpet installation anatomy,https://www.godfreyhirst.com/au/news/carpet-installation,2026-08-16T00:00:00+10:00,public_html,not_checked_no_crawl,not_checked,"Generic carpet, underlay, power-stretching, seam and edge-installation roles paraphrased; product warranties and detailed instructions are not generalised."
SRC-GYPROCK-RED-BOOK,3,CSR Gyprock,The Red Book — residential and commercial systems,https://www.gyprock.com.au/the-red-book,2026-08-16T00:00:00+10:00,public_html,not_checked_no_crawl,not_checked,Public Australian manufacturer system families and generic component terminology paraphrased; proprietary tested systems and performance claims are not generalised.
SRC-GYPROCK-RESIDENTIAL-INSTALLATION,3,CSR Gyprock,Residential plasterboard installation guide,https://www.gyprock.com.au/-/media/gyprock/content/documents/install/residential-installation-guide/gyprock-residential-installation-guide.pdf?hash=F2E41E50F226CFE04161F300839A7DB67999B12B&la=en,2026-08-16T00:00:00+10:00,public_pdf,not_checked_no_crawl,not_checked,Generic Australian plasterboard component and installation terminology paraphrased; proprietary products and exact instructions remain source context.
SRC-HAGER-AU-CATALOGUES,3,Hager Australia,Australian electrical product catalogue downloads,https://hager.com/au/support/downloads/catalogue-downloads,2026-08-16T00:00:00+10:00,public_html,not_checked_no_crawl,not_checked,"Generic Australian product-family terminology used for discovery; proprietary names, ratings and dimensions are not canonical defaults."
SRC-HAGER-MAIN-SWITCHGEAR,3,Hager Australia,Australian main switchgear and distribution products,https://hager.com/au/products/main-switchgear,2026-08-16T00:00:00+10:00,public_html,not_checked_no_crawl,not_checked,Generic switchgear and connection-component terminology paraphrased; product ratings and compatibility remain selected-product evidence.
SRC-HAGER-RESIDENTIAL-METERBOXES,3,Hager Australia,Residential meter boxes — single dwelling,https://hager.com/au/solutions/product-and-installation-solutions/residential-meterboxes-single-dwelling,2026-08-16T00:00:00+10:00,public_html,not_checked_no_crawl,not_checked,"Generic enclosure, panel and switchboard anatomy paraphrased; proprietary ranges, ratings, dimensions and distributor acceptance remain selected-product data."
SRC-HAGER-RESIDENTIAL-RCBO,3,Hager Australia,Residential RCBOs,https://hager.com/au/solutions-for-your-project/product-and-installation-solutions/residential-rcbos,2026-08-16T00:00:00+10:00,public_html,not_checked_no_crawl,not_checked,"Generic RCBO anatomy and protective roles paraphrased; trip curves, fault ratings and coordination remain selected-device data."
SRC-HAGER-WEATHERPROOF-ELECTRICAL,3,Hager Australia,Weatherproof electrical accessories and isolators,https://hager.com/au/solutions/product-and-installation-solutions/weatherproof-solutions,2026-08-16T00:00:00+10:00,public_html,not_checked_no_crawl,not_checked,"Generic weatherproof accessory anatomy paraphrased; IP rating, environment, sealing and installation remain selected-product evidence."
SRC-HEATCHARM-WOOD-HEATER-INSTALL,2,HeatCharm,Australian wood-heater installation and operating instructions,https://heatcharm.com.au/wp-content/uploads/sites/3/2023/03/QWI-InstallOperatingInstructions-Port-Phillip-600-Series.pdf,2026-08-16T00:00:00+10:00,public_pdf,not_checked_no_crawl,not_checked,"Manufacturer component terminology paraphrased; certified clearances, hearth dimensions, flue system and installation remain model-specific."
SRC-HEBEL-AAC-TECHNICAL-MANUAL,3,CSR Hebel,Australian AAC product-family technical manual,https://hebel.com.au/wp-content/uploads/2022/Hebel-Tech-Man-Pt1-Products.pdf,2026-08-17T00:00:00+10:00,public_pdf,not_checked_no_crawl,not_checked,"Generic AAC block, reinforced panel, lintel, sill, U-section, adhesive, fixing and finish vocabulary paraphrased; obsolete dimensions and proprietary design data are not generalised."
SRC-HEBEL-EXTERNAL-WALLS,3,CSR Hebel,Residential external wall panel systems,https://hebel.com.au/residential/external-walls/,2026-08-16T00:00:00+10:00,public_html,not_checked_no_crawl,not_checked,Generic reinforced-AAC panel system concepts paraphrased; proprietary performance claims and installation rules are not encoded as universal requirements.
SRC-HEBEL-TECHNICAL-DOCUMENTS,3,CSR Hebel,Hebel technical documents — external wall systems,https://hebel.com.au/resources/technical-documents/,2026-08-16T00:00:00+10:00,public_html,not_checked_no_crawl,not_checked,Public document catalogue and generic system-component scope only; product manuals and proprietary details are not reproduced.
SRC-HIA-AS4654-2-OVERVIEW,2,Housing Industry Association,Waterproofing membranes above ground — AS 4654.2 overview,https://hia.com.au/resources-and-advice/building-it-right/australian-standards/articles/waterproofing-membranes-above-ground-part-2,2026-08-17T00:00:00+10:00,public_html,not_checked_no_crawl,not_checked,Public industry overview paraphrased; the article is supporting explanation and not a substitute for the standard.
SRC-HIKVISION-AU-VIDEO-INTERCOM-2026,3,Hikvision Australia and New Zealand,Australian IP video-intercom product family — 2026,https://www.hikvision.com/content/dam/hikvision/au/marketing-portal/product-family/IP-Video-Intercom20260202.pdf,2026-08-16T00:00:00+10:00,public_pdf,not_checked_no_crawl,not_checked,"Generic door-station, camera, call button, card or PIN module, indoor station, flush mount, PoE and network component anatomy paraphrased; proprietary features and ratings remain selected-product data."
SRC-HUME-BIFOLD-INSTALL,3,Hume Doors & Timber,Hollow-core bi-fold door installation anatomy,https://www.humedoors.com.au/blog/wp-content/uploads/2018/09/Bi-Fold-instructions.pdf,2026-08-16T00:00:00+10:00,public_pdf,not_checked_no_crawl,not_checked,"Generic folding-panel, track, pivot, guide, jamb bracket, aligner, stop and trim anatomy paraphrased; dimensions and installation steps remain product-specific."
SRC-HUME-CAVITY-UNIT-CATALOGUE,3,Hume Commercial Doors & Frames,Australian cavity sliding-door unit anatomy,https://commercial.humedoors.com.au/Hume-Commercial-Catalogue-2021_11.pdf,2026-08-16T00:00:00+10:00,public_pdf,not_checked_no_crawl,not_checked,"Generic cavity-unit frame, split-jamb, closing-jamb, guide, stop, pelmet, soft-close and square-set-reveal anatomy paraphrased; proprietary capacities and details remain selected-system evidence."
SRC-HUME-ENTRANCE-DOORS,3,Hume Doors & Timber,Australian entrance-door product families,https://www.humedoors.com.au/ranges/entrance,2026-08-17T00:00:00+10:00,public_html,not_checked_no_crawl,not_checked,"Manufacturer evidence for external timber, veneered, framed, panelled, carved and glazed entrance-door constructions and compatible frames; product dimensions are not generic defaults."
SRC-HUME-FLUSH-DOORS,3,Hume Doors & Timber,Australian flush-door construction families,https://www.humedoors.com.au/ranges/flush-doors,2026-08-16T00:00:00+10:00,public_html,not_checked_no_crawl,not_checked,"Generic flush-leaf families and visible construction distinctions paraphrased; proprietary names, dimensions and performance claims remain selected-product evidence."
SRC-HUME-INTERNAL-JAMBS-TRIM,3,Hume Doors & Timber,"Australian internal jamb sets, loose stops and mouldings",https://www.humedoors.com.au/ranges/timber/pinetrim-plus-primed?model=Door+Jamb+Set+-+Loose+Stop,2026-08-16T00:00:00+10:00,public_html,not_checked_no_crawl,not_checked,"Generic timber jamb, loose-stop and internal trim uses paraphrased; profiles and finishes remain selected-product data."
SRC-HUME-PREHUNG-INTERNAL-INSTALL,3,Hume Doors & Timber,Pre-hung internal door installation anatomy,https://www.humedoors.com.au/hume-safety/public-information/downloadable-how-to-guides/hume_safety_pre-hung-instructions_02.pdf,2026-08-16T00:00:00+10:00,public_pdf,not_checked_no_crawl,not_checked,"Generic leaf, jamb, hinge, packing, stop, architrave, latch and handing anatomy paraphrased; exact installation remains selected-product evidence."
SRC-INTERGRAIN-TIMBER-FINISHES,3,Intergrain Australia,"Australian timber preparation, oil, stain and clear-finish product families",https://www.intergrain.com.au/products/,2026-08-16T00:00:00+10:00,public_html,not_checked_no_crawl,not_checked,"Generic timber cleaner, stripper, filler, primer, penetrating oil, stain, clear-film and slip-resistant finish roles paraphrased; proprietary chemistry and application instructions remain selected-product evidence."
SRC-ISO-8336-2017,1,International Organization for Standardization,ISO 8336:2017 public metadata,https://www.iso.org/standard/62950.html,2026-08-16T00:00:00+10:00,public_metadata,not_checked_no_crawl,not_checked,"Official public title, scope and status metadata only; licensed standard content is not accessed or reproduced."
SRC-JAMESHARDIE-SECURA-FLOORING,3,James Hardie Australia,Hardie Secura Flooring installation guide — exterior and interior applications,https://www.jameshardie.com.au/ContentfulCMS/Installation-Guide/Hardie_Secura_Flooring_Installation_Guide.pdf,2026-08-17T00:00:00+10:00,public_pdf,not_checked_no_crawl,not_checked,"Current Australian manufacturer guide used for exterior fibre-cement structural flooring sheets, tongue-and-groove joints, movement joints, sealant, fixings, primers and membrane interfaces; product dimensions are not universal defaults."
SRC-JH-AXON-INSTALL-GUIDE,3,James Hardie Australia,Axon Cladding Installation Guide,https://www.jameshardie.com.au/ContentfulCMS/Installation-Guide/Axon_Cladding_Installation_Guide.pdf,2026-08-16T00:00:00+10:00,public_pdf,not_checked_no_crawl,not_checked,"Product-specific physical component relationships paraphrased; proprietary dimensions, fixing schedules and installation rules are not encoded as universal requirements."
SRC-JH-VILLABOARD-INSTALLATION,3,James Hardie Australia,Fibre-cement internal lining installation guide,https://www.jameshardie.com.au/ContentfulCMS/Installation-Guide/Villaboard_Lining_Installation_Guide.pdf,2026-08-16T00:00:00+10:00,public_pdf,not_checked_no_crawl,not_checked,"Generic fibre-cement sheet, substrate, fastener, joint, edge and control-joint anatomy paraphrased; proprietary products and instructions remain product-specific."
SRC-JH-WET-AREA-GUIDE-2025,3,James Hardie Australia,Wet Area Construction Application Guide,https://www.jameshardie.com.au/ContentfulCMS/Technical-Resource/Wet_Area_Construction_Application_Guide.pdf,2026-08-16T00:00:00+10:00,public_pdf,not_checked_no_crawl,not_checked,Public manufacturer assembly concepts and generic component terminology paraphrased; product-specific warranty or installation rules are not generalised.
SRC-KINGSPAN-AU-AWP-INSTALLATION,3,Kingspan Insulated Panels,Architectural wall panel installation guide,https://www.kingspan.com/content/dam/kingspan/kip-west/wall-panels/awp-wall-panel/kingspan-architectural-wall-panel-installation-guide-horizontal-en-nz.pdf,2026-08-17T00:00:00+10:00,public_pdf,not_checked_no_crawl,not_checked,"Manufacturer installation terminology paraphrased for rails, brackets, panels, skins, cores, side laps, fasteners, washers, seals, trims and flashings; dimensions and capacities remain selected-product data."
SRC-KINGSPAN-AU-RIGID-INSULATION,3,Kingspan Insulation Australia,Australian rigid insulation board families,https://www.insulation.kingspan.com/au/en/business-groups/kingspan-insulation/Kooltherm,2026-08-16T00:00:00+10:00,public_html,not_checked_no_crawl,not_checked,Public Australian manufacturer product construction and application terminology paraphrased; certifications and system performance remain product-specific.
SRC-KNAUF-AU-INSULATION-RANGE,3,Knauf Australia,Australian insulation product forms and applications,https://knauf.com/en-AU/p/products/insulation-01828,2026-08-16T00:00:00+10:00,public_html,not_checked_no_crawl,not_checked,"Public Australian manufacturer product-form and application terminology paraphrased; dimensions, ratings and installation remain selected-product evidence."
SRC-KNAUF-PLASTERBOARD-INSTALLATION,3,Knauf Australia,Australian plasterboard installation guide,https://knauf.com/en-AU/our-services/knauf-gypsum/training/plasterboard-installation-guide,2026-08-16T00:00:00+10:00,public_html,not_checked_no_crawl,not_checked,"Generic installation anatomy and Australian trade terminology paraphrased; product-specific spans, spacings, ratings and instructions remain selected-product evidence."
SRC-KNAUF-PLASTERBOARD-PRODUCTS,3,Knauf Australia,"Australian gypsum boards, compounds, cornices and adhesives product families",https://knauf.com/en-AU/p/products,2026-08-16T00:00:00+10:00,public_html,not_checked_no_crawl,not_checked,"Generic board, compound and adhesive families paraphrased; proprietary names are aliases or examples only."
SRC-KNAUF-WET-AREA-SYSTEM,3,Knauf Australia,Water-resistant plasterboard and wet-area systems,https://knauf.com/en-AU/knauf-gypsum/products-systems/product-range/plasterboard,2026-08-16T00:00:00+10:00,public_html,not_checked_no_crawl,not_checked,Public Australian manufacturer product-family and system terminology paraphrased; performance claims remain product-specific.
SRC-LATHAM-STAIR-NOSINGS,3,Latham Australia,Australian slip-resistant stair tread and nosing systems,https://www.latham-australia.com/asbra-safety-stair-treads-and-nosings,2026-08-16T00:00:00+10:00,public_html,not_checked_no_crawl,not_checked,"Public Australian manufacturer product anatomy and terminology paraphrased; slip ratings, visual contrast, substrates and fixing remain selected-product evidence."
SRC-LEDVANCE-AU-LIGHTING-OVERVIEW,3,LEDVANCE Australia,Australian lighting solutions overview,https://www.ledvance.com.au/_default_upload_bucket/LDV%20A5%20Cat%20Overview%20020724_compressed.pdf,2026-08-16T00:00:00+10:00,public_pdf,not_checked_no_crawl,not_checked,"Generic lamp, downlight, surface light, batten, weatherproof, bulkhead, floodlight, sensor, dimmer, driver and transformer terminology paraphrased; proprietary values and availability remain selected-product data."
SRC-LEGRAND-CABLE-MANAGEMENT,3,Legrand Australia,Australian cable-management trunking and accessory families,https://www.legrand.com.au/en/products/cable-management/trunking/trunking-body-accessories,2026-08-16T00:00:00+10:00,public_html,not_checked_no_crawl,not_checked,"Generic trunking, cover, divider, bend, junction, end-cap and fixing terminology paraphrased; proprietary profiles and dimensions remain selected-product data."
SRC-LEGRAND-RESIDENTIAL-RJ45-PATCH-PANEL,3,Legrand Australia,Residential DIN-rail RJ45 modular patch-panel support,https://www.legrand.com.au/en/catalog/products/lcs3-din-rail-4-x-rj45-modular-patch-panel-support-413180,2026-08-16T00:00:00+10:00,public_html,not_checked_no_crawl,not_checked,"Generic residential patch-panel, DIN-rail support and RJ45 connector anatomy paraphrased; proprietary dimensions and compatibility remain selected-product data."
SRC-LOCKWOOD-CAVITY-SLIDER-LOCK,3,Lockwood Australia,Residential cavity sliding-door locksets,https://www.lockweb.com.au/au/en/products/sliding-door-locks-and-hardware/symmetry-cavity-sliding-door-lock,2026-08-16T00:00:00+10:00,public_html,not_checked_no_crawl,not_checked,"Generic flush furniture, lock body, bolt, retractable edge pull, turn, emergency release, strike and strike-box anatomy paraphrased; proprietary preparation and ratings remain selected-product evidence."
SRC-LOCKWOOD-INTERNAL-LEVERSETS,3,Lockwood Australia,"Residential internal passage, privacy and dummy leversets",https://www.lockweb.com.au/au/en/products/door-handles-levers-and-knobs/rose-door-furniture/vivid-collection-internal-door-leversets/vivid-collection-internal-door-leversets-lever-2,2026-08-16T00:00:00+10:00,public_html,not_checked_no_crawl,not_checked,"Generic handle, rose, latch, spindle, spring, faceplate, strike, dust box, privacy control and fixing anatomy paraphrased; proprietary dimensions and performance remain selected-product evidence."
SRC-LOCKWOOD-INTERNAL-SLIDING-PULLS,3,Lockwood Australia,Internal sliding-door flush pulls,https://www.lockweb.com.au/au/en/products/general-hardware/vivid-collection-sliding-door-flush-pulls,2026-08-16T00:00:00+10:00,public_html,not_checked_no_crawl,not_checked,"Generic recessed flush-pull role and fixing anatomy paraphrased; finish, dimensions and salt-spray result remain selected-product evidence."
SRC-LYSAGHT-ROOFING-WALLING-MANUAL,3,Lysaght / BlueScope,Roofing & Walling Installation Manual,https://cdn.dcs.lysaght.com/download/lysaght-roofing-walling-installation-manual,2026-08-16T00:00:00+10:00,public_pdf,not_checked_no_crawl,not_checked,"Generic physical concepts and product-system relationships paraphrased; proprietary dimensions, capacities, tables and installation rules are not encoded as universal requirements."
SRC-LYSAGHT-WALLING-SOLUTIONS,3,Lysaght / BlueScope,Walling Solutions Design and Installation Manual,https://cdn.dcs.lysaght.com/download/walling-solutions,2026-08-16T00:00:00+10:00,public_pdf,not_checked_no_crawl,not_checked,"Generic steel walling concepts paraphrased; proprietary profiles, spans, capacities, tables and fixing schedules are not encoded as universal requirements."
SRC-MASTERWALL-X-SERIES,3,MasterWall Australia,MasterWall X-Series external insulated cladding system information,https://masterwall.com.au/cladding-systems/x-series/,2026-08-17T00:00:00+10:00,public_html,not_checked_no_crawl,not_checked,"Australian manufacturer terminology paraphrased for EIFS anatomy, insulation panels, fixings, mesh, trims, render layers, battens and weathering accessories; exact installation requirements remain selected-system data."
SRC-MATCHMASTER-TV-RECEPTION-SYSTEMS,3,Matchmaster,Australian television-reception system support and component guidance,https://www.matchmaster.com.au/support/,2026-08-16T00:00:00+10:00,public_html,not_checked_no_crawl,not_checked,"Generic terrestrial-antenna, masthead-amplifier, coaxial-cable, splitter, outlet and power-injector anatomy paraphrased; reception design and proprietary performance remain project and product inputs."
SRC-MATERIALISED-WALLCOVERING-INSTALL,3,Materialised Australia,Australian specialist wallcovering installation guidance,https://materialised.com.au/resources/installation/handcrafted-wallpaper/,2026-08-16T00:00:00+10:00,public_html,not_checked_no_crawl,not_checked,"Generic table-trimmed wallcovering, adhesive film, test drop, butt seam and cleaning concepts paraphrased; proprietary material and installation requirements remain selected-product evidence."
SRC-MILTON-KING-WALLPAPER-INSTALL,3,Milton & King Australia,"Australian wallpaper preparation, adhesive, hanging and seam guidance",https://www.miltonandking.com.au/installation-care/,2026-08-16T00:00:00+10:00,public_html,not_checked_no_crawl,not_checked,"Generic primer, size, paste-the-wall, wallpaper drop, butt seam, pattern and edge concepts paraphrased; proprietary roll widths, adhesives and installation instructions remain selected-product evidence."
SRC-MITSUBISHI-AU-LOSSNAY,3,Mitsubishi Electric Australia,Australian residential heat-recovery ventilation systems and components,https://www.mitsubishielectric.com.au/products/residential/air-treatment/lossnay-ventilation/,2026-08-16T00:00:00+10:00,public_html,not_checked_no_crawl,not_checked,"Generic supply fan, exhaust fan, heat-exchanger core, filters, bypass damper, controller and ducted-air-path anatomy paraphrased; proprietary values remain selected-product data."
SRC-MITSUBISHI-AU-LOSSNAY-SPEC,3,Mitsubishi Electric Australia,Residential heat-recovery ventilator specification and installation anatomy,https://www.mitsubishielectric.com.au/wp-content/uploads/2022/03/N15SGGD0004A_VL-220CZGV-E_Specification-R.pdf,2026-08-16T00:00:00+10:00,public_pdf,not_checked_no_crawl,not_checked,"Generic duct flanges, outdoor hoods, filters, motorised bypass damper, drain hose, fixing bands and maintenance access concepts paraphrased; model-specific instructions are not universal defaults."
SRC-MITSUBISHI-AU-RESIDENTIAL-AC,3,Mitsubishi Electric Australia,Australian residential air-conditioner unit and controller families,https://www.mitsubishielectric.com.au/products/residential/,2026-08-16T00:00:00+10:00,public_html,not_checked_no_crawl,not_checked,"Generic wall, floor, bulkhead, cassette, ducted, multi-split, outdoor-unit and controller families paraphrased; proprietary capacities and dimensions remain selected-product data."
SRC-MODWOOD-AU-INSTALLATION,3,ModWood Technologies,Australian composite decking installation and fixing guides,https://www.modwood.com.au/installation/,2026-08-17T00:00:00+10:00,public_html,not_checked_no_crawl,not_checked,"Australian manufacturer terminology used for WPC boards, face and concealed fixings, gaps, end clearances, ventilation and timber, steel or concrete support interfaces; exact values remain selected-product instructions."
SRC-MPAT-PAINTING-STANDARD,2,Master Painters Association of Tasmania,Australian painting-standard and trade-competency context,https://mpat.com.au/find-a-master-painter/,2026-08-16T00:00:00+10:00,public_html,not_checked_no_crawl,not_checked,Public current-standard identification and general trade considerations paraphrased; no licensed standard content or contractor endorsement is reproduced.
SRC-NARELLAN-FIBREGLASS-POOL-INSTALL,2,Narellan Pools Australia,Fibreglass swimming-pool installation FAQ,https://narellanpools.com.au/faqs/,2026-08-16T00:00:00+10:00,public_html,not_checked_no_crawl,not_checked,"Manufacturer installation terminology paraphrased; selected shell, ground conditions and engineering remain project-specific."
SRC-NASH-GENERAL-GUIDE,2,National Association of Steel-framed Housing,General Guide to Steel-Framed Building,https://nash.asn.au/wp-content/uploads/2022/04/2009NASH_General_Guide_02_1245818372.pdf,2026-08-16T00:00:00+10:00,public_pdf,not_checked_no_crawl,not_checked,Physical concepts and common terminology paraphrased from the public guide; old numeric installation examples are not encoded.
SRC-NASH-NS300-2021,1,National Association of Steel-framed Housing,NASH Standard for Steel Framed Construction in Bushfire Areas 2021 (NS300) metadata,https://nash.asn.au/product/nash-standard-for-steel-framed-construction-in-bushfire-areas-2021-ns300/,2026-08-16T00:00:00+10:00,metadata_only,not_checked_no_crawl,not_checked,Public designation and scope metadata only; licensed construction requirements are not stored.
SRC-NASH-PART1-METADATA,1,National Association of Steel-framed Housing,NASH Standard — Residential and Low-rise Steel Framing Part 1 metadata,https://nash.asn.au/secure-download/nash-standard-residential-and-low-rise-steel-framing-part-1-design-criteria-ns100/,2026-08-16T00:00:00+10:00,public_metadata,not_checked_no_crawl,not_checked,Public product metadata only; licensed standard content is not accessed or reproduced.
SRC-NASH-PART2-METADATA,1,National Association of Steel-framed Housing,NASH Standard — Residential and Low-rise Steel Framing Part 2 metadata,https://nash.asn.au/product/nash-standard-residential-and-low-rise-steel-framing-part-2-design-solutions/,2026-08-16T00:00:00+10:00,public_metadata,not_checked_no_crawl,not_checked,Public product metadata used for scope only; licensed standard content is not accessed or reproduced.
SRC-NASH-STEEL-INNOVATION,2,National Association of Steel-framed Housing and CSIRO,Innovation in Steel Framing,https://www.nash.asn.au/wp-content/uploads/2022/04/steel-innovation_1411524908.pdf,2026-08-16T00:00:00+10:00,public_pdf,not_checked_no_crawl,not_checked,Component families and section-shape concepts paraphrased; property tables are not reproduced.
SRC-NATIONAL-PRECAST-BEAMS,2,National Precast Concrete Association Australia,Precast concrete beam families,https://nationalprecast.com.au/portfolio_page/beams/,2026-08-16T00:00:00+10:00,public_html,not_checked_no_crawl,not_checked,"Generic beam profiles and bearing roles paraphrased; dimensions, reinforcement and connection design remain project-specific."
SRC-NATIONAL-PRECAST-HOLLOWCORE,2,National Precast Concrete Association Australia,Hollowcore precast panels,https://nationalprecast.com.au/portfolio_page/hollowcore-walling/,2026-08-16T00:00:00+10:00,public_html,not_checked_no_crawl,not_checked,"Generic hollowcore panel anatomy and applications paraphrased; proprietary section profiles, spans and bearing details are not generalised."
SRC-NATIONAL-PRECAST-PRODUCTS,2,National Precast Concrete Association Australia,Australian precast concrete product families,https://nationalprecast.com.au/portfolio_page/products/,2026-08-16T00:00:00+10:00,public_html,not_checked_no_crawl,not_checked,Generic product-family and physical-component vocabulary paraphrased; supplier-specific systems and engineering remain selected-product evidence.
SRC-NBN-RESIDENTIAL-PREPARATION-2025,1,nbn co,Preparing new residential developments for the nbn network — public lead-in and equipment guide,https://www.nbnco.com.au/content/dam/nbn/documents/developers/standards/lead-in-equipment-design-standards.pdf.coredownload.pdf,2026-08-16T00:00:00+10:00,public_pdf,not_checked_no_crawl,not_checked,"Generic pathway, lead-in and premises-equipment anatomy paraphrased; network-specific dimensions and acceptance rules remain current nbn project inputs."
SRC-NESS-AU-RESIDENTIAL-ALARM-SYSTEMS,3,Ness Corporation,Australian residential security alarm system kits and component families,https://ness.com.au/security-kits,2026-08-16T00:00:00+10:00,public_html_and_linked_manuals,not_checked_no_crawl,not_checked,"Generic alarm panel, power supply, backup battery, keypad, PIR detector, reed contact, siren, strobe and communicator anatomy paraphrased; proprietary zone capacities, programming and performance remain selected-product data."
SRC-NEWTECHWOOD-AU-CLADDING,3,NewTechWood Australia,Australian wood-plastic composite cladding system information,https://newtechwood.com.au/cladding/,2026-08-17T00:00:00+10:00,public_html,not_checked_no_crawl,not_checked,"Australian manufacturer terminology paraphrased for WPC cladding boards, profiles, clips, starter or end clips, trims, gaps and support interfaces; exact product instructions remain selected-system data."
SRC-NSSA-SECURITY-DOOR-GUIDE,2,National Security Screen Association,Buying a security door — current AS 5039 series overview,https://www.nssa.org.au/buying-a-security-door,2026-08-17T00:00:00+10:00,public_html,not_checked_no_crawl,not_checked,Australian industry-association overview used to distinguish a tested security screen from an ordinary barrier or insect screen and to confirm the current three-part AS 5039 pathway.
SRC-NSW-BESS-AMENDMENT-2025,1,NSW Government,Changes to the battery installation standard,https://www.nsw.gov.au/housing-and-construction/compliance-and-regulation/electricians/electrical-standards-rules-and-notes/changes-to-battery-standard,2026-08-16T00:00:00+10:00,public_html,not_checked_no_crawl,not_checked,Adoption status and public change summary paraphrased; exact clearance values and configurations remain licensed-standard and project data.
SRC-NSW-DRY-PLASTERING-WORK,2,NSW Government,Dry plastering work — licence scope and physical work families,https://www.nsw.gov.au/business-and-economy/licences-and-credentials/building-and-trade-licences-and-registrations/dry-plastering-work,2026-08-16T00:00:00+10:00,public_html,not_checked_no_crawl,not_checked,"Public jurisdictional scope paraphrased; licensing thresholds and practitioner obligations are evidence, not geometry or national rules."
SRC-NSW-ELECTRICAL-STANDARDS,1,NSW Government,"Electrical standards, rules and notes",https://www.nsw.gov.au/housing-and-construction/compliance-and-regulation/electricians/electrical-standards-rules-and-notes,2026-08-16T00:00:00+10:00,public_html,not_checked_no_crawl,not_checked,Regulatory pathway and publicly described installation topics paraphrased; licensed Wiring Rules content is not reproduced.
SRC-NSW-H8-VARIATION,1,Australian Building Codes Board / New South Wales,NSW Part H8 — Livable housing design variation,https://ncc.abcb.gov.au/editions/ncc-2022/adopted/volume-two/5-new-south-wales/h8-livable-housing-design,2026-08-16T00:00:00+10:00,public_html,not_checked_no_crawl,not_checked,Public jurisdiction variation status paraphrased; current NSW legislation and approval date remain controlling.
SRC-NSW-HEALTH-AWTS-CERTIFICATE,1,NSW Health,Accredited aerated wastewater treatment system — component schedule example,https://www.health.nsw.gov.au/environment/domesticwastewater/accreditations/sts-awts058.pdf,2026-08-16T00:00:00+10:00,public_pdf,not_checked_no_crawl,not_checked,Generic chamber and equipment concepts derived from a public accreditation certificate; product values and proprietary arrangement not copied into canonical objects.
SRC-NSW-HEALTH-COMPOSTING-TOILET-GUIDE,1,NSW Health,Waterless composting toilets accreditation guideline,https://www.health.nsw.gov.au/environment/domesticwastewater/Documents/wct-accred-guideline.pdf,2026-08-16T00:00:00+10:00,public_pdf,not_checked_no_crawl,not_checked,Physical terminology paraphrased; standards definitions are not reproduced.
SRC-NSW-HEALTH-ONSITE-WASTEWATER,1,NSW Health,On-site single domestic wastewater management,https://www.health.nsw.gov.au/environment/domesticwastewater/Pages/default.aspx,2026-08-16T00:00:00+10:00,public_html,not_checked_no_crawl,not_checked,"Facility categories, accreditation boundaries and current register metadata paraphrased."
SRC-NSW-HEALTH-RAINWATER,1,NSW Health,Rainwater tanks,https://www.health.nsw.gov.au/environment/water/Pages/rainwater.aspx,2026-08-16T00:00:00+10:00,public_html,not_checked_no_crawl,not_checked,Public-health component and maintenance concepts paraphrased.
SRC-NSW-OWM-GUIDELINES-2026,1,"NSW Department of Planning, Housing and Infrastructure",Onsite Wastewater Management Guidelines,https://www.olg.nsw.gov.au/sites/default/files/2026-02/onsite-wastewater-management-guidelines.pdf,2026-08-16T00:00:00+10:00,public_pdf,not_checked_no_crawl,not_checked,Current government system anatomy and treatment concepts paraphrased; design values remain project metadata.
SRC-NSW-SERVICE-INSTALLATION-RULES-2026,1,NSW Government,Service and Installation Rules of New South Wales — April 2026,https://www.energy.nsw.gov.au/sites/default/files/2026-05/Service-and-Installation-Rules-NSW-April-2026.pdf,2026-08-16T00:00:00+10:00,public_pdf,not_checked_no_crawl,not_checked,"Supply-boundary and service-component concepts paraphrased; network-specific dimensions, diagrams and procedural requirements are not copied into object defaults."
SRC-NSW-SMART-METERS,1,NSW Government,Smart meters — information for electrical workers,https://www.nsw.gov.au/housing-and-construction/compliance-and-regulation/electricians/smart-meters,2026-08-16T00:00:00+10:00,public_html,not_checked_no_crawl,not_checked,"Metering roles and installation interfaces paraphrased; ownership, access and retailer procedures remain jurisdictional metadata."
SRC-NT-LIVABLE-HOUSING,1,"Northern Territory Department of Lands, Planning and Environment",Livable Housing Design in NCC 2022,https://environment.nt.gov.au/lands-planning/building/livable-housing-design-in-national-construction-code-2022,2026-08-16T00:00:00+10:00,public_html,not_checked_no_crawl,not_checked,Public Northern Territory adoption and guidance summary paraphrased; current NT regulations and project permits remain controlling.
SRC-OLEX-CABLE-HANDBOOK-2017,3,Olex Australia,Australian cable handbook,https://www.olex.com.au/dam/jcr%3A1b58b92b-8fd8-4e2f-b93f-fb96c61ad889/Handbook%202017%20Online.pdf,2026-08-16T00:00:00+10:00,public_pdf,not_checked_no_crawl,not_checked,"Generic Australian cable constructions and component terminology paraphrased; legacy tables, current ratings, dimensions and product availability are not encoded as current defaults."
SRC-OLIVERI-KITCHEN-SINK,2,Oliveri Solutions,Australian kitchen sink product construction and installation components,https://www.oliveri.com.au/products/petite-single-bowl-sink-with-drainer/,2026-08-16T00:00:00+10:00,public_html,not_checked_no_crawl,not_checked,"Manufacturer product terminology and component relationships paraphrased; dimensions, availability and installation remain selected-product data."
SRC-OLIVERI-LAUNDRY-TUB,2,Oliveri Solutions,Australian laundry tub product construction and rinse-bypass options,https://oliveri.com.au/products/laundry-70l-tub/,2026-08-16T00:00:00+10:00,public_html,not_checked_no_crawl,not_checked,"Manufacturer product terminology and component relationships paraphrased; capacity, dimensions and installation remain selected-product data."
SRC-PALLISIDE-UPVC-CLADDING,3,Palliside,Australian uPVC weatherboard cladding system information,https://www.palliside.com.au/,2026-08-17T00:00:00+10:00,public_html,not_checked_no_crawl,not_checked,"Australian manufacturer terminology paraphrased for vinyl and uPVC boards, locks, fixing hems, starter strips, J-channels, corner posts and movement clearances; exact values remain selected-product data."
SRC-PALMER-STEEL-STRINGERS,3,Palmer Steel Industries,Australian fabricated steel stair stringers and components,https://www.palmersteel.com.au/,2026-08-16T00:00:00+10:00,public_html,not_checked_no_crawl,not_checked,"Public Australian manufacturer product-family and fabrication terminology paraphrased; member design, welds, coatings and certification remain project-specific."
SRC-PENTAIR-FREEFLO-SAND-FILTER,2,Pentair Australia,FreeFlo sand filter installation and operating information,https://www.pentairpool.com.au/file/get/L300305---FreeFlo-Sand-Fi.pdf,2026-08-16T00:00:00+10:00,public_pdf,not_checked_no_crawl,not_checked,"Manufacturer component terminology paraphrased; sizing, media quantity, pressure limits and installation remain selected-product data."
SRC-PENTAIR-MEGASKIM,2,Pentair Australia,MegaSkim pool skimmer component anatomy,https://www.pentairpool.com.au/pentair-pool-product/megaskim-skimmer/,2026-08-16T00:00:00+10:00,public_html,not_checked_no_crawl,not_checked,Manufacturer component terminology paraphrased; installation and compatibility remain selected-product data.
SRC-PENTAIR-POOL-PUMPS,2,Pentair Australia,Residential swimming-pool pumps,https://www.pentairpool.com.au/pentair-pool-category/pumps/,2026-08-16T00:00:00+10:00,public_html,not_checked_no_crawl,not_checked,"Manufacturer product-family terminology paraphrased; hydraulic duty, energy rating and installation remain selected-product data."
SRC-PENTAIR-POOL-WHITE-GOODS,2,Pentair Australia,Pool white goods and maintenance components,https://www.pentairpool.com.au/pentair-pool-category/white-goods-pool-maintenance/,2026-08-16T00:00:00+10:00,public_html,not_checked_no_crawl,not_checked,"Manufacturer terminology paraphrased; dimensions, compatibility and hydraulic selection remain product data."
SRC-PENTAIR-STARGUARD-DRAIN,2,Pentair Australia,StarGuard pool suction outlet installation guide,https://www.pentairpool.com.au/file/get/StarguardMainDrainIG.pdf,2026-08-16T00:00:00+10:00,public_pdf,not_checked_no_crawl,not_checked,"Manufacturer component terminology paraphrased; outlet layout, flow capacity and installation remain engineered product data."
SRC-POLYAIRE-HVAC-COMPONENTS,3,Polyaire,"Australian residential HVAC duct, fitting, grille, diffuser, return-air and zone-control component families",https://www.polyaire.com.au/one-stop-hvac-shop,2026-08-16T00:00:00+10:00,public_html,not_checked_no_crawl,not_checked,"Generic flexible duct, fittings, plenums, return-air boxes, filters, outlets, dampers, sensors and zone-control component families paraphrased; proprietary dimensions and performance remain selected-product data."
SRC-POLYFLOR-SHEET-INSTALL,3,Polyflor Australia,"Sheet resilient flooring, coving and seam installation",https://www.polyflor.com.au/sites/au/files/2025-03/Section%203%20Installation%20of%20Sheet.pdf,2026-08-16T00:00:00+10:00,public_pdf,not_checked_no_crawl,not_checked,"Generic sheet, adhesive, cove-former, capping-strip, corner and heat-welded-seam anatomy paraphrased; exact installation remains selected-product evidence."
SRC-PORTA-STRUCTAFLOR-MANUAL,3,Porta / Australian Panels,STRUCTAflor flooring installation and design resources,https://www.porta.com.au/technical-data/,2026-08-16T00:00:00+10:00,public_html,not_checked_no_crawl,not_checked,"Generic particleboard-sheet, tongue-and-groove, adhesive, fastener, cut-edge and support anatomy paraphrased; exact spans, fixings and exposure limits remain selected-product and design evidence."
SRC-PROMAT-FIRESTOP-SYSTEMS,3,Promat Australia,Australian fire-stopping systems and product families,https://www.promat.com/en-au/construction/applications/fire-stopping/,2026-08-16T00:00:00+10:00,public_html,not_checked_no_crawl,not_checked,"Public Australian manufacturer product-family and physical-system terminology paraphrased; tested applications, sizes and ratings remain product-specific evidence."
SRC-PROTECTOR-ALUMINIUM-POOL-FENCE,2,Protector Aluminium,Aluminium pool-fence system components,https://protectoraluminium.com.au/products/aluminium-pool-fencing/,2026-08-16T00:00:00+10:00,public_html,not_checked_no_crawl,not_checked,"Manufacturer system terminology paraphrased; barrier layout, compliance, spans and fixings remain selected-system evidence."
SRC-PROTECTOR-GLASS-POOL-SPIGOT,2,Protector Aluminium,Glass pool-fence spigot installation guide,https://www.protectoraluminium.com.au/wp-content/uploads/2024/06/Spigot-Pool-Balustrade-Installation-Guide-2024v1_02.pdf,2026-08-16T00:00:00+10:00,public_pdf,not_checked_no_crawl,not_checked,"Manufacturer component terminology paraphrased; glass engineering, set-out, substrate and fixing remain selected-system evidence."
SRC-PROTECTOR-POOL-GATE-HINGE,2,Protector Aluminium,Self-closing pool-gate hinge installation guide,https://www.protectoraluminium.com.au/wp-content/uploads/2024/11/G8safe-Hinges-Install-Guides-2024-V2.pdf,2026-08-16T00:00:00+10:00,public_pdf,not_checked_no_crawl,not_checked,"Manufacturer hardware terminology paraphrased; adjustment, gate mass and compliance remain selected-system evidence."
SRC-PROTECTOR-POOL-GATE-LATCH,2,Protector Aluminium,Pool-gate latch installation guide,https://www.protectoraluminium.com.au/wp-content/uploads/2024/06/Installation-Guide_Gate-Latches_2024v1.pdf,2026-08-16T00:00:00+10:00,public_pdf,not_checked_no_crawl,not_checked,"Manufacturer hardware terminology paraphrased; latch position, compatibility and compliance remain selected-system evidence."
SRC-PTIA-BONDED-PT,2,Post Tensioning Institute of Australia,Bonded post-tensioning system components,https://ptia.org.au/wp-content/uploads/Appendix-APT04-February-2021.pdf,2026-08-16T00:00:00+10:00,public_pdf,not_checked_no_crawl,not_checked,"Generic tendon, duct, anchorage, grout, vent and support anatomy paraphrased; proprietary installation, stressing and acceptance requirements are not reproduced."
SRC-PTIA-UNBONDED-PT,2,Post Tensioning Institute of Australia,Unbonded monostrand post-tensioning system components,https://www.ptia.org.au/wp-content/uploads/Appendix-APT05-February-2021.pdf,2026-08-16T00:00:00+10:00,public_pdf,not_checked_no_crawl,not_checked,Generic greased-and-sheathed monostrand and anchorage anatomy paraphrased; proprietary system details and structural design remain selected evidence.
SRC-QBCC-TIMBER-DECK-BALCONY,1,Queensland Building and Construction Commission,Timber deck and balcony construction guide,https://www.qbcc.qld.gov.au/resources/guide/timber-deck-balcony-construction,2026-08-17T00:00:00+10:00,public_html,not_checked_no_crawl,not_checked,"Public regulator guidance paraphrased for deck anatomy, durability, maintenance and Queensland context; it is not substituted for adopted law or project engineering."
SRC-QLD-ASNZS3112-2025,1,WorkSafe Queensland Electrical Safety Office,Updated Australian standard for socket-outlets,https://www.worksafe.qld.gov.au/news-and-events/newsletters/esafe-newsletters/esafe-editions/esafe-electrical/2025-newsletters/december-2025/updated-australian-standard-for-socket-outlets,2026-08-16T00:00:00+10:00,public_html,not_checked_no_crawl,not_checked,Edition transition and public product-change summary paraphrased; licensed test specifications are not reproduced.
SRC-QLD-MODERN-HOMES,1,Queensland Department of Housing and Public Works,Queensland Modern Homes standards,https://www.chde.qld.gov.au/initiatives/modern-homes/modern-homes-standards,2026-08-16T00:00:00+10:00,public_html,not_checked_no_crawl,not_checked,Public Queensland adoption and local-path summary paraphrased; QDC MP 4.5 and current legislation remain controlling.
SRC-RAVEN-AU-WEATHER-SEALS,3,Raven Products Australia,Australian door and window weather- and energy-sealing systems,https://raven.com.au/,2026-08-16T00:00:00+10:00,public_html,not_checked_no_crawl,not_checked,"Public Australian seal families, materials and host terminology paraphrased; tested systems and compatibility remain product-specific."
SRC-REHAU-AU-HYDRONIC,3,REHAU Australia,Australian hydronic underfloor-heating and radiator-connection systems,https://www.rehau.com/au-en/building-solutions/hydronic-heating-and-cooling,2026-08-16T00:00:00+10:00,public_html,not_checked_no_crawl,not_checked,"Generic hydronic pipe, underfloor loop and radiator-connection system concepts paraphrased; proprietary product details remain selected-product data."
SRC-REHAU-UNDERFLOOR-GUIDE,3,REHAU,Underfloor-heating system installation guide and component anatomy,https://www.rehau.com/downloads/594742/floor-heating-installation-guide.pdf,2026-08-16T00:00:00+10:00,public_pdf,not_checked_no_crawl,not_checked,"Generic heating loops, manifold, compression connection, room thermostat, circuit actuator and repair-coupling concepts paraphrased; jurisdiction and product-specific instructions remain project inputs."
SRC-RHEEM-WATER-HEATER-INSTALL,2,Rheem Australia,Australian storage water-heater installation instructions,https://www.rheem.com.au/rheem/medias/install-instruct-Rheem-gas-indoor-800-series-122630-Rev-01-2024-Nov.pdf,2026-08-16T00:00:00+10:00,public_pdf,not_checked_no_crawl,not_checked,Generic installation component concepts paraphrased; model-specific values and arrangements remain selected-product data.
SRC-RMIT-BEARER,2,RMIT University Learning Lab,Sub-floor framing — Bearers,https://learninglab.rmit.edu.au/Toolbox/buildright/content/bcgbc4010a/10_floor_systems/09_sub_floor_bearers/page_001.htm,2026-08-16T00:00:00+10:00,public_html,not_checked_no_crawl,not_checked,Educational concepts paraphrased.
SRC-RMIT-BOTTOM-PLATE,2,RMIT University Learning Lab,Timber wall framing — Bottom plates,https://learninglab.rmit.edu.au/Toolbox/buildright/content/bcgbc4010a/11_wall_systems/01_timber_wall_framing/page_009.htm,2026-08-16T00:00:00+10:00,public_html,not_checked_no_crawl,not_checked,Educational concepts paraphrased.
SRC-RMIT-CEILING-JOIST,2,RMIT University Learning Lab,Conventional roof framing — Ceiling joists,https://learninglab.rmit.edu.au/Toolbox/buildright/content/bcgbc4010a/12_roof_systems/02_conventional_roof_framing/page_002.htm,2026-08-16T00:00:00+10:00,public_html,not_checked_no_crawl,not_checked,Educational concepts paraphrased.
SRC-RMIT-COLLAR-TIE,2,RMIT University Learning Lab,Conventional roof framing — Collar ties,https://learninglab.rmit.edu.au/Toolbox/buildright/content/bcgbc4010a/12_roof_systems/02_conventional_roof_framing/page_009.htm,2026-08-16T00:00:00+10:00,public_html,not_checked_no_crawl,not_checked,Educational concepts paraphrased.
SRC-RMIT-COMMON-STUD,2,RMIT University Learning Lab,Timber wall framing — Common studs,https://learninglab.rmit.edu.au/Toolbox/buildright/content/bcgbc4010a/11_wall_systems/01_timber_wall_framing/page_004.htm,2026-08-16T00:00:00+10:00,public_html,not_checked_no_crawl,not_checked,Educational concepts paraphrased.
SRC-RMIT-DEEP-JOIST,2,RMIT University Learning Lab,Sub-floor framing — Deep floor joists,https://learninglab.rmit.edu.au/Toolbox/buildright/content/bcgbc4010a/10_floor_systems/10_sub_floor_framing_floor_joists/page_009.htm,2026-08-16T00:00:00+10:00,public_html,not_checked_no_crawl,not_checked,Educational concepts paraphrased.
SRC-RMIT-FLOOR-GENERAL,2,RMIT University Learning Lab,Sub-floor framing — General,https://learninglab.rmit.edu.au/Toolbox/buildright/content/bcgbc4010a/10_floor_systems/08_sub_floor_framing_general/page_001.htm,2026-08-16T00:00:00+10:00,public_html,not_checked_no_crawl,not_checked,Educational concepts paraphrased.
SRC-RMIT-FLOOR-JOIST,2,RMIT University Learning Lab,Sub-floor framing — Floor joists,https://learninglab.rmit.edu.au/Toolbox/buildright/content/bcgbc4010a/10_floor_systems/10_sub_floor_framing_floor_joists/page_001.htm,2026-08-16T00:00:00+10:00,public_html,not_checked_no_crawl,not_checked,Educational concepts paraphrased.
SRC-RMIT-FOOTING-SLAB,2,RMIT University,Footing slabs and strip footings,https://learninglab.rmit.edu.au/Toolbox/buildright/content/bcgbc4010a/09_footing_systems/06_concrete_slabs/page_003.htm,2026-08-16T00:00:00+10:00,public_html,not_checked_no_crawl,not_checked,Concepts paraphrased from public educational material; current application limits are not inferred from this legacy page.
SRC-RMIT-FOOTINGS-INTRO,2,RMIT University,Footing systems,https://learninglab.rmit.edu.au/Toolbox/buildright/content/bcgbc4010a/09_footing_systems/topic_index.htm,2026-08-16T00:00:00+10:00,public_html,not_checked_no_crawl,not_checked,Concepts paraphrased from public educational material.
SRC-RMIT-FOUNDATION-SOILS,2,RMIT University,The bearing pressure of foundation soils,https://learninglab.rmit.edu.au/Toolbox/buildright/content/bcgbc4010a/09_footing_systems/01_foundation_soils/page_001.htm,2026-08-16T00:00:00+10:00,public_html,not_checked_no_crawl,not_checked,Concepts paraphrased from public educational material.
SRC-RMIT-HANGING-BEAM,2,RMIT University Learning Lab,Conventional roof framing — Hanging beams,https://learninglab.rmit.edu.au/Toolbox/buildright/content/bcgbc4010a/12_roof_systems/02_conventional_roof_framing/page_003.htm,2026-08-16T00:00:00+10:00,public_html,not_checked_no_crawl,not_checked,Educational concepts paraphrased.
SRC-RMIT-HIP-TRUSSES,2,RMIT University Learning Lab,The various trusses for hip roof systems,https://learninglab.rmit.edu.au/Toolbox/buildright/content/bcgbc4010a/12_roof_systems/04_roof_trusses_general/page_005.htm,2026-08-16T00:00:00+10:00,public_html,not_checked_no_crawl,not_checked,Educational concepts paraphrased.
SRC-RMIT-JACK-STUD,2,RMIT University Learning Lab,Timber wall framing — Jack studs,https://learninglab.rmit.edu.au/Toolbox/buildright/content/bcgbc4010a/11_wall_systems/01_timber_wall_framing/page_007.htm,2026-08-16T00:00:00+10:00,public_html,not_checked_no_crawl,not_checked,Educational concepts paraphrased.
SRC-RMIT-JAMB-STUD,2,RMIT University Learning Lab,Timber wall framing — Jamb studs,https://learninglab.rmit.edu.au/Toolbox/buildright/content/bcgbc4010a/11_wall_systems/01_timber_wall_framing/page_006.htm,2026-08-16T00:00:00+10:00,public_html,not_checked_no_crawl,not_checked,Educational concepts paraphrased.
SRC-RMIT-LINTEL,2,RMIT University Learning Lab,Timber wall framing — Lintels,https://learninglab.rmit.edu.au/Toolbox/buildright/content/bcgbc4010a/11_wall_systems/01_timber_wall_framing/page_003.htm,2026-08-16T00:00:00+10:00,public_html,not_checked_no_crawl,not_checked,Educational concepts paraphrased.
SRC-RMIT-MASONRY-ARTICULATION,2,RMIT University,Masonry cladding — articulation joints,https://learninglab.rmit.edu.au/Toolbox/buildright/content/bcgbc4010a/13_cladding_systems/04_masonry_cladding/page_005.htm,2026-08-16T00:00:00+10:00,public_html,not_checked_no_crawl,not_checked,Concepts paraphrased from public educational material; historical numerical guidance is not encoded.
SRC-RMIT-MASONRY-FLASHINGS,2,RMIT University,Masonry cladding — flashings,https://learninglab.rmit.edu.au/Toolbox/buildright/content/bcgbc4010a/13_cladding_systems/04_masonry_cladding/page_003.htm,2026-08-16T00:00:00+10:00,public_html,not_checked_no_crawl,not_checked,Concepts paraphrased from public educational material; historical numerical guidance is not encoded.
SRC-RMIT-MASONRY-TIES-CAVITIES,2,RMIT University,Masonry cladding — ties and cavities,https://learninglab.rmit.edu.au/Toolbox/buildright/content/bcgbc4010a/13_cladding_systems/04_masonry_cladding/page_002.htm,2026-08-16T00:00:00+10:00,public_html,not_checked_no_crawl,not_checked,Concepts paraphrased from public educational material; historical numerical guidance is not encoded.
SRC-RMIT-MASONRY-VENEER,2,RMIT University,Masonry cladding — brick veneer introduction,https://learninglab.rmit.edu.au/Toolbox/buildright/content/bcgbc4010a/13_cladding_systems/04_masonry_cladding/page_001.htm,2026-08-16T00:00:00+10:00,public_html,not_checked_no_crawl,not_checked,Concepts paraphrased from public educational material; historical numerical guidance is not encoded.
SRC-RMIT-NOGGING,2,RMIT University Learning Lab,Timber wall framing — Noggings,https://learninglab.rmit.edu.au/Toolbox/buildright/content/bcgbc4010a/11_wall_systems/01_timber_wall_framing/page_008.htm,2026-08-16T00:00:00+10:00,public_html,not_checked_no_crawl,not_checked,Educational concepts paraphrased.
SRC-RMIT-RAFTER,2,RMIT University Learning Lab,Conventional roof framing — Rafters,https://learninglab.rmit.edu.au/Toolbox/buildright/content/bcgbc4010a/12_roof_systems/02_conventional_roof_framing/page_010.htm,2026-08-16T00:00:00+10:00,public_html,not_checked_no_crawl,not_checked,Educational concepts paraphrased.
SRC-RMIT-REINFORCEMENT-SUPPORTS,2,RMIT University,Supporting concrete reinforcement,https://learninglab.rmit.edu.au/Toolbox/buildright/content/bcgbc4010a/10_floor_systems/03_concrete_slab_reinforcement/page_002.htm,2026-08-16T00:00:00+10:00,public_html,not_checked_no_crawl,not_checked,Concepts paraphrased from public educational material.
SRC-RMIT-RIDGEBOARD,2,RMIT University Learning Lab,Conventional roof framing — Ridgeboards,https://learninglab.rmit.edu.au/Toolbox/buildright/content/bcgbc4010a/12_roof_systems/02_conventional_roof_framing/page_011.htm,2026-08-16T00:00:00+10:00,public_html,not_checked_no_crawl,not_checked,Educational concepts paraphrased.
SRC-RMIT-ROOF-INTRO,2,RMIT University Learning Lab,Conventional roof framing — Introduction,https://learninglab.rmit.edu.au/Toolbox/buildright/content/bcgbc4010a/12_roof_systems/02_conventional_roof_framing/page_001.htm,2026-08-16T00:00:00+10:00,public_html,not_checked_no_crawl,not_checked,Educational concepts paraphrased.
SRC-RMIT-ROOF-STRUT,2,RMIT University Learning Lab,Conventional roof framing — Roof struts,https://learninglab.rmit.edu.au/Toolbox/buildright/content/bcgbc4010a/12_roof_systems/02_conventional_roof_framing/page_006.htm,2026-08-16T00:00:00+10:00,public_html,not_checked_no_crawl,not_checked,Educational concepts paraphrased.
SRC-RMIT-ROOF-TILE-FIXING,2,RMIT University,Fixing terracotta and cement tiles,https://learninglab.rmit.edu.au/Toolbox/buildright/content/bcgbc4010a/12_roof_systems/10_roof_cladding_tiles/page_002.htm,2026-08-16T00:00:00+10:00,public_html,not_checked_no_crawl,not_checked,Physical fixing and capping concepts paraphrased; diagrams and teaching text are not reproduced.
SRC-RMIT-STEPPED-FOOTING,2,RMIT University,Stepped footings,https://learninglab.rmit.edu.au/Toolbox/buildright/content/bcgbc4010a/09_footing_systems/05_stepped_footings/page_001.htm,2026-08-16T00:00:00+10:00,public_html,not_checked_no_crawl,not_checked,Concepts paraphrased from public educational material.
SRC-RMIT-STIFFENED-RAFT,2,RMIT University,Stiffened raft slabs,https://learninglab.rmit.edu.au/Toolbox/buildright/content/bcgbc4010a/09_footing_systems/06_concrete_slabs/page_001.htm,2026-08-16T00:00:00+10:00,public_html,not_checked_no_crawl,not_checked,Concepts paraphrased from public educational material; old numerical examples are not used as current requirements.
SRC-RMIT-STIFFENED-RAFT-DETAIL,2,RMIT University,More about stiffened raft slabs,https://learninglab.rmit.edu.au/Toolbox/buildright/content/bcgbc4010a/09_footing_systems/06_concrete_slabs/page_002.htm,2026-08-16T00:00:00+10:00,public_html,not_checked_no_crawl,not_checked,Used for placement concepts only; legacy BCA numeric references are not treated as current requirements.
SRC-RMIT-STRIP-FOOTING,2,RMIT University,Strip footings — Introduction,https://learninglab.rmit.edu.au/Toolbox/buildright/content/bcgbc4010a/09_footing_systems/04_strip_footings/page_001.htm,2026-08-16T00:00:00+10:00,public_html,not_checked_no_crawl,not_checked,Concepts paraphrased from public educational material.
SRC-RMIT-STRUTTING-BEAM,2,RMIT University Learning Lab,Conventional roof framing — Strutting beams,https://learninglab.rmit.edu.au/Toolbox/buildright/content/bcgbc4010a/12_roof_systems/02_conventional_roof_framing/page_004.htm,2026-08-16T00:00:00+10:00,public_html,not_checked_no_crawl,not_checked,Educational concepts paraphrased.
SRC-RMIT-STUMP-PAD,2,RMIT University,Stump and pad footings — Introduction,https://learninglab.rmit.edu.au/Toolbox/buildright/content/bcgbc4010a/09_footing_systems/03_stump_pad/page_001.htm,2026-08-16T00:00:00+10:00,public_html,not_checked_no_crawl,not_checked,Concepts paraphrased from public educational material.
SRC-RMIT-TOP-PLATE,2,RMIT University Learning Lab,Timber wall framing — Top plate,https://learninglab.rmit.edu.au/Toolbox/buildright/content/bcgbc4010a/11_wall_systems/01_timber_wall_framing/page_002.htm,2026-08-16T00:00:00+10:00,public_html,not_checked_no_crawl,not_checked,Educational concepts paraphrased.
SRC-RMIT-TRUSS-BRACING,2,RMIT University Learning Lab,Roof trusses — Bracing,https://learninglab.rmit.edu.au/Toolbox/buildright/content/bcgbc4010a/12_roof_systems/05_roof_trusses_bracing/page_001.htm,2026-08-16T00:00:00+10:00,public_html,not_checked_no_crawl,not_checked,Educational concepts paraphrased.
SRC-RMIT-TRUSS-CONNECTIONS,2,RMIT University Learning Lab,Roof trusses — Common truss connections,https://learninglab.rmit.edu.au/Toolbox/buildright/content/bcgbc4010a/12_roof_systems/06_roof_trusses_connections/page_001.htm,2026-08-16T00:00:00+10:00,public_html,not_checked_no_crawl,not_checked,Educational concepts paraphrased.
SRC-RMIT-TRUSS-GENERAL,2,RMIT University Learning Lab,Roof trusses — General,https://learninglab.rmit.edu.au/Toolbox/buildright/content/bcgbc4010a/12_roof_systems/04_roof_trusses_general/page_001.htm,2026-08-16T00:00:00+10:00,public_html,not_checked_no_crawl,not_checked,Educational concepts paraphrased.
SRC-RMIT-TRUSS-MEMBERS,2,RMIT University Learning Lab,Terms for roof truss members,https://learninglab.rmit.edu.au/Toolbox/buildright/content/bcgbc4010a/12_roof_systems/04_roof_trusses_general/page_003.htm,2026-08-16T00:00:00+10:00,public_html,not_checked_no_crawl,not_checked,Educational concepts paraphrased.
SRC-RMIT-UNDERPURLIN,2,RMIT University Learning Lab,Conventional roof framing — Underpurlins,https://learninglab.rmit.edu.au/Toolbox/buildright/content/bcgbc4010a/12_roof_systems/02_conventional_roof_framing/page_008.htm,2026-08-16T00:00:00+10:00,public_html,not_checked_no_crawl,not_checked,Educational concepts paraphrased.
SRC-RMIT-WAFFLE-RAFT,2,RMIT University,Waffle raft slabs,https://learninglab.rmit.edu.au/Toolbox/buildright/content/bcgbc4010a/09_footing_systems/06_concrete_slabs/page_005.htm,2026-08-16T00:00:00+10:00,public_html,not_checked_no_crawl,not_checked,Concepts paraphrased from public educational material; old numerical examples are not used as current requirements.
SRC-RMIT-WAFFLE-RAFT-FEATURES,2,RMIT University,Features of waffle raft slabs,https://learninglab.rmit.edu.au/Toolbox/buildright/content/bcgbc4010a/09_footing_systems/06_concrete_slabs/page_006.htm,2026-08-16T00:00:00+10:00,public_html,not_checked_no_crawl,not_checked,"Used to identify void formers, ribs and reinforcement options; historical dimensions are not encoded."
SRC-RMIT-WALL-BRACING,2,RMIT University Learning Lab,Wall systems — Bracing,https://learninglab.rmit.edu.au/Toolbox/buildright/content/bcgbc4010a/11_wall_systems/02_bracing/page_001.htm,2026-08-16T00:00:00+10:00,public_html,not_checked_no_crawl,not_checked,Educational concepts paraphrased.
SRC-RMIT-WALL-INTRO,2,RMIT University Learning Lab,Timber wall framing — Introduction,https://learninglab.rmit.edu.au/Toolbox/buildright/content/bcgbc4010a/11_wall_systems/01_timber_wall_framing/page_001.htm,2026-08-16T00:00:00+10:00,public_html,not_checked_no_crawl,not_checked,Educational concepts paraphrased.
SRC-RONDO-DUO-EXPOSED-GRID,3,Rondo Building Services,Australian exposed-grid suspended ceiling system anatomy,https://www.rondo.com.au/products/ceilings/duo-exposed-grid-ceiling-system,2026-08-16T00:00:00+10:00,public_html,not_checked_no_crawl,not_checked,"Generic main tee, cross tee, perimeter trim, suspension and lay-in panel terminology paraphrased; proprietary capacities and details remain selected-system evidence."
SRC-RONDO-KEYLOCK-SUSPENDED,3,Rondo Building Services,Australian concealed suspended ceiling system anatomy,https://www.rondo.com.au/products/ceilings/key-lock-concealed-suspended-ceiling-system,2026-08-16T00:00:00+10:00,public_html,not_checked_no_crawl,not_checked,"Generic rails, channels, rods, clips, brackets, tracks and joiners paraphrased; proprietary names, capacities and spacings remain selected-system evidence."
SRC-SA-AS-1288-2021,1,Standards Australia,AS 1288:2021 public metadata,https://store.standards.org.au/product/as-1288-2021,2026-08-16T00:00:00+10:00,metadata_only,not_checked_no_crawl,not_checked,"Official public title, scope and status metadata only; licensed standard content is not accessed or reproduced."
SRC-SA-AS-13007-6-2022,1,Standards Australia,AS 13007.6:2022 public metadata,https://store.standards.org.au/product/as-13007-6-2022,2026-08-16T00:00:00+10:00,metadata_only,not_checked_no_crawl,not_checked,"Official public title, scope and status metadata only; test and classification content is not reproduced."
SRC-SA-AS-1428-1-2021,1,Standards Australia,AS 1428.1:2021 — Design for access and mobility — General requirements for access — New building work,https://store.standards.org.au/product/as-1428-1-2021,2026-08-16T00:00:00+10:00,metadata_only,not_checked_no_crawl,not_checked,"Public designation, edition and scope metadata only; no licensed accessible-design dimensions or figures stored."
SRC-SA-AS-1530-4-2014,1,Standards Australia,AS 1530.4:2014 public metadata,https://store.standards.org.au/product/as-1530-4-2014,2026-08-16T00:00:00+10:00,metadata_only,not_checked_no_crawl,not_checked,"Official public title, scope and publication metadata only; fire-test procedures and criteria are not reproduced."
SRC-SA-AS-1530-8-1-2018,1,Standards Australia,AS 1530.8.1:2018 public product metadata,https://store.standards.org.au/product/as-1530-8-1-2018,2026-08-16T00:00:00+10:00,metadata_only,not_checked_no_crawl,not_checked,"Public designation, title and publication status only; licensed test methods are not stored."
SRC-SA-AS-1530-8-2-2018,1,Standards Australia,AS 1530.8.2:2018 public product metadata,https://store.standards.org.au/product/as-1530-8-2-2018,2026-08-16T00:00:00+10:00,metadata_only,not_checked_no_crawl,not_checked,"Public designation, title and publication status only; licensed test methods are not stored."
SRC-SA-AS-1562-1-2018,1,Standards Australia,AS 1562.1:2018 public metadata,https://store.standards.org.au/product/as-1562-1-2018,2026-08-16T00:00:00+10:00,public_metadata,not_checked_no_crawl,not_checked,Official public product metadata only; licensed standard content is not accessed or reproduced.
SRC-SA-AS-1562-3-2006,1,Standards Australia,AS 1562.3-2006 public metadata,https://store.standards.org.au/product/as-1562-3-2006,2026-08-16T00:00:00+10:00,public_metadata,not_checked_no_crawl,not_checked,Official public product metadata and contents only; licensed standard text is not accessed or reproduced.
SRC-SA-AS-1603-3-2018,1,Standards Australia,AS 1603.3:2018 public metadata,https://store.standards.org.au/product/as-1603-3-2018,2026-08-16T00:00:00+10:00,metadata_only,not_checked_no_crawl,not_checked,"Official public title, point-type heat detector scope and status metadata only; licensed test requirements are not reproduced."
SRC-SA-AS-1668-2-2012,1,Standards Australia,AS 1668.2:2012 public metadata,https://store.standards.org.au/product/as-1668-2-2012,2026-08-16T00:00:00+10:00,metadata_only,not_checked_no_crawl,not_checked,"Official public title, mechanical-ventilation scope and publication metadata only; licensed design provisions are not reproduced."
SRC-SA-AS-1670-1-2024,1,Standards Australia,AS 1670.1:2024 public metadata,https://store.standards.org.au/product/as-1670-1-2024,2026-08-16T00:00:00+10:00,metadata_only,not_checked_no_crawl,not_checked,"Official public title, scope, edition and status metadata only; system-design requirements are not reproduced."
SRC-SA-AS-1851-2012,1,Standards Australia,AS 1851:2012 public metadata,https://store.standards.org.au/product/as-1851-2012,2026-08-16T00:00:00+10:00,metadata_only,not_checked_no_crawl,not_checked,"Official public maintenance-standard title, scope and status metadata only; servicing requirements are not reproduced."
SRC-SA-AS-1905-1-2015,1,Standards Australia,AS 1905.1:2015 public metadata,https://store.standards.org.au/product/as-1905-1-2015,2026-08-16T00:00:00+10:00,metadata_only,not_checked_no_crawl,not_checked,"Official public title, doorset scope, amendment and status metadata only; licensed construction and installation provisions are not reproduced."
SRC-SA-AS-1926-1-2012,1,Standards Australia,AS 1926.1:2012 public product metadata,https://store.standards.org.au/product/as-1926-1-2012,2026-08-16T00:00:00+10:00,metadata_only,not_checked_no_crawl,not_checked,"Public designation, title and superseded status only; licensed standard text is not stored."
SRC-SA-AS-1926-1-2024,1,Standards Australia,AS 1926.1:2024 public product metadata,https://store.standards.org.au/product/as-1926-1-2024,2026-08-16T00:00:00+10:00,metadata_only,not_checked_no_crawl,not_checked,"Public designation, title, publication status and scope metadata only; licensed standard text is not stored."
SRC-SA-AS-1926-2-2007,1,Standards Australia,AS 1926.2:2007 public product metadata,https://store.standards.org.au/product/as-1926-2-2007,2026-08-16T00:00:00+10:00,metadata_only,not_checked_no_crawl,not_checked,"Public designation, title and publication status only; licensed standard text is not stored."
SRC-SA-AS-1926-3-2010,1,Standards Australia,AS 1926.3:2010 public product metadata,https://store.standards.org.au/product/as-1926-3-2010,2026-08-16T00:00:00+10:00,metadata_only,not_checked_no_crawl,not_checked,"Public designation, title and publication status only; licensed standard text is not stored."
SRC-SA-AS-2047-2014,1,Standards Australia,AS 2047:2014 public metadata,https://store.standards.org.au/product/as-2047-2014,2026-08-16T00:00:00+10:00,metadata_only,not_checked_no_crawl,not_checked,Official public title and status metadata only; licensed standard content is not accessed or reproduced.
SRC-SA-AS-2049-2002,1,Standards Australia,AS 2049-2002 public metadata,https://store.standards.org.au/product/as-2049-2002,2026-08-16T00:00:00+10:00,public_metadata,not_checked_no_crawl,not_checked,Official public product metadata only; licensed standard content is not accessed or reproduced.
SRC-SA-AS-3740-2021,1,Standards Australia,AS 3740:2021 public metadata,https://store.standards.org.au/product/as-3740-2021,2026-08-16T00:00:00+10:00,metadata_only,not_checked_no_crawl,not_checked,"Official public title, scope, edition and status metadata only; licensed content is not accessed or reproduced."
SRC-SA-AS-3786-2023,1,Standards Australia,AS 3786:2023 public metadata,https://store.standards.org.au/product/as-3786-2023,2026-08-16T00:00:00+10:00,metadata_only,not_checked_no_crawl,not_checked,"Official public title, product scope, edition and status metadata only; test methods and performance criteria are not reproduced."
SRC-SA-AS-3958-2023,1,Standards Australia,AS 3958:2023 public metadata,https://store.standards.org.au/product/as-3958-2023,2026-08-16T00:00:00+10:00,metadata_only,not_checked_no_crawl,not_checked,Official public title and publication metadata plus lawful public preview scope only; licensed installation requirements are not reproduced.
SRC-SA-AS-3959-2018,1,Standards Australia,AS 3959:2018 public product metadata,https://store.standards.org.au/product/as-3959-2018,2026-08-16T00:00:00+10:00,metadata_only,not_checked_no_crawl,not_checked,"Public designation, title and publication status only; licensed standard text is not stored."
SRC-SA-AS-3999-2015,1,Standards Australia,AS 3999:2015 public metadata,https://store.standards.org.au/product/as-3999-2015,2026-08-16T00:00:00+10:00,metadata_only,not_checked_no_crawl,not_checked,"Official public title, bulk-insulation installation scope, amendment and status metadata only; licensed installation and safety provisions are not reproduced."
SRC-SA-AS-4072-1-2005,1,Standards Australia,AS 4072.1:2005 public metadata,https://store.standards.org.au/product/as-4072-1-2005,2026-08-16T00:00:00+10:00,metadata_only,not_checked_no_crawl,not_checked,"Official public title, scope, amendment and status metadata only; licensed penetration and control-joint provisions are not reproduced."
SRC-SA-AS-4200-1-2017,1,Standards Australia,AS 4200.1:2017 public metadata,https://store.standards.org.au/product/as-4200-1-2017,2026-08-16T00:00:00+10:00,metadata_only,not_checked_no_crawl,not_checked,"Official public title, scope and publication metadata only; licensed material classifications and test provisions are not reproduced."
SRC-SA-AS-4200-2-2017,1,Standards Australia,AS 4200.2:2017 public metadata,https://store.standards.org.au/product/as-4200-2-2017,2026-08-16T00:00:00+10:00,metadata_only,not_checked_no_crawl,not_checked,"Official public title, scope, amendments and status metadata only; licensed installation details are not reproduced."
SRC-SA-AS-4420-1-2016,1,Standards Australia,AS 4420.1:2016 public metadata,https://store.standards.org.au/product/as-4420-1-2016,2026-08-16T00:00:00+10:00,metadata_only,not_checked_no_crawl,not_checked,Official public title and status metadata only; licensed test methods are not accessed or reproduced.
SRC-SA-AS-4586-2013,1,Standards Australia,AS 4586:2013 — Slip resistance classification of new pedestrian surface materials,https://store.standards.org.au/product/as-4586-2013,2026-08-16T00:00:00+10:00,metadata_only,not_checked_no_crawl,not_checked,"Public designation, edition and scope metadata only; no licensed test methods or classification tables stored."
SRC-SA-AS-4597-1999,1,Standards Australia,AS 4597-1999 public metadata,https://store.standards.org.au/product/as-4597-1999,2026-08-16T00:00:00+10:00,public_metadata,not_checked_no_crawl,not_checked,Official public product metadata only; licensed standard content is not accessed or reproduced.
SRC-SA-AS-4666-2012,1,Standards Australia via Building Information Gateway,AS 4666:2012 Insulating glass units public metadata,https://www.buildinginformationgateway.com.au/library/as-4666-2012-insulating-glass-units,2026-08-16T00:00:00+10:00,metadata_only,not_checked_no_crawl,not_checked,Authorised public metadata and amendment history only; licensed standard content is not accessed or reproduced.
SRC-SA-AS-4740-2025,1,Standards Australia,AS 4740:2025 public metadata,https://store.standards.org.au/product/as-4740-2025,2026-08-16T00:00:00+10:00,metadata_only,not_checked_no_crawl,not_checked,"Official public title, natural-ventilator scope and current status metadata only; classification and performance requirements are not reproduced."
SRC-SA-AS-5146-1-2015,1,Standards Australia,AS 5146.1:2015 public metadata,https://store.standards.org.au/product/as-5146-1-2015,2026-08-16T00:00:00+10:00,public_metadata,not_checked_no_crawl,not_checked,Official public product metadata only; licensed standard content is not accessed or reproduced.
SRC-SA-AS-5146-2-2018,1,Standards Australia,AS 5146.2:2018 public metadata,https://store.standards.org.au/product/as-5146-2-2018,2026-08-16T00:00:00+10:00,public_metadata,not_checked_no_crawl,not_checked,Official public product metadata only; licensed standard content is not accessed or reproduced.
SRC-SA-AS-5146-3-2018,1,Standards Australia,AS 5146.3:2018 public metadata,https://store.standards.org.au/product/as-5146-3-2018,2026-08-16T00:00:00+10:00,public_metadata,not_checked_no_crawl,not_checked,Official public product metadata only; licensed standard content is not accessed or reproduced.
SRC-SA-AS-5203-2016,1,Standards Australia,New standard for fall prevention from openable windows,https://www.standards.org.au/news/new-standard-for-fall-prevention-from-openable-windows,2026-08-16T00:00:00+10:00,public_html,not_checked_no_crawl,not_checked,"Official publication announcement, title, purpose and relationship to NCC window-fall provisions only; licensed test methods are not reproduced."
SRC-SA-AS-ISO-717-1-2024,1,Standards Australia,AS ISO 717.1:2024 public product metadata,https://store.standards.org.au/product/as-iso-717-1-2024,2026-08-16T00:00:00+10:00,metadata_only,not_checked_no_crawl,not_checked,"Public designation, title, publication status and scope metadata only; licensed standard text is not stored."
SRC-SA-AS-NZS-1163-2016,1,Standards Australia,AS/NZS 1163:2016 public metadata,https://store.standards.org.au/product/as-nzs-1163-2016,2026-08-16T00:00:00+10:00,public_metadata,not_checked_no_crawl,not_checked,Official public product metadata only; licensed standard content is not accessed or reproduced.
SRC-SA-AS-NZS-1170-1-2002,1,Standards Australia / Standards New Zealand,"AS/NZS 1170.1:2002 — Structural design actions — Permanent, imposed and other actions",https://store.standards.org.au/product/as-nzs-1170-1-2002,2026-08-16T00:00:00+10:00,metadata_only,not_checked_no_crawl,not_checked,"Public designation, edition and scope metadata only; no licensed loading tables or clauses stored."
SRC-SA-AS-NZS-1252-1-2016,1,Standards Australia,AS/NZS 1252.1:2016 public metadata,https://store.standards.org.au/product/as-nzs-1252-1-2016,2026-08-16T00:00:00+10:00,public_metadata,not_checked_no_crawl,not_checked,Official public product metadata only; licensed standard content is not accessed or reproduced.
SRC-SA-AS-NZS-1554-1-2014,1,Standards Australia,AS/NZS 1554.1:2014 public metadata,https://store.standards.org.au/product/as-nzs-1554-1-2014,2026-08-16T00:00:00+10:00,public_metadata,not_checked_no_crawl,not_checked,Official public product metadata only; licensed standard content is not accessed or reproduced.
SRC-SA-AS-NZS-2208-2023,1,Standards Australia / Standards New Zealand,AS/NZS 2208:2023 public metadata,https://store.standards.org.au/product/as-nzs-2208-2023,2026-08-16T00:00:00+10:00,metadata_only,not_checked_no_crawl,not_checked,"Official public title, scope, status and amendment metadata only; licensed standard content is not accessed or reproduced."
SRC-SA-AS-NZS-2918-2018,1,Standards Australia,AS/NZS 2918:2018 public product metadata,https://store.standards.org.au/product/as-nzs-2918-2018,2026-08-16T00:00:00+10:00,metadata_only,not_checked_no_crawl,not_checked,"Public designation, title and superseded status only; licensed standard text is not stored."
SRC-SA-AS-NZS-2918-2026,1,Standards Australia,AS/NZS 2918:2026 public product metadata,https://store.standards.org.au/product/as-nzs-2918-2026,2026-08-16T00:00:00+10:00,metadata_only,not_checked_no_crawl,not_checked,"Public designation, title and publication status only; licensed standard text is not stored."
SRC-SA-AS-NZS-3678-2016,1,Standards Australia,AS/NZS 3678:2016 public metadata,https://store.standards.org.au/product/as-nzs-3678-2016,2026-08-16T00:00:00+10:00,public_metadata,not_checked_no_crawl,not_checked,Official public product metadata only; licensed standard content is not accessed or reproduced.
SRC-SA-AS-NZS-3679-1-2016,1,Standards Australia,AS/NZS 3679.1:2016 public metadata,https://store.standards.org.au/product/as-nzs-3679-1-2016,2026-08-16T00:00:00+10:00,public_metadata,not_checked_no_crawl,not_checked,Official public product metadata only; licensed standard content is not accessed or reproduced.
SRC-SA-AS-NZS-3679-2-2016,1,Standards Australia,AS/NZS 3679.2:2016 public metadata,https://store.standards.org.au/product/as-nzs-3679-2-2016,2026-08-16T00:00:00+10:00,public_metadata,not_checked_no_crawl,not_checked,Official public product metadata only; licensed standard content is not accessed or reproduced.
SRC-SA-AS-NZS-4858-2004,1,Standards Australia / Standards New Zealand,AS/NZS 4858:2004 public metadata,https://store.standards.org.au/product/as-nzs-4858-2004,2026-08-16T00:00:00+10:00,metadata_only,not_checked_no_crawl,not_checked,"Official public title, classification scope and status metadata only; licensed content is not accessed or reproduced."
SRC-SA-AS-NZS-4859-1-2018,1,Standards Australia,AS/NZS 4859.1:2018 public metadata,https://store.standards.org.au/product/as-nzs-4859-1-2018,2026-08-16T00:00:00+10:00,metadata_only,not_checked_no_crawl,not_checked,"Official public title, insulation-material scope, amendment and status metadata only; product criteria and declaration procedures are not reproduced."
SRC-SA-AS-NZS-4859-2-2018,1,Standards Australia,AS/NZS 4859.2:2018 public metadata,https://store.standards.org.au/product/as-nzs-4859-2-2018,2026-08-16T00:00:00+10:00,metadata_only,not_checked_no_crawl,not_checked,"Official public title, design scope and publication metadata only; licensed thermal calculations are not reproduced."
SRC-SA-AS-NZS-5131-2016,1,Standards Australia,AS/NZS 5131:2016 public metadata,https://store.standards.org.au/product/as-nzs-5131-2016,2026-08-16T00:00:00+10:00,public_metadata,not_checked_no_crawl,not_checked,Official public product metadata only; licensed standard content is not accessed or reproduced.
SRC-SA-AS-NZS-ISO-717-1-2004,1,Standards Australia,AS/NZS ISO 717.1:2004 public product metadata,https://store.standards.org.au/product/as-nzs-iso-717-1-2004,2026-08-16T00:00:00+10:00,metadata_only,not_checked_no_crawl,not_checked,"Public designation, title, status and scope metadata only; licensed standard text is not stored."
SRC-SA-AS13006-2020,1,Standards Australia,AS 13006:2020 public metadata,https://store.standards.org.au/product/as-13006-2020,2026-08-16T00:00:00+10:00,metadata_only,not_checked_no_crawl,not_checked,"Official designation and public product-scope metadata only; licensed classifications, characteristics and marking rules are not reproduced."
SRC-SA-AS1379-2007,1,Standards Australia,AS 1379:2007 Specification and supply of concrete — public catalogue metadata,https://store.standards.org.au/product/as-1379-2007,2026-08-16T00:00:00+10:00,metadata_only,not_checked_no_crawl,not_checked,"Public supply-standard metadata only; mix requirements, acceptance criteria and test provisions remain in the licensed publication."
SRC-SA-AS1478-1-2000,1,Standards Australia,"AS 1478.1:2000 Chemical admixtures for concrete, mortar and grout, Part 1: Admixtures for concrete — public catalogue metadata",https://store.standards.org.au/product/as-1478-1-2000,2026-08-16T00:00:00+10:00,metadata_only,not_checked_no_crawl,not_checked,"Public designation and product-scope metadata only; admixture classes, tests and performance limits are not reproduced."
SRC-SA-AS1668-2-2024,1,Standards Australia,AS 1668.2:2024 mechanical-ventilation edition overview,https://www.standards.org.au/blog/spotlight-on-as-1668-2024,2026-08-16T00:00:00+10:00,public_html,not_checked_no_crawl,not_checked,Official public edition history and high-level scope paraphrased; licensed ventilation calculations and provisions are not reproduced.
SRC-SA-AS1672-1-1997,1,Standards Australia,"AS 1672.1:1997 Limes and limestones, Part 1: Limes for building — public catalogue metadata",https://store.accuristech.com/standards/as-1672-1-1997?product_id=2063012,2026-08-17T00:00:00+10:00,metadata_only,not_checked_no_crawl,not_checked,"Public title, current-status and material-scope metadata only; specifications and test requirements are not reproduced."
SRC-SA-AS1860-2-2006,1,Standards Australia,AS 1860.2:2006 public metadata,https://store.standards.org.au/product/as-1860-2-2006,2026-08-16T00:00:00+10:00,metadata_only,not_checked_no_crawl,not_checked,"Official designation and public scope metadata only; selection, placement, fixing and installation requirements are not reproduced."
SRC-SA-AS1884-2021,1,Standards Australia,AS 1884:2021 public metadata,https://store.standards.org.au/product/as-1884-2021,2026-08-16T00:00:00+10:00,metadata_only,not_checked_no_crawl,not_checked,"Official designation, status and public scope metadata only; licensed substrate tests, limits and installation procedures are not reproduced."
SRC-SA-AS2159-2009,1,Standards Australia,AS 2159:2009 Piling — Design and installation — public catalogue metadata,https://store.standards.org.au/product/as-2159-2009,2026-08-16T00:00:00+10:00,metadata_only,not_checked_no_crawl,not_checked,"Public title, current status and amendment metadata only; design, durability and installation requirements are not reproduced."
SRC-SA-AS2455-1-2019,1,Standards Australia,AS 2455.1:2019 public metadata,https://store.standards.org.au/product/as-2455-1-2019,2026-08-16T00:00:00+10:00,metadata_only,not_checked_no_crawl,not_checked,"Official designation, status and public scope metadata only; licensed carpet installation requirements are not reproduced."
SRC-SA-AS2455-2-2019,1,Standards Australia,AS 2455.2:2019 public metadata,https://store.standards.org.au/product/as-2455-2-2019,2026-08-16T00:00:00+10:00,metadata_only,not_checked_no_crawl,not_checked,"Official designation, status and public title metadata only; licensed carpet-tile installation requirements are not reproduced."
SRC-SA-AS2688-2017,1,Standards Australia,AS 2688:2017 public metadata,https://store.standards.org.au/product/as-2688-2017,2026-08-16T00:00:00+10:00,metadata_only,not_checked_no_crawl,not_checked,"Official public title, status and scope metadata only; licensed door and doorset requirements are not reproduced."
SRC-SA-AS2699-1-2020,1,Standards Australia,"AS 2699.1:2020 Built-in components for masonry construction, Part 1: Wall ties — public catalogue metadata",https://store.standards.org.au/product/as-2699-1-2020,2026-08-17T00:00:00+10:00,metadata_only,not_checked_no_crawl,not_checked,"Official title, status and public wall-tie scope metadata only; test methods, durability classes and performance provisions are not reproduced."
SRC-SA-AS2699-2-2020,1,Standards Australia,"AS 2699.2:2020 Built-in components for masonry construction, Part 2: Connectors and accessories — public catalogue metadata",https://store.standards.org.au/product/as-2699-2-2020,2026-08-17T00:00:00+10:00,metadata_only,not_checked_no_crawl,not_checked,"Official title, status and public scope metadata only; licensed durability tests and performance provisions are not reproduced."
SRC-SA-AS2699-3-2020,1,Standards Australia,"AS 2699.3:2020 Built-in components for masonry construction, Part 3: Lintels and shelf angles — public catalogue metadata",https://store.standards.org.au/product/as-2699-3-2020,2026-08-17T00:00:00+10:00,metadata_only,not_checked_no_crawl,not_checked,"Official title, current status and public durability-scope metadata only; tests, material grades and design provisions are not reproduced."
SRC-SA-AS2753-2018,2,Standards Australia,AS 2753:2018 Adhesives for bonding gypsum plaster linings to wood and metal framing members — public catalogue metadata,https://store.standards.org.au/product/as-2753-2018,2026-08-16T00:00:00+10:00,metadata_only,not_checked_no_crawl,not_checked,"Designation, edition, title and amendment context only; licensed product requirements are not copied."
SRC-SA-AS2758-1-2014,1,Standards Australia,"AS 2758.1:2014 Aggregates and rock for engineering purposes, Part 1: Concrete aggregates — public catalogue metadata",https://store.standards.org.au/product/as-2758-1-2014,2026-08-16T00:00:00+10:00,metadata_only,not_checked_no_crawl,not_checked,Public current-edition and aggregate-scope metadata only; grading and test limits are not reproduced.
SRC-SA-AS2796-1-1999,1,Standards Australia,AS 2796.1:1999 public metadata,https://store.standards.org.au/product/as-2796-1-1999,2026-08-16T00:00:00+10:00,metadata_only,not_checked_no_crawl,not_checked,"Official designation and public product-scope metadata only; licensed grades, tolerances and moisture requirements are not reproduced."
SRC-SA-AS3600-2018,1,Standards Australia,AS 3600:2018 Concrete structures — public catalogue metadata,https://store.standards.org.au/product/as-3600-2018,2026-08-16T00:00:00+10:00,metadata_only,not_checked_no_crawl,not_checked,"Public title, status, amendment and scope metadata only; no licensed clauses, tables, figures or design rules reproduced."
SRC-SA-AS3610-1-2018,1,Standards Australia,"AS 3610.1:2018 Formwork for concrete, Part 1: Specifications — public catalogue metadata",https://store.standards.org.au/product/as-3610-1-2018,2026-08-16T00:00:00+10:00,metadata_only,not_checked_no_crawl,not_checked,"Public scope metadata only; documentation, tolerances and formed-surface requirements are not reproduced."
SRC-SA-AS3610-2-INT-2023,1,Standards Australia,"AS 3610.2 (Int):2023 Formwork for concrete, Part 2: Design and construction — public catalogue metadata",https://store.standards.org.au/product/as-3610-2-int-2023,2026-08-16T00:00:00+10:00,metadata_only,not_checked_no_crawl,not_checked,"Public interim-standard title, current status and scope only; no temporary-works design or construction rules reproduced."
SRC-SA-AS3730-0-2006,1,Standards Australia,AS 3730.0-2006 Guide to the properties of paints for buildings — public catalogue metadata,https://store.standards.org.au/product/as-3730-0-2006,2026-08-16T00:00:00+10:00,metadata_only,not_checked_no_crawl,not_checked,"Official public title, scope, status and table-of-contents metadata only; licensed specifications and tests are not reproduced."
SRC-SA-AS3850-1-2024,1,Standards Australia,"AS 3850.1:2024 Prefabricated concrete elements, Part 1: General requirements — public catalogue metadata",https://store.standards.org.au/product/as-3850-1-2024,2026-08-16T00:00:00+10:00,metadata_only,not_checked_no_crawl,not_checked,Public current-edition and scope metadata only; component tests and insert-capacity provisions are not reproduced.
SRC-SA-AS3850-2-2024,1,Standards Australia,"AS 3850.2:2024 Prefabricated concrete elements, Part 2: Building construction — public catalogue metadata",https://store.standards.org.au/product/as-3850-2-2024,2026-08-16T00:00:00+10:00,metadata_only,not_checked_no_crawl,not_checked,"Public current-edition and scope metadata only; planning, manufacture, transport and erection requirements are not reproduced."
SRC-SA-AS3972-2010,1,Standards Australia,AS 3972:2010 General purpose and blended cements — public catalogue metadata,https://store.standards.org.au/product/as-3972-2010,2026-08-16T00:00:00+10:00,metadata_only,not_checked_no_crawl,not_checked,"Public cement-family scope and current-publication metadata only; composition, property and test limits are not reproduced."
SRC-SA-AS4145-1-2008,1,Standards Australia,AS 4145.1:2008 public metadata,https://store.standards.org.au/product/as-4145-1-2008,2026-08-16T00:00:00+10:00,metadata_only,not_checked_no_crawl,not_checked,"Official public title, status and amendment metadata only; licensed terminology and rating provisions are not reproduced."
SRC-SA-AS4145-2-2008,1,Standards Australia,AS 4145.2:2008 public metadata,https://store.standards.org.au/product/as-4145-2-2008,2026-08-16T00:00:00+10:00,metadata_only,not_checked_no_crawl,not_checked,Official public title and status metadata only; licensed mechanical-lockset test and classification provisions are not reproduced.
SRC-SA-AS4145-5-2011,1,Standards Australia,AS 4145.5:2011 public metadata,https://store.standards.org.au/product/as-4145-5-2011,2026-08-16T00:00:00+10:00,metadata_only,not_checked_no_crawl,not_checked,"Official public title, status and amendment metadata only; licensed controlled-door-closing requirements are not reproduced."
SRC-SA-AS4254-1-2021,1,Standards Australia,AS 4254.1:2021 public metadata,https://store.standards.org.au/product/as-4254-1-2021,2026-08-16T00:00:00+10:00,metadata_only,not_checked_no_crawl,not_checked,"Official public title, flexible-duct scope and publication status only; licensed performance, manufacture, testing and installation provisions are not reproduced."
SRC-SA-AS4254-2-2012,1,Standards Australia,AS 4254.2:2012 public metadata,https://store.standards.org.au/product/as-4254-2-2012,2026-08-16T00:00:00+10:00,metadata_only,not_checked_no_crawl,not_checked,"Official public title, rigid-duct scope and publication metadata only; licensed design and installation provisions are not reproduced."
SRC-SA-AS4288-2003,1,Standards Australia,AS 4288:2003 public metadata,https://store.standards.org.au/product/as-4288-2003,2026-08-16T00:00:00+10:00,metadata_only,not_checked_no_crawl,not_checked,Official designation and public product-scope metadata only; licensed performance classes and test requirements are not reproduced.
SRC-SA-AS4654-1-2012,1,Standards Australia metadata via Intertek Inform,"AS 4654.1-2012 — Waterproofing membranes for external above-ground use, Part 1: Materials",https://www.intertekinform.com/en-au/standards/as-4654-1-2012-120285_saig_as_as_252122/,2026-08-17T00:00:00+10:00,metadata_only,not_checked_no_crawl,not_checked,Public bibliographic metadata and abstract only; no controlled standards text retained.
SRC-SA-AS4654-2-2012,1,Standards Australia metadata via Intertek Inform,"AS 4654.2-2012 — Waterproofing membranes for external above-ground use, Part 2: Design and installation",https://www.intertekinform.com/en-au/standards/as-4654-2-2012-120284_saig_as_as_252120/,2026-08-17T00:00:00+10:00,metadata_only,not_checked_no_crawl,not_checked,"Public bibliographic metadata, abstract and limited preview terminology only; no controlled construction tables or figures retained."
SRC-SA-AS4785-1-2002,1,Standards Australia,AS 4785.1:2002 public metadata,https://store.standards.org.au/product/as-4785-1-2002,2026-08-16T00:00:00+10:00,metadata_only,not_checked_no_crawl,not_checked,"Official designation and public product-scope metadata only; licensed grades, tolerances and moisture requirements are not reproduced."
SRC-SA-AS4786-2-2005,1,Standards Australia,AS 4786.2:2005 public metadata,https://store.standards.org.au/product/as-4786-2-2005,2026-08-16T00:00:00+10:00,metadata_only,not_checked_no_crawl,not_checked,"Official designation, title and status metadata only; licensed sanding, finishing and assessment procedures are not reproduced."
SRC-SA-AS5039-1-2023,1,Standards Australia,AS 5039.1:2023 Security door and window screens — Classification and performance — public metadata,https://store.standards.org.au/product/as-5039-1-2023,2026-08-17T00:00:00+10:00,metadata_only,not_checked_no_crawl,not_checked,"Official current-status, title and public scope metadata only; classifications, performance limits and assessment provisions are not reproduced."
SRC-SA-AS5039-2-2024,1,Standards Australia,AS 5039.2:2024 Security door and window screens — Installation — public metadata,https://store.standards.org.au/product/as-5039-2-2024,2026-08-17T00:00:00+10:00,metadata_only,not_checked_no_crawl,not_checked,"Official title and public installation-scope metadata only; fixing, substrate and acceptance rules are not reproduced."
SRC-SA-AS5039-3-2023,1,Standards Australia,AS 5039.3:2023 Security door and window screens — Methods of test — public metadata,https://store.standards.org.au/product/as-5039-3-2023,2026-08-17T00:00:00+10:00,metadata_only,not_checked_no_crawl,not_checked,"Official current-status, title and public test-scope metadata only; test apparatus, procedures and acceptance values are not reproduced."
SRC-SA-AS5216-2021,1,Standards Australia,AS 5216:2021 Design of post-installed and cast-in fastenings in concrete — public catalogue metadata,https://store.standards.org.au/product/as-5216-2021,2026-08-16T00:00:00+10:00,metadata_only,not_checked_no_crawl,not_checked,"Public title and fastening-scope metadata only; design equations, test provisions and product limits are not reproduced."
SRC-SA-AS5604-2022,1,Standards Australia metadata via Accuris,AS 5604:2022 — Timber — Natural durability ratings,https://store.accuristech.com/standards/as-5604-2022?product_id=2506890,2026-08-17T00:00:00+10:00,metadata_only,not_checked_no_crawl,not_checked,Public bibliographic metadata only; ratings and controlled tables are not reproduced.
SRC-SA-AS6669-2016,1,Standards Australia,AS 6669:2016 Plywood — Formwork — public catalogue metadata,https://store.standards.org.au/product/as-6669-2016,2026-08-16T00:00:00+10:00,metadata_only,not_checked_no_crawl,not_checked,"Public current-edition and product-scope metadata only; grades, overlays, properties and tolerances are not reproduced."
SRC-SA-ASNZS1314-2003,1,Standards Australia / Standards New Zealand,AS/NZS 1314:2003 Prestressing anchorages — public catalogue metadata,https://store.standards.org.au/product/as-nzs-1314-2003,2026-08-16T00:00:00+10:00,metadata_only,not_checked_no_crawl,not_checked,"Public title, reconfirmation and scope metadata only; prototype test and performance provisions are not reproduced."
SRC-SA-ASNZS1604-1-2021,1,Standards Australia / Standards New Zealand metadata via Building CodeHub,"AS/NZS 1604.1:2021 — Preservative-treated wood-based products, Part 1: Products and treatment",https://codehub.building.govt.nz/resources/asnzs-1604-12021,2026-08-17T00:00:00+10:00,metadata_only,not_checked_no_crawl,not_checked,Public bibliographic and scope metadata only; treatment requirements and tables are not reproduced.
SRC-SA-ASNZS1860-1-2017,1,Standards Australia / Standards New Zealand,AS/NZS 1860.1:2017 public metadata,https://store.standards.org.au/product/as-nzs-1860-1-2017,2026-08-16T00:00:00+10:00,metadata_only,not_checked_no_crawl,not_checked,Official designation and public product-scope metadata only; licensed classifications and product requirements are not reproduced.
SRC-SA-ASNZS2310-2002,1,Standards Australia,AS/NZS 2310:2002 Glossary of paint and painting terms — public catalogue metadata,https://store.standards.org.au/product/as-nzs-2310-2002,2026-08-16T00:00:00+10:00,metadata_only,not_checked_no_crawl,not_checked,"Official designation, title, status and public purpose metadata only; licensed glossary definitions are not reproduced."
SRC-SA-ASNZS2311-2017,1,Standards Australia,AS/NZS 2311:2017 Guide to the painting of buildings — public catalogue metadata,https://store.standards.org.au/product/as-nzs-2311-2017,2026-08-16T00:00:00+10:00,metadata_only,not_checked_no_crawl,not_checked,"Official designation, title and public scope metadata only; licensed guidance, schedules and application requirements are not reproduced."
SRC-SA-ASNZS2425-2015,1,Standards Australia / Standards New Zealand,AS/NZS 2425:2015 Bar chairs in reinforced concrete — public catalogue metadata,https://store.standards.org.au/product/as-nzs-2425-2015,2026-08-16T00:00:00+10:00,metadata_only,not_checked_no_crawl,not_checked,"Public designation and product-scope metadata only; test loads, sampling and durability requirements are not reproduced."
SRC-SA-ASNZS2588-2018,2,Standards Australia,AS/NZS 2588:2018 Gypsum plasterboard — public catalogue metadata,https://store.standards.org.au/product/as-nzs-2588-2018,2026-08-16T00:00:00+10:00,metadata_only,not_checked_no_crawl,not_checked,"Designation, edition, title and catalogue status only; licensed standard text is not copied."
SRC-SA-ASNZS2589-2017,2,Standards Australia,AS/NZS 2589:2017 Gypsum linings — Application and finishing — public catalogue metadata,https://store.standards.org.au/product/as-nzs-2589-2017,2026-08-16T00:00:00+10:00,metadata_only,not_checked_no_crawl,not_checked,"Designation, edition, title and amendment context only; licensed requirements are not copied."
SRC-SA-ASNZS2785-2020,2,Standards Australia,AS/NZS 2785:2020 Suspended ceilings — Design and installation — public catalogue metadata,https://store.standards.org.au/product/as-nzs-2785-2020,2026-08-16T00:00:00+10:00,metadata_only,not_checked_no_crawl,not_checked,"Designation, edition and title only; licensed design and installation provisions are not copied."
SRC-SA-ASNZS3000-METADATA,1,Standards Australia,AS/NZS 3000:2018 public metadata — Electrical installations (Wiring Rules),https://store.standards.org.au/product/as-nzs-3000-2018,2026-08-16T00:00:00+10:00,metadata_only,not_checked_no_crawl,not_checked,"Designation, title, publication status and public scope only; licensed content was not accessed or reproduced."
SRC-SA-ASNZS3012-SPOTLIGHT,1,Standards Australia,Standards spotlight — electrical installations for construction and demolition sites,https://www.standards.org.au/news/whs-standards-spotlight-electrical-installations-for-construction-and-demolition-sites,2026-08-16T00:00:00+10:00,public_html,not_checked_no_crawl,not_checked,Public scope summary paraphrased; licensed standard content is not reproduced.
SRC-SA-ASNZS3017-METADATA,1,Standards Australia,AS/NZS 3017:2022 public metadata — verification by inspection and testing,https://store.standards.org.au/product/as-nzs-3017-2022,2026-08-16T00:00:00+10:00,metadata_only,not_checked_no_crawl,not_checked,"Designation, title, publication status and public scope only; inspection records and test results are treated as evidence, not physical objects."
SRC-SA-ASNZS3500-2025-SPOTLIGHT,1,Standards Australia,Spotlight on AS/NZS 3500 Plumbing and Drainage Standards Series — 2025 updates,https://www.standards.org.au/blog/spotlight-on-as-nzs-3500,2026-08-16T00:00:00+10:00,public_html,not_checked_no_crawl,not_checked,"Public edition, scope and change-summary metadata only."
SRC-SA-ASNZS4361-2-2017,1,Standards Australia,AS/NZS 4361.2:2017 Hazardous paint management — lead paint in buildings — public catalogue metadata,https://store.standards.org.au/product/as-nzs-4361-2-2017,2026-08-16T00:00:00+10:00,metadata_only,not_checked_no_crawl,not_checked,"Official designation, status and public scope only; licensed sampling, assessment and management procedures are not reproduced."
SRC-SA-ASNZS4455-1-2008,1,Standards Australia,"AS/NZS 4455.1:2008 Masonry units, pavers, flags and segmental retaining wall units, Part 1: Masonry units — public catalogue metadata",https://store.standards.org.au/explore-standards/construction?page=67,2026-08-17T00:00:00+10:00,metadata_only,not_checked_no_crawl,not_checked,"Official current-status, title and scope metadata only; unit classifications and product requirements are not reproduced."
SRC-SA-ASNZS4456-2003,1,Standards Australia / Standards New Zealand,"AS/NZS 4456:2003 Masonry units, segmental pavers and flags — Methods of test — public catalogue metadata",https://store.standards.org.au/product/as-nzs-4456-0-2003-amdt-1,2026-08-17T00:00:00+10:00,metadata_only,not_checked_no_crawl,not_checked,"Public series title, status and test-subject metadata only; test procedures and acceptance values are not reproduced."
SRC-SA-ASNZS4505-2012,1,Standards Australia / Standards New Zealand,AS/NZS 4505:2012 Garage doors and other large access doors — public metadata,https://store.standards.org.au/product/as-nzs-4505-2012,2026-08-17T00:00:00+10:00,metadata_only,not_checked_no_crawl,not_checked,"Official title and public scope metadata only; licensed classification, pressure, test, safety and installation provisions are not reproduced."
SRC-SA-ASNZS4548-4-1999,1,Standards Australia,AS/NZS 4548.4:1999 Long-life aggregate-filled textured coatings — public catalogue metadata,https://store.standards.org.au/product/as-nzs-4548-4-1999,2026-08-16T00:00:00+10:00,metadata_only,not_checked_no_crawl,not_checked,"Official designation, title, public scope and reconfirmation metadata only; licensed coating characteristics and installation guidance are not reproduced."
SRC-SA-ASNZS4671-2019,1,Standards Australia,AS/NZS 4671:2019 Steel for the reinforcement of concrete — public catalogue metadata,https://store.standards.org.au/product/as-nzs-4671-2019,2026-08-16T00:00:00+10:00,metadata_only,not_checked_no_crawl,not_checked,"Public product-scope and publication metadata only; licensed mechanical-property, marking and test requirements are not reproduced."
SRC-SA-ASNZS4672-1-2007,1,Standards Australia / Standards New Zealand,"AS/NZS 4672.1:2007 Steel prestressing materials, Part 1: General requirements — public catalogue metadata",https://store.standards.org.au/product/as-nzs-4672-1-2007,2026-08-16T00:00:00+10:00,metadata_only,not_checked_no_crawl,not_checked,"Public designation and product-scope metadata only; strength, relaxation, test and acceptance provisions are not reproduced."
SRC-SA-ASNZS5141-2018,1,Standards Australia,AS/NZS 5141:2018 residential heating and cooling systems overview,https://www.standards.org.au/news/easier-to-be-energy-efficient,2026-08-16T00:00:00+10:00,public_html,not_checked_no_crawl,not_checked,"Official public title and high-level design, selection, installation, commissioning and maintenance scope paraphrased; licensed requirements are not reproduced."
SRC-SA-ASNZS60335-2-40-2025,1,Standards Australia,AS/NZS 60335.2.40:2025 public metadata,https://store.standards.org.au/product/as-nzs-60335-2-40-2025,2026-08-16T00:00:00+10:00,metadata_only,not_checked_no_crawl,not_checked,"Official public title, appliance-family scope and publication status only; licensed product-safety requirements are not reproduced."
SRC-SA-ASNZS60335-2-95-2024,1,Standards Australia / Standards New Zealand,AS/NZS 60335.2.95:2024 Residential vertically moving garage-door drives — public metadata,https://store.standards.org.au/product/as-nzs-60335-2-95-2024,2026-08-17T00:00:00+10:00,metadata_only,not_checked_no_crawl,not_checked,"Official title and public electrical-appliance safety scope only; construction, sensing, force, control and test provisions are not reproduced."
SRC-SA-ASNZS61009-1-METADATA,1,Standards Australia,AS/NZS 61009.1:2015 public metadata — RCBO general rules,https://store.standards.org.au/product/as-nzs-61009-1-2015,2026-08-16T00:00:00+10:00,metadata_only,not_checked_no_crawl,not_checked,"Designation, title, amendment status and public scope only; test and trip requirements are not reproduced."
SRC-SA-ASNZS61439-3-METADATA,1,Standards Australia,AS/NZS 61439.3:2016 public metadata — distribution boards operated by ordinary persons,https://store.standards.org.au/product/as-nzs-61439-3-2016,2026-08-16T00:00:00+10:00,metadata_only,not_checked_no_crawl,not_checked,"Designation, title and public scope only; product construction and verification requirements are not reproduced."
SRC-SA-BESS-5139-2019,1,Standards Australia,AS/NZS 5139 battery-system safety standard,https://www.standards.org.au/news/positive-new-standard-for-battery-storage-sector,2026-08-16T00:00:00+10:00,public_html,not_checked_no_crawl,not_checked,Edition and public scope summary paraphrased; licensed requirements are not reproduced.
SRC-SA-BUSHFIRE-HANDBOOKS-2026,1,Standards Australia,Bushfire Construction Handbooks for practitioners and homeowners,https://www.standards.org.au/news/helping-build-resilience-new-bushfire-handbooks-for-practitioners-and-homeowners,2026-08-16T00:00:00+10:00,public_html,not_checked_no_crawl,not_checked,Public announcement and high-level guidance paraphrased; handbook and standard text is not reproduced.
SRC-SA-DIT-POST-TENSIONED-CONCRETE,1,South Australian Department for Infrastructure and Transport,Post-tensioned concrete technical specification,https://dit.sa.gov.au/__data/assets/pdf_file/0004/1423768/ST-SC-C2-POST-TENSIONED-CONCRETE.pdf,2026-08-16T00:00:00+10:00,public_pdf,not_checked_no_crawl,not_checked,"Government specification used for physical tendon, duct, anchorage, coupler, grout, vent and recess vocabulary; project-specific infrastructure requirements are not generalised to houses."
SRC-SA-ELECTRICITY-SECTOR-UPDATES-2026,1,Standards Australia,Electricity and gas sector updates — 2026 luminaire publications,https://www.standards.org.au/sector-updates/electricity-and-gas,2026-08-16T00:00:00+10:00,public_html,not_checked_no_crawl,not_checked,"Product designations, publication history and public scope summaries only; licensed requirements and test methods are not reproduced."
SRC-SA-HB-39-2015,1,Standards Australia,SA HB 39:2015 — Installation code for metal roof and wall cladding public metadata,https://store.standards.org.au/product/sa-hb-39-2015,2026-08-16T00:00:00+10:00,public_metadata,not_checked_no_crawl,not_checked,Official public table of contents and scope metadata only; licensed handbook text is not accessed or reproduced.
SRC-SA-HB161-2005,1,Standards Australia,HB 161:2005 Guide to plastering — withdrawn publication metadata,https://www.intertekinform.com/en-us/standards/hb-161-2005-131181_saig_as_as_277901/,2026-08-17T00:00:00+10:00,metadata_only,not_checked_no_crawl,not_checked,"Public title, scope and withdrawal metadata only; handbook instructions and mix guidance are not reproduced."
SRC-SA-INVERTER-4777-2024,1,Standards Australia,AS/NZS 4777 updates for grid-connected inverter energy systems,https://www.standards.org.au/blog/as-nzs-4777-updates,2026-08-16T00:00:00+10:00,public_html,not_checked_no_crawl,not_checked,"Edition, title and public scope changes paraphrased; licensed requirements are not reproduced."
SRC-SA-MODERN-HOMES,1,Government of South Australia / PlanSA,NCC 2022 Modern Homes provisions in South Australia,https://plan.sa.gov.au/resources/building/ncc-2022-modern-homes-provisions,2026-08-16T00:00:00+10:00,public_html,not_checked_no_crawl,not_checked,"Public South Australian adoption summary paraphrased; current ministerial building standards, concessions and project approvals remain controlling."
SRC-SA-PV-5033-2021,1,Standards Australia,AS/NZS 5033 revised to support the solar industry,https://www.standards.org.au/news/australian-solar-standard-as-nzs-5033-revised-to-support-growing-solar-industry,2026-08-16T00:00:00+10:00,public_html,not_checked_no_crawl,not_checked,Edition and public change summary paraphrased; no licensed clauses or prescriptive values reproduced.
SRC-SA-PV-5033-SPOTLIGHT,1,Standards Australia,Spotlight on installation and safety requirements for photovoltaic arrays,https://www.standards.org.au/blog/spotlight-on-installation-and-safety-requirements-for-photovoltaic-pv-arrays,2026-08-16T00:00:00+10:00,public_html,not_checked_no_crawl,not_checked,Public object-family and standard-scope summary paraphrased.
SRC-SA-REFRIGERATION-SAFETY-2016,1,Standards Australia,Australian adoption of refrigerant classification and refrigeration-safety standards,https://www.standards.org.au/news/australia-adopts-international-standards-for-refrigeration-safety,2026-08-16T00:00:00+10:00,public_html,not_checked_no_crawl,not_checked,"Official series titles, publication context and high-level scopes paraphrased; licensed safety requirements are not reproduced."
SRC-SAFEWORK-NSW-FORMWORK-COP,1,SafeWork NSW,Formwork code of practice,https://www.safework.nsw.gov.au/resource-library/codes-of-practice/codes-of-practice/formwork,2026-08-16T00:00:00+10:00,public_html,not_checked_no_crawl,not_checked,"Physical temporary-work terminology and system anatomy paraphrased; legal duties, design procedures and safety controls remain in the current code and project documentation."
SRC-SEELEY-BRAEMAR-EVAP-COMPONENTS,3,Seeley International,"Australian evaporative-cooler pad, reservoir and water-distribution components",https://www.seeleyinternational.com/product/braemar-ea-series/,2026-08-16T00:00:00+10:00,public_html,not_checked_no_crawl,not_checked,"Generic evaporative media, water reservoir, distribution system, casing and discharge configuration concepts paraphrased; proprietary product names and performance remain source context."
SRC-SEELEY-BRAEMAR-EVAP-INSTALL,3,Seeley International,Australian roof-mounted evaporative-cooler installation anatomy,https://www.seeleyinternational.com/artefact/braemar-ea-evaporative-coolers-manual/,2026-08-16T00:00:00+10:00,public_pdf,not_checked_no_crawl,not_checked,"Generic cooler cabinet, pad frame, dropper duct, transition, support frame, water supply, drain and control components paraphrased; proprietary dimensions and installation instructions remain selected-product data."
SRC-SRIA-BAR-CHAIRS,2,Steel Reinforcement Institute of Australia,Bar chairs for support of reinforcement,https://www.sria.com.au/wp-content/uploads/2024/05/Bar-Chairs-for-Support-of-Reinforcement.pdf,2026-08-16T00:00:00+10:00,public_pdf,not_checked_no_crawl,not_checked,"Generic chair material, strength-grade, spacing-function and durability concepts paraphrased; project selections and numerical requirements remain with design and current standards."
SRC-SRIA-MECHANICAL-SPLICES,2,Steel Reinforcement Institute of Australia,Mechanical splices for reinforcing bars,https://www.sria.com.au/wp-content/uploads/2025/03/TN-10-March-2025.pdf,2026-08-16T00:00:00+10:00,public_pdf,not_checked_no_crawl,not_checked,"Generic mechanical-coupler and splice concepts paraphrased; proprietary systems, qualification tests and structural selection remain project evidence."
SRC-SRIA-SUSPENDED-SLAB-MESH,2,Steel Reinforcement Institute of Australia,Design of suspended concrete slabs reinforced with mesh,https://www.sria.com.au/wp-content/uploads/2025/10/Tech-Note-6-25-10-2025-Final-Document.pdf,2026-08-16T00:00:00+10:00,public_pdf,not_checked_no_crawl,not_checked,"Mesh layout, support and suspended-slab terminology paraphrased; design calculations, capacities and detailing rules are not reproduced."
SRC-STANDARDS-AUSTRALIA-1684-SPOTLIGHT,1,Standards Australia,NCC 2022 Standards Spotlight: Residential Timber-Framed Construction,https://www.standards.org.au/blog/ncc-2022-standards-spotlight-residential-timber-framed-construction,2026-08-16T00:00:00+10:00,public_html,not_checked_no_crawl,not_checked,Public scope and edition metadata only.
SRC-STEELLINE-SECTIONAL-INSTALL,3,Steel-Line Garage Doors,Sectional garage-door installation guide,https://www.steel-line.com.au/downloads/technical-support/sectional_garage_door_installation_guide.pdf,2026-08-17T00:00:00+10:00,public_pdf,not_checked_no_crawl,not_checked,"Public Australian manufacturer parts list and diagrams used for sectional panels, tracks, shaft, springs, bearing and flag brackets, reinforcing struts and hangers; exact installation remains system-specific."
SRC-STEELLINE-TECHNICAL-SUPPORT,3,Steel-Line Garage Doors,Australian garage-door technical-support and BIM library,https://www.steel-line.com.au/product-selection-guide/technical-support/,2026-08-17T00:00:00+10:00,public_html,not_checked_no_crawl,not_checked,"Manufacturer index used for sectional and roller door families, wind-rated variants, tracks, motors and BIM terminology; proprietary files remain external evidence."
SRC-STONECLIP-AU-FACADE-SYSTEM,3,StoneClip Australia,Stone facade clip and support system information,https://stoneclip.com.au/,2026-08-17T00:00:00+10:00,public_html,not_checked_no_crawl,not_checked,"Australian supplier terminology paraphrased for stone facade clips, brackets, stand-offs and support interfaces; structural capacity and suitability remain project and product evidence."
SRC-STORMTECH-BALCONY-DRAINAGE,3,Stormtech,Balcony drainage white paper,https://www.stormtech.com.au/sites/default/files/whitepapers/2024-10-Stormtech-Whitepaper-Balcony-Drainage.pdf,2026-08-17T00:00:00+10:00,public_pdf,not_checked_no_crawl,not_checked,"Australian drainage manufacturer guidance used for linear channels, outlets, threshold drainage and pedestal-paver coordination; hydraulic capacity and exact details remain selected-system inputs."
SRC-SWA-PRECAST-TILTUP-COP,1,Safe Work Australia,"National code of practice for precast, tilt-up and concrete elements in building construction",https://www.safeworkaustralia.gov.au/system/files/documents/1702/codeofpractice_precasttiltupandconcreteelementsbuildingconstruction_2008_pdf.pdf,2026-08-16T00:00:00+10:00,public_pdf,not_checked_no_crawl,not_checked,"Used for enduring physical element, lifting, brace and erection vocabulary; legal status and current jurisdictional controls must be checked separately."
SRC-TAS-CBOS-NCC2025-COMMENCEMENT,1,"Tasmanian Government — Consumer, Building and Occupational Services",National Construction Code 2025 commencement notice,https://www.cbos.tas.gov.au/topics/housing/renting,2026-08-16T00:00:00+10:00,public_html,not_checked_no_crawl,not_checked,"Public jurisdictional commencement notice paraphrased; transition, exemption and later legislative changes must be checked for each project."
SRC-TAS-LIVABLE-HOUSING,1,"Tasmanian Consumer, Building and Occupational Services",NCC 2022 implementation in Tasmania,https://www.cbos.tas.gov.au/newsroom/tech-reg-news-technical-regulations/national-construction-code-2022,2026-08-16T00:00:00+10:00,public_html,not_checked_no_crawl,not_checked,Public Tasmanian adoption timing paraphrased; the current Director's determination and regulations remain controlling.
SRC-TEMPERZONE-AIRCORE-DUCTED,3,Temperzone Australia,"Australian ducted split-system indoor and outdoor equipment, controls and drain-pump documentation",https://www.temperzone.com/products/australia/ducted-split-systems/aircore-700-ducted,2026-08-16T00:00:00+10:00,public_html,not_checked_no_crawl,not_checked,"Generic indoor unit, outdoor unit, controller, zone interface and condensate-pump concepts paraphrased; proprietary installation instructions, capacities, dimensions and clearances remain selected-product data."
SRC-TESLA-AU-HOME-BATTERY-COMPONENTS,3,Tesla Australia,Australian home-battery installation process and system components,https://www.tesla.com/en_AU/support/energy/powerwall/install/installation-process,2026-08-16T00:00:00+10:00,public_html_and_linked_manuals,not_checked_no_crawl,not_checked,"Generic battery unit, mounting, gateway, backup switching, switchgear, conduit, junction-box and disconnect anatomy paraphrased; proprietary clearances, ratings and installation instructions remain selected-product evidence."
SRC-TGA-CPCCCA3003-FLOORING-SYSTEMS,1,Australian Government training.gov.au,CPCCCA3003 — Install flooring systems,https://training.gov.au/training/details/CPCCCA3003/unitdetails,2026-08-17T00:00:00+10:00,public_html,not_checked_no_crawl,not_checked,"National training-package terminology paraphrased for joists, bearers, flooring and balcony or deck contexts; competency scope is not a structural design table."
SRC-TGA-CPCCCA3010-WINDOWS-DOORS,1,Australian Government Department of Employment and Workplace Relations,CPCCCA3010 Install windows and doors,https://training.gov.au/training/details/CPCCCA3010/unitdetails,2026-08-17T00:00:00+10:00,public_html,not_checked_no_crawl,not_checked,"Current public competency description used for external rebated frames, jambs, heads, sills, flashings, hinges and door furniture; it is trade-scope evidence rather than a design rule."
SRC-TGA-CPCCCA3019-FORMWORK,1,Australian Government training.gov.au,"CPCCCA3019 Construct and dismantle formwork for suspended slabs, columns, beams and walls",https://training.gov.au/TrainingComponentFiles/CPC/CPCCCA3019_R1.pdf,2026-08-16T00:00:00+10:00,public_pdf,not_checked_no_crawl,not_checked,"National trade vocabulary for shutters, soffits, bearers, joists, props, braces and form components paraphrased; procedural instructions are not reproduced."
SRC-TGA-CPCCCO2014-CONCRETE,1,Australian Government training.gov.au,CPCCCO2014 Carry out concrete work,https://training.gov.au/training/details/CPCCCO2014/unitdetails,2026-08-16T00:00:00+10:00,public_html,not_checked_no_crawl,not_checked,"Current national training-unit terminology paraphrased for concrete materials, placing, compacting, finishing, curing, joints and embedded items; work instructions are not reproduced."
SRC-TGA-CPCCON3051-SPECIAL-FORMWORK,1,Australian Government training.gov.au,CPCCON3051 Conduct off-form vertical concrete operations,https://training.gov.au/TrainingComponentFiles/CPC/CPCCON3051_R1.pdf,2026-08-16T00:00:00+10:00,public_pdf,not_checked_no_crawl,not_checked,"Slip-form, jump-form and vertical off-form concrete terminology paraphrased; operational and safety instructions are not reproduced."
SRC-TGA-CPCCPD3027-WALLPAPER,2,Australian Government — National Training Register,CPCCPD3027 Remove and apply wallpaper,https://training.gov.au/Training/Details/CPCCPD3027,2026-08-16T00:00:00+10:00,public_html,not_checked_no_crawl,not_checked,Public competency scope and product-family terminology paraphrased; assessment text and procedural requirements are not copied.
SRC-TGA-CPCCPD3032-WALLCOVERINGS,2,Australian Government — National Training Register,CPCCPD3032 Apply advanced wall coverings,https://training.gov.au/Training/Details/CPCCPD3032,2026-08-16T00:00:00+10:00,public_html,not_checked_no_crawl,not_checked,Public competency scope and generic wallcovering material terminology paraphrased; procedural and assessment content is not reproduced.
SRC-TGA-CPCCSF2004-REINFORCEMENT,1,Australian Government training.gov.au,CPCCSF2004 Place and fix reinforcement materials,https://training.gov.au/Training/Details/CPCCSF2004,2026-08-16T00:00:00+10:00,public_html,not_checked_no_crawl,not_checked,"Current reinforcement material, bar-shape, mesh, fitment, splice, support and tying terminology paraphrased; work steps and competency assessment are not reproduced."
SRC-TGA-CPCCSP2001-PLASTER-MATERIALS,1,Australian Government Department of Employment and Workplace Relations,CPCCSP2001 Handle solid plastering materials,https://training.gov.au/Training/Details/CPCCSP2001,2026-08-17T00:00:00+10:00,public_html,not_checked_no_crawl,not_checked,"Public competency material list used for render coats, sand, lime, additives, lath, fasteners and beads; mix proportions and installation requirements are not generalised."
SRC-TGA-CPCCSP3001-RENDER,1,Australian Government Department of Employment and Workplace Relations,CPCCSP3001 Apply float and render to straight and curved surfaces,https://training.gov.au/training/details/CPCCSP3001/unitdetails,2026-08-17T00:00:00+10:00,public_html,not_checked_no_crawl,not_checked,"Public current competency description used for solid-render substrates, layers, lath, corner beads and casing beads; it is work-practice evidence rather than an NCC compliance route."
SRC-TGA-CPCCSP3003-TEXTURE-COATS,1,Australian Government training.gov.au,CPCCSP3003 Apply trowelled texture coat finishes,https://training.gov.au/Training/Details/CPCCSP3003/unitdetails,2026-08-17T00:00:00+10:00,public_html,not_checked_no_crawl,not_checked,National training-package terminology paraphrased for substrate preparation and texture-coat finish objects; competency content is not product suitability or building compliance evidence.
SRC-TGA-CPCCST3012-STONE-VENEER,1,Australian Government Department of Employment and Workplace Relations,CPCCST3012 Build stone veneer walls,https://training.gov.au/Training/Details/CPCCST3012,2026-08-17T00:00:00+10:00,public_html,not_checked_no_crawl,not_checked,"Public competency description used for physical stone-veneer wall, cavity, tie, mortar, DPC, flashing, weephole, lintel and joint vocabulary; it is not a structural design source."
SRC-TGA-CPCCST3014-ANCHORED-STONE,1,Australian Government Department of Employment and Workplace Relations,CPCCST3014 Set and anchor stone facades,https://training.gov.au/Training/Details/CPCCST3014,2026-08-17T00:00:00+10:00,public_html,not_checked_no_crawl,not_checked,"Public competency description used for stone panels, structural backing, anchors, brackets, dowels, cramps, clamps and joints; facade engineering and fixing design remain project evidence."
SRC-TGA-CPCCST3016-SOLID-STONE,1,Australian Government Department of Employment and Workplace Relations,CPCCST3016 Build solid stonemasonry walls,https://training.gov.au/training/details/CPCCST3016/unitdetails,2026-08-17T00:00:00+10:00,public_html,not_checked_no_crawl,not_checked,"Public competency description used for solid stone walls, piers, bonds, mortar, openings, lintels, ties, damp-proofing and flashings; design values are not reproduced."
SRC-TGA-CPCCWP3003-EXTERNAL-WATERPROOFING,1,Australian Government training.gov.au,CPCCWP3003 — Apply waterproofing process to external above-ground wet areas,https://training.gov.au/training/details/CPCCWP3003/unitdetails,2026-08-17T00:00:00+10:00,public_html,not_checked_no_crawl,not_checked,National training-package physical terminology paraphrased; competency requirements are not compliance certification for a building product or installation.
SRC-TGA-CPCCWP5002-DESIGN-EXTERNAL-WATERPROOFING,1,Australian Government training.gov.au,CPCCWP5002 — Design external above-ground waterproofing,https://training.gov.au/training/details/CPCCWP5002/unitdetails,2026-08-17T00:00:00+10:00,public_html,not_checked_no_crawl,not_checked,National training-package system and interface terminology paraphrased; it does not replace NCC or licensed-standard design evidence.
SRC-TGA-CPCPRE3000-PREFABRICATED,1,Australian Government training.gov.au,CPCPRE3000 Lift and place prefabricated concrete elements,https://training.gov.au/training/details/CPCPRE3000/unitdetails,2026-08-16T00:00:00+10:00,public_html,not_checked_no_crawl,not_checked,"National lifting, placement and erection vocabulary paraphrased; rigging procedures, exclusion zones and work instructions are not reproduced."
SRC-TGA-MSFBAA307-ROLLER-SHUTTERS,1,Australian Government Department of Employment and Workplace Relations,MSFBAA307 Assemble roller shutters,https://training.gov.au/training/details/MSFBAA307,2026-08-17T00:00:00+10:00,public_html,not_checked_no_crawl,not_checked,"Current public competency description used for shutter products, curtains, mechanisms, manual and electric controls; manufacturer-specific assembly rules are not generalised."
SRC-TGA-MSFBAA308-ROLLER-SHUTTERS,1,Australian Government Department of Employment and Workplace Relations,MSFBAA308 Install roller shutters,https://training.gov.au/training/details/MSFBAA308,2026-08-17T00:00:00+10:00,public_html,not_checked_no_crawl,not_checked,"Current public installation competency used for shutter types, substrates, fasteners, motorised and manual controls and sensor devices; compliance and licensed electrical work remain project-specific."
SRC-TGA-MSFBAA320-LOUVRE-SHUTTERS,1,Australian Government Department of Employment and Workplace Relations,MSFBAA320 Install exterior louvre shutters,https://training.gov.au/training/details/MSFBAA320,2026-08-17T00:00:00+10:00,public_html,not_checked_no_crawl,not_checked,Current public competency identity used to distinguish installed exterior louvre shutters and their hardware from roller shutters and internal blinds.
SRC-TGA-MSFFL3120-TIMBER-FLOORING-JOISTS,1,Australian Government training.gov.au,MSFFL3120 — Install timber flooring on joists,https://training.gov.au/Training/Details/MSFFL3120,2026-08-17T00:00:00+10:00,public_html,not_checked_no_crawl,not_checked,National training-package terminology paraphrased; installation competency is not product suitability or structural evidence.
SRC-TGA-MSFGG2017-SCREENS,1,Australian Government Department of Employment and Workplace Relations,MSFGG2017 Fabricate and install insect and security screens,https://training.gov.au/training/details/MSFGG2017,2026-08-17T00:00:00+10:00,public_html,not_checked_no_crawl,not_checked,"Public competency and assessment descriptions used for screen frames, infill, hinges, wheels, locks, closers, anti-jemmy hardware and fixings; security performance is not inferred without product evidence."
SRC-THINKBRICK-TECHNICAL-MANUALS,2,Think Brick Australia,Clay masonry technical manuals and construction details,https://www.thinkbrick.com.au/Technical/Manuals/technical-manuals,2026-08-17T00:00:00+10:00,public_html,not_checked_no_crawl,not_checked,"Public detail titles and generic clay-masonry topology paraphrased; calculations, dimensions and copyrighted drawings are not reproduced."
SRC-VIC-NCC2022-ADOPTION,1,Victorian Building Authority,Building practice note GE-14 — Adoption of NCC 2022,https://www.vba.vic.gov.au/__data/assets/pdf_file/0004/159016/Building-GE-14-Adoption-of-the-NCC-2022-CURRENT-1-Nov-2023.pdf,2026-08-16T00:00:00+10:00,public_pdf,not_checked_no_crawl,not_checked,"Public Victorian adoption timing paraphrased; current regulations, transitional provisions and permits remain controlling."
SRC-VINIDEX-DWV-SYSTEMS,2,Vinidex,"Australian PVC drain, waste and vent systems",https://www.vinidex.com.au/products/pvc-dwv-and-stormwater-systems/dwv-systems/,2026-08-16T00:00:00+10:00,public_html,not_checked_no_crawl,not_checked,Generic pipe and fitting terminology paraphrased; proprietary product names retained only as source context.
SRC-VINIDEX-WATER-SUPPLY-SYSTEMS,2,Vinidex,Australian building water-supply and below-ground drainage systems,https://www.vinidex.com.au/solutions/building/,2026-08-16T00:00:00+10:00,public_html,not_checked_no_crawl,not_checked,Generic material and joining-family terminology paraphrased.
SRC-VIRIDIAN-GLASS-GLOSSARY,3,Viridian Glass,Glass glossary,https://www.viridianglass.com/resources/glossary/,2026-08-16T00:00:00+10:00,public_html,not_checked_no_crawl,not_checked,Public Australian manufacturer terminology paraphrased; product claims are not converted into regulatory requirements.
SRC-VIRIDIAN-GLASS-PROCESS,3,Viridian Glass,How architectural glass is processed,https://www.viridianglass.com/resources/techdirect/how-we-process-glass/,2026-08-16T00:00:00+10:00,public_html,not_checked_no_crawl,not_checked,Public Australian manufacturer descriptions paraphrased for physical processing and product distinction only.
SRC-WA-CABLE-BATTERY-STANDARDS-2026,1,Government of Western Australia,Updated electrical installation standards for battery systems and cable selection,https://www.wa.gov.au/government/announcements/updated-electrical-installation-standards-battery-systems-and-cable-selection,2026-08-16T00:00:00+10:00,public_html,not_checked_no_crawl,not_checked,Publication and WA transition metadata paraphrased; technical tables and licensed requirements are not reproduced.
SRC-WA-H8-DISAPPLICATION,1,Western Australian Building and Energy,Implementation of NCC 2022 and residential energy efficiency,https://www.wa.gov.au/media/151970/download?inline=,2026-08-16T00:00:00+10:00,public_pdf,not_checked_no_crawl,not_checked,Public Western Australian implementation status paraphrased; current Building Regulations modifications and project approval remain controlling.
SRC-WA-HEALTH-SECONDARY-TREATMENT,1,Western Australia Department of Health,Approved secondary treatment systems and aerated wastewater treatment systems,https://healthywa.health.wa.gov.au/Articles/A_E/Approved-Secondary-Treatment-Systems,2026-08-16T00:00:00+10:00,public_html,not_checked_no_crawl,not_checked,System-family and regulatory accreditation metadata paraphrased.
SRC-WA-PLASTERBOARD-CEILING-FAILURES,2,Western Australian Government — Building and Energy,Industry Bulletin 85 — Plasterboard ceiling failures,https://www.wa.gov.au/government/publications/industry-bulletin-85-plasterboard-ceiling-failures,2026-08-16T00:00:00+10:00,public_html,not_checked_no_crawl,not_checked,Public regulator guidance paraphrased; jurisdictional responsibilities and defect findings are not generalised into national geometric rules.
SRC-WATTYL-ARCHITECTURAL-PAINT-DATA,3,Wattyl Australia,"Australian primer, sealer, undercoat and architectural topcoat technical data",https://wattylproductservice.wattyl.com.au/api/file/4179,2026-08-16T00:00:00+10:00,public_pdf,not_checked_no_crawl,not_checked,"Generic primer-sealer-undercoat anatomy, compatibility, wet and dry film and recoating concepts paraphrased; proprietary performance figures remain selected-product data."
SRC-WOODSOLUTIONS-DOMESTIC-DECK,2,Forest and Wood Products Australia / WoodSolutions,Technical Design Guide 21 — Domestic timber deck design,https://www.woodsolutions.com.au/publications/technical-design-guides/domestic-timber-deck-design-0,2026-08-17T00:00:00+10:00,public_html,not_checked_no_crawl,not_checked,"Australian technical-guide anatomy and durability guidance paraphrased; member sizes, spans and construction figures remain guide and project inputs rather than universal object defaults."
SRC-WOODSOLUTIONS-DOORS,2,Forest and Wood Products Australia / WoodSolutions,Timber door construction and external-exposure guidance,https://www.woodsolutions.com.au/applications-products/interior/doors,2026-08-17T00:00:00+10:00,public_html,not_checked_no_crawl,not_checked,"Australian technical guidance used for solid, laminated and engineered timber door materials, panelled external doors and weathering or finishing context; project durability and finish selection remain evidence inputs."
SRC-WOODSOLUTIONS-EXTERNAL-TIMBER-CLADDING,2,Forest & Wood Products Australia,WoodSolutions — External timber cladding,https://www.woodsolutions.com.au/applications-products/exterior/cladding-external,2026-08-16T00:00:00+10:00,public_html,not_checked_no_crawl,not_checked,Generic timber-cladding terminology and physical relationships paraphrased; advisory dimensions and figures are not encoded.
SRC-WOODSOLUTIONS-FRAMING,2,Forest and Wood Products Australia — WoodSolutions,Framing,https://www.woodsolutions.com.au/applications-products/structural/framing,2026-08-16T00:00:00+10:00,public_html,not_checked_no_crawl,not_checked,Concepts paraphrased; no standards text retained.
SRC-WOODSOLUTIONS-INTERNAL-PANELLING,2,Forest and Wood Products Australia,"Internal timber panelling, appearance boards and linings",https://www.woodsolutions.com.au/applications-products/interior/panelling-interior,2026-08-16T00:00:00+10:00,public_html,not_checked_no_crawl,not_checked,"Generic timber and engineered-wood lining families, profiles, supports, joints and fixing methods paraphrased; indicative dimensions are not encoded as universal rules."
SRC-WOODSOLUTIONS-STAIRS-BALUSTRADES,2,Forest and Wood Products Australia / WoodSolutions,"Technical Design Guide 08 — Stairs, balustrades and handrails, Class 1 buildings",https://www.woodsolutions.com.au/publications/technical-design-guides/stairs-balustrades-and-handrails-class-1-buildings-construction,2026-08-16T00:00:00+10:00,public_html,not_checked_no_crawl,not_checked,Public Australian industry-guide terminology and physical construction anatomy paraphrased; member sizing and construction details remain guide and project inputs.
SRC-WOODSOLUTIONS-TDG05-SERVICE-LIFE,2,Forest and Wood Products Australia / WoodSolutions,Technical Design Guide 05 — Timber service life design,https://www.woodsolutions.com.au/system/files/WS_TDG_05_1_17_0.pdf,2026-08-17T00:00:00+10:00,public_pdf,not_checked_no_crawl,not_checked,"Australian industry-guide concepts paraphrased; service-life calculations, tables and figures are not encoded as universal defaults."
SRC-WOODSOLUTIONS-USER-GUIDES,2,Forest and Wood Products Australia — WoodSolutions,AS 1684 User Guides,https://www.woodsolutions.com.au/resources/standards-codes/as1684-user-guides,2026-08-16T00:00:00+10:00,public_html,not_checked_no_crawl,not_checked,Concepts paraphrased; no standards text retained.
SRC-YOURHOME-BRICKWORK-BLOCKWORK,1,"Australian Government Department of Climate Change, Energy, the Environment and Water",Brickwork and blockwork,https://www.yourhome.gov.au/materials/brickwork-and-blockwork,2026-08-16T00:00:00+10:00,public_html,not_checked_no_crawl,not_checked,"Public government guidance used for common Australian wall arrangements, units, courses, mortar and thermal-mass context."
SRC-YOURHOME-CONCRETE-SLABS,1,"Australian Government Department of Climate Change, Energy, the Environment and Water",Concrete slab floors,https://www.yourhome.gov.au/materials/concrete-slab-floors,2026-08-16T00:00:00+10:00,public_html,not_checked_no_crawl,not_checked,"Public government guidance used for slab, waffle-pod, void-former and insulation concepts."
SRC-YOURHOME-CONSTRUCTION-SYSTEMS,1,"Australian Government Department of Climate Change, Energy, the Environment and Water",Your Home — Construction systems,https://www.yourhome.gov.au/materials/construction-systems,2026-08-16T00:00:00+10:00,public_html,not_checked_no_crawl,not_checked,Material-family concepts paraphrased; lifecycle comparisons are not converted into ontology requirements.
SRC-YOURHOME-LIGHTWEIGHT-FRAMING,1,Australian Government — YourHome,Lightweight framing,https://www.yourhome.gov.au/materials/lightweight-framing,2026-08-16T00:00:00+10:00,public_html,not_checked_no_crawl,not_checked,Used as public Australian guidance; definitions are independently written.
SRC-YOURHOME-MUD-BRICK,1,"Australian Government Department of Climate Change, Energy, the Environment and Water",Mud brick,https://www.yourhome.gov.au/materials/mud-brick,2026-08-17T00:00:00+10:00,public_html,not_checked_no_crawl,not_checked,"Public government guidance used for mud-brick, mud-mortar, fibre, earth-render and protective-finish terminology; performance and construction advice are not converted into universal rules."
SRC-YOURHOME-RAMMED-EARTH,1,"Australian Government Department of Climate Change, Energy, the Environment and Water",Rammed earth,https://www.yourhome.gov.au/materials/rammed-earth,2026-08-17T00:00:00+10:00,public_html,not_checked_no_crawl,not_checked,"Public government guidance used for rammed-earth material, lift, formwork, stabiliser and finish concepts; mix design and structural requirements remain engineered inputs."
