id,preferred_term,candidate_term,status,issue,affected_object_ids,source_ids,next_action
TERM-001,jack stud,trimmer stud,hold,"Australian public sources used here define a jack stud as a shortened stud above or below an opening, while some industry material uses jack or trimmer stud for a member supporting a lintel end.",AU-TF-JACK-STUD|AU-TF-JAMB-STUD,SRC-RMIT-JACK-STUD|SRC-DICTIONARY-JACK-STUD|SRC-RMIT-JAMB-STUD,Check terminology in licensed AS 1684 content and current Australian framing manuals before accepting any equivalence.
TERM-002,jamb stud,king stud,research_required,King stud is common North American terminology but was not established as the preferred Australian term by the sources used.,AU-TF-JAMB-STUD,SRC-RMIT-JAMB-STUD|SRC-DICTIONARY-JAMB-STUD,Survey Australian training and manufacturer documents from several states before classifying the regional alias.
TERM-003,lintel,header,hold,"Header can mean a lintel in North American usage, but may also mean a non-loadbearing trimmer or another cross-member.",AU-TF-LINTEL|AU-TF-HEAD-TRIMMER,SRC-RMIT-LINTEL|SRC-DICTIONARY-TRIMMER,Do not use header as an automatic search or drawing synonym until the intended role is known.
TERM-004,head trimmer,lintel,research_required,"Both can occur at the head of an opening, but a lintel is a structural spanning member while a head trimmer may only form and fix the rough opening.",AU-TF-HEAD-TRIMMER|AU-TF-LINTEL,SRC-RMIT-LINTEL|SRC-RMIT-JACK-STUD|SRC-DICTIONARY-TRIMMER,Keep separate roles; confirm state and trade usage with additional Australian references.
TERM-005,jack rafter,creeper rafter,research_required,"Creeper may be used for some shortened rafters, but the exact regional boundary between the terms is not established by the pilot sources.",AU-TF-JACK-RAFTER,SRC-DICTIONARY-JACK-RAFTER,Gather Australian roof-carpentry references from multiple training providers before treating the terms as synonyms.
TERM-006,rim board or boundary joist,rim joist,research_required,"The edge member of a platform floor is real, but preferred naming and whether rim board and boundary joist are the same object depend on the floor system.","",SRC-WOODSOLUTIONS-FRAMING,"Add only after separately researching solid-timber floors, I-joist floors and proprietary floor systems."
TERM-007,truss bracing,Speedbrace,accepted_pending_review,"Speedbrace is a product or proprietary usage, not a generic object class for every form of truss bracing.",AU-TF-TRUSS-BRACE,SRC-RMIT-TRUSS-BRACING,Retain only as a proprietary search term and never use it as the canonical object name.
TERM-008,foundation material,foundation,accepted_pending_review,"NCC footing diagrams use foundation for the supporting ground, while everyday building speech often uses foundation for the constructed footing or slab system.",AU-CF-FOUNDATION-MATERIAL|AU-CF-STRIP-FOOTING-SYSTEM|AU-CF-SLAB-ON-GROUND-ASSEMBLY,SRC-ABCB-HP-FOOTINGS-SCOPE|SRC-RMIT-FOUNDATION-SOILS|SRC-RMIT-FOOTINGS-INTRO,Require context whenever a command says only foundation; do not map it automatically to either soil or concrete work.
TERM-009,stiffened raft slab,raft slab,research_required,Raft slab is often used broadly for an integral slab foundation and does not reliably distinguish a stiffened raft from a waffle raft or another raft arrangement.,AU-CF-STIFFENED-RAFT-SLAB|AU-CF-WAFFLE-RAFT-SLAB|AU-CF-SLAB-ON-GROUND-ASSEMBLY,SRC-RMIT-STIFFENED-RAFT|SRC-YOURHOME-CONCRETE-SLABS|SRC-CAUL-CONCRETE-MEASUREMENT,Treat raft slab as a family-level search term and ask for the structural arrangement before generating geometry.
TERM-010,waffle raft slab,waffle slab,hold,"Waffle slab can describe the residential ground-supported pod system or a suspended two-way ribbed slab, which have different hosts and load paths.",AU-CF-WAFFLE-RAFT-SLAB,SRC-RMIT-WAFFLE-RAFT|SRC-YOURHOME-CONCRETE-SLABS|SRC-CAUL-CONCRETE-MEASUREMENT,Require ground-supported versus suspended context before resolving the short term waffle slab.
TERM-011,under-slab damp-proofing membrane,vapour barrier,accepted_pending_review,"The Housing Provisions use both names in the slab context, but wider building-science usage can distinguish damp-proofing, vapour control and waterproofing functions.",AU-CF-DAMP-PROOFING-MEMBRANE,SRC-ABCB-HP-FOOTINGS-SCOPE|SRC-ABCB-HP-FOOTINGS,Accept vapour barrier only when the context is the membrane directly beneath a residential slab-on-ground.
TERM-012,strip footing,edge beam,research_required,"Legacy training material notes overlapping usage in some footing-slab arrangements, but an edge beam is normally integral with or attached to a slab edge while a strip footing is a continuous footing role.",AU-CF-STRIP-FOOTING|AU-CF-EDGE-BEAM,SRC-RMIT-FOOTING-SLAB|SRC-ABCB-HP-FOOTINGS-SCOPE|SRC-ABCB-HP-FOOTINGS,Keep separate canonical roles and use the concrete pour and slab connection as disambiguating context.
TERM-013,slab void former,waffle pod,accepted_pending_review,A waffle pod is a particular box-like void former used in a waffle raft; void former is a broader class that includes other shapes and materials.,AU-CF-SLAB-VOID-FORMER|AU-CF-WAFFLE-POD,SRC-RMIT-WAFFLE-RAFT|SRC-YOURHOME-CONCRETE-SLABS,Preserve the parent-child relationship and do not use the two terms as universal exact synonyms.
TERM-014,controlled fill,rolled fill,accepted_pending_review,"Both are compacted fill, but the Housing Provisions define them as different placement and compaction categories with different application limits.",AU-SC-CONTROLLED-FILL|AU-SC-ROLLED-FILL,SRC-ABCB-HP-FOOTINGS,Keep separate objects and require the documented fill category when a tool records or quantifies under-slab fill.
TERM-015,subsoil drain,ag drain or French drain,research_required,"Ag drain is common trade language and French drain is a broader international configuration; neither term alone proves the exact pipe, aggregate and filter arrangement.",AU-SC-SUBSOIL-DRAIN|AU-SC-SUBSOIL-DRAINAGE-SYSTEM,SRC-ABCB-HP-SITE-DRAINAGE,Research Australian plumbing and civil guidance before promoting either term to an exact synonym.
TERM-016,termite management system,termite barrier,accepted_pending_review,A barrier may be only one component; the NCC explicitly warns that components such as a concrete slab need integration with other details to form a complete system.,AU-TM-TERMITE-MANAGEMENT-SYSTEM|AU-TM-SHEET-BARRIER|AU-TM-STAINLESS-MESH-BARRIER|AU-TM-GRADED-STONE-BARRIER,SRC-ABCB-HP-TERMITE|SRC-CSIRO-MANAGING-TERMITES,Never infer whole-system coverage from the presence of one barrier component in a model.
TERM-017,stormwater detention or retention tank,rainwater tank,research_required,"The vessels can look alike, but detention, retention and rainwater reuse describe different storage and outlet functions that may coexist in one product.",AU-SC-STORMWATER-TANK,SRC-ABCB-HP-SITE-DRAINAGE,Split configured tank roles during the full stormwater and plumbing pass and retain shared physical product mappings separately.
TERM-018,vertical masonry articulation joint,control joint,research_required,"The terms overlap in trade usage, but the Housing Provisions also use control-joint language for junctions between different masonry materials, so an automatic synonym could produce the wrong joint geometry.",AU-MA-VERTICAL-ARTICULATION-JOINT|AU-MA-SLIP-JOINT-MEMBRANE,SRC-ABCB-HP-MASONRY-COMPONENTS|SRC-RMIT-MASONRY-ARTICULATION,"Keep movement purpose, orientation and material-junction context explicit before resolving control joint to an object."
TERM-019,masonry damp-proof course,masonry flashing,accepted_pending_review,"The same sheet product can perform both roles, but a DPC interrupts capillary moisture while a flashing collects and drains water along a shaped path.",AU-MA-DAMP-PROOF-COURSE|AU-MA-MASONRY-FLASHING,SRC-ABCB-HP-MASONRY-WEATHERPROOFING|SRC-RMIT-MASONRY-FLASHINGS,Retain separate role objects and allow one modelled product instance to carry both roles only when the detail supports both.
TERM-020,masonry perpend,weephole,accepted_pending_review,"A weephole is commonly formed by deliberately leaving a perpend open, but an ordinary filled perpend is a mortar joint and must not be treated as a drainage opening.",AU-MA-PERPEND-JOINT|AU-MA-WEEPHOLE,SRC-DICTIONARY-PERPEND|SRC-DICTIONARY-WEEPHOLE|SRC-ABCB-HP-MASONRY-WEATHERPROOFING,"Model the weephole as an opening state at a selected perpend location, never as the default state of every perpend."
TERM-021,concrete masonry block,Besser block,accepted_pending_review,Besser is widely used in Australian speech for concrete blockwork but originates as a proprietary name and does not identify every concrete masonry block product.,AU-MA-CONCRETE-BLOCK,SRC-ABCB-HP-MASONRY-COMPONENTS|SRC-YOURHOME-BRICKWORK-BLOCKWORK,Retain Besser block as a proprietary search term only; generate a generic concrete masonry block unless a product is explicitly selected.
TERM-022,masonry veneer wall,reverse masonry veneer wall,accepted_pending_review,"Both use a framed wall and a single masonry leaf, but conventional masonry veneer puts the leaf outside the frame as the weather skin while reverse veneer puts it inside for exposed thermal mass.",AU-MA-MASONRY-VENEER-WALL|AU-MA-REVERSE-MASONRY-VENEER-WALL,SRC-ABCB-HP-MASONRY-VENEER|SRC-YOURHOME-BRICKWORK-BLOCKWORK,Require inside-versus-outside leaf position before generating veneer geometry.
TERM-023,cold-formed steel framing,structural steel framing,accepted_pending_review,"Both are steel structures, but residential light-gauge members are formed from thin sheet and commonly follow NASH or AS/NZS 4600, while structural steel members such as universal beams and columns use different sections, connections and design pathways.",AU-SF-FRAMING-SYSTEM,SRC-ABCB-V2-H1-FRAMING|SRC-NASH-STEEL-INNOVATION,Require light-gauge versus hot-rolled or hollow-section context before choosing a steel member family.
TERM-024,steel wall top track or bottom track,steel wall plate,research_required,"Australian steel-frame sources use both plate and track language, but proprietary systems can distinguish section forms and functions at the wall head and base.",AU-SF-TOP-TRACK|AU-SF-BOTTOM-TRACK,SRC-NASH-GENERAL-GUIDE|SRC-NASH-STEEL-INNOVATION,Accept plate as a search synonym but preserve the selected system's top-track and bottom-track product identities.
TERM-025,steel floor boundary joist,rim joist or rim track,research_required,"All terms can describe a floor-edge member, but the physical section and whether it behaves as a joist, track or proprietary cassette edge vary by system.",AU-SF-BOUNDARY-JOIST|AU-SF-FLOOR-CASSETTE,SRC-NASH-GENERAL-GUIDE|SRC-NASH-PART2-METADATA,Use boundary member as the family role and obtain the exact section and connection from the frame supplier.
TERM-026,prefabricated steel floor cassette,ladder floor frame,accepted_pending_review,A ladder frame is one parallel-rail and cross-member configuration; floor cassette is a broader prefabricated module and can use other layouts.,AU-SF-FLOOR-CASSETTE,SRC-NASH-GENERAL-GUIDE,Store ladder as a cassette-layout attribute unless the selected proprietary system establishes it as a separate product object.
TERM-027,steel framing self-drilling screw or masonry anchor,Tek screw or Dynabolt,accepted_pending_review,Tek and Dynabolt are proprietary or genericised trade names and do not identify every compatible screw or anchor product.,AU-SF-SELF-DRILLING-SCREW|AU-SF-MASONRY-ANCHOR,SRC-NASH-GENERAL-GUIDE|SRC-BLUESCOPE-TB34-STEEL-FRAMES,"Keep both as search terms only and require product, substrate, coating and connection schedule before drawing or counting a specific fastener."
TERM-028,structural member role plus section designation,"beam, column or bearer used as a section name",accepted_pending_review,"A role tells what the member does, while UB, UC, PFC, RHS and other section designations tell its cross-sectional form. Everyday speech often collapses the two and can select the wrong geometry or load-path object.",AU-SS-MEMBER|AU-SS-BEAM|AU-SS-BEARER|AU-SS-COLUMN|AU-SS-SECTION|AU-SS-UB|AU-SS-UC,SRC-ABCB-HP-STRUCTURAL-STEEL|SRC-ASI-SECTION-RANGE|SRC-ASI-CONNECTIONS-HANDBOOK,Make future drawing commands resolve both role and profile; never infer UC merely from column or UB merely from beam.
TERM-029,specified Australian section designation,I-beam or RSJ,research_required,"I-beam describes a broad shape and RSJ is ambiguous trade shorthand. Neither reliably distinguishes UB, UC, TFB, WB or an older or imported section family.",AU-SS-UB|AU-SS-UC|AU-SS-TFB|AU-SS-WB|AU-SS-WC,SRC-ASI-SECTION-RANGE,"Treat I-beam and RSJ as search prompts that require a section designation, dimensions or verified existing-building record before geometry is generated."
TERM-030,column base plate connection,base plate,accepted_pending_review,"Base plate can mean the single steel plate or casually mean the full column-to-support assembly including welds, anchors, nuts, washers, grout and substrate interface.",AU-SS-BASE-PLATE-CONNECTION|AU-SS-BASE-PLATE|AU-SS-ANCHOR-BOLT,SRC-ASI-BASE-PLATE|SRC-ASI-DESIGN-CONSTRUCTION,Keep the plate and connection assembly as separate objects; ask whether a command intends only the plate or the installed base assembly.
TERM-031,structural bolt or anchor bolt according to function,bolt,accepted_pending_review,"A member-to-member structural bolt passes through connected steel plies, while an anchor bolt connects a base plate into concrete or masonry. Their hosts, geometry and installation data differ.",AU-SS-STRUCTURAL-BOLT|AU-SS-ANCHOR-BOLT,SRC-ASI-CONNECTIONS-HANDBOOK|SRC-ASI-BASE-PLATE,"Use connection context and substrate to resolve the bolt family before drawing, scheduling or counting it."
TERM-032,designed structural steel member web penetration,service hole,hold,Service hole can mean a factory-punched opening in light-gauge framing or a separately designed cut-out in a hot-rolled member web. The same short term must not authorise either geometry automatically.,AU-SS-WEB-PENETRATION|AU-SF-SERVICE-HOLE,SRC-ABCB-HP-STRUCTURAL-STEEL|SRC-ASI-DESIGN-ECONOMY|SRC-NASH-GENERAL-GUIDE,Require the host member family and approved opening schedule before resolving service hole to a drawable opening.
TERM-033,roof sarking when the pliable layer performs the roof-underlay role,"sarking, underlay, vapour barrier or reflective insulation",accepted_pending_review,"These words can describe overlapping products but not the same installed function. A pliable roof underlay may manage water, air, vapour and radiation differently according to its classification, laps, ventilation and roof assembly.",AU-RO-ROOF-SARKING|AU-RO-SARKING-JOINT-TAPE,SRC-ABCB-HP-ROOF-TILES|SRC-YOURHOME-CONSTRUCTION-SYSTEMS,"Resolve the product classification and intended control functions before drawing layer direction, taped joints, ventilation gaps or claiming it is a vapour barrier."
TERM-034,profiled metal roof sheet,Colorbond roof,accepted_pending_review,"COLORBOND is a proprietary prepainted steel product family, not the generic name for every metal roof sheet, profile, base metal, coating or complete roof assembly.",AU-RO-METAL-ROOF-SHEET|AU-RO-METAL-SHEET-ROOF,SRC-ABCB-HP-SHEET-ROOFING|SRC-LYSAGHT-ROOFING-WALLING-MANUAL,"Treat Colorbond as a product or finish cue; still require profile, thickness, coating, sheet length, fixing system and manufacturer compatibility."
TERM-035,corrugated metal roof sheet with specified material and coating,corrugated iron or tin roof,accepted_pending_review,"Common Australian speech preserves historical material names even when the installed sheet is usually coated steel. The slang does not confirm the base metal, coating, thickness or profile dimensions.",AU-RO-CORRUGATED-METAL-SHEET|AU-RO-METAL-SHEET-ROOF,SRC-ABCB-HP-SHEET-ROOFING|SRC-SA-HB-39-2015,Use the slang for search and recognition only; require a scheduled product or measured existing profile before generating exact geometry or material data.
TERM-036,flashing or capping according to junction and water-shedding role,flashing or capping,accepted_pending_review,"Both are folded weathering pieces and some details combine the roles. Capping usually covers an exposed ridge, hip, barge or parapet edge, while flashing bridges or drains a junction, abutment or penetration.",AU-RO-ROOF-FLASHING|AU-RO-METAL-RIDGE-CAPPING|AU-RO-METAL-HIP-CAPPING|AU-RO-METAL-BARGE-CAPPING|AU-RO-PARAPET-CAPPING,SRC-ABCB-HP-SHEET-ROOFING|SRC-SA-HB-39-2015|SRC-LYSAGHT-ROOFING-WALLING-MANUAL,"Classify the object from its host junction, cross-section and drainage role, while retaining the alternate word as a search cue where industry usage overlaps."
TERM-037,valley gutter for the formed water-carrying channel,"roof valley, valley gutter or valley flashing",accepted_pending_review,"Roof valley can mean the geometric intersection line, while valley gutter and valley flashing can both refer to the formed piece under the cut roof coverings. Geometry and function must be separated.",AU-RD-VALLEY-GUTTER|AU-RO-ROOF-FLASHING,SRC-ABCB-HP-ROOF-TILES|SRC-SA-HB-39-2015,"Use valley gutter for the drawable channel, store the roof-valley line as geometry, and use valley flashing as a related search term unless a source defines a distinct detail."
TERM-038,mortar bedding and flexible pointing as separate ridge or hip components,bedded and pointed ridge,accepted_pending_review,"Bedding supports and seats capping tiles, while pointing finishes and seals the exposed edges. A single casual phrase can hide two materials with different geometry and maintenance behaviour.",AU-RO-RIDGE-HIP-MORTAR-BEDDING|AU-RO-FLEXIBLE-POINTING|AU-RO-RIDGE-TILE|AU-RO-HIP-TILE,SRC-ABCB-HP-ROOF-TILES|SRC-ARTA-TECHNICAL,Generate bedding and pointing as separate continuous components around the capping tile and preserve the chosen mechanical fixing or clip as another object.
TERM-039,gutter outlet,"dropper, pop or nozzle",accepted_pending_review,"Trade and regional words vary for the fitting that transfers normal gutter flow to a downpipe. Nozzle can also mean an overflow device, so the short word does not establish normal-flow versus overflow function.",AU-RD-GUTTER-OUTLET|AU-RD-INVERTED-OVERFLOW-NOZZLE,SRC-ABCB-HP-GUTTERS-DOWNPIPES|SRC-SA-HB-39-2015,"Ask whether the fitting is the normal downpipe outlet or a dedicated overflow; then resolve its host face, throat, level, shape and connected object."
TERM-040,rainhead for the external visible collection box and box gutter sump for the internal depressed collector,rainhead or sump,accepted_pending_review,"Both receive gutter water and feed an outlet, but their position and failure behaviour differ. A rainhead relieves surcharge visibly outside; a box gutter sump is part of an internal gutter system and needs an independently resolved overflow path.",AU-RD-RAINHEAD|AU-RD-BOX-GUTTER-SUMP|AU-RD-BOX-GUTTER-SYSTEM,SRC-ABCB-HP-GUTTERS-DOWNPIPES|SRC-SA-HB-39-2015,"Resolve inside-versus-outside location, incoming gutter, outlet and overflow route before selecting geometry or making a substitution."
TERM-041,soaker gutter for a continuous concealed channel and soaker tray flashing for a local penetration or abutment tray,"soaker, soaker tray or soaker gutter",research_required,The words overlap in roofing practice. A continuous narrow drainage channel differs from a local tray flashing and from individual soakers placed beneath small-unit roof coverings.,AU-RD-SOAKER-GUTTER|AU-RO-SOAKER-TRAY-FLASHING,SRC-SA-HB-39-2015|SRC-LYSAGHT-ROOFING-WALLING-MANUAL,"Use path length, host, inlet edges and discharge point to choose the continuous gutter or local flashing object; add individual tile soakers only after a primary source confirms their distinct geometry."
TERM-042,downpipe above ground and stormwater drain below ground,stormwater pipe,accepted_pending_review,"Stormwater pipe can casually mean either the visible roof-water leader or the buried drain. The two have different supports, fittings, geometry, inspection needs and relationships to the building.",AU-RD-DOWNPIPE|AU-SC-STORMWATER-DRAIN|AU-RD-DOWNPIPE-STORMWATER-ADAPTOR,SRC-ABCB-HP-GUTTERS-DOWNPIPES|SRC-ABCB-HP-SITE-DRAINAGE,Resolve above-ground versus buried location and use the adaptor as the explicit transition between the two systems.
TERM-043,cladding material plus board profile,weatherboard,accepted_pending_review,"Weatherboard describes a wall-cladding form but does not establish whether the board is solid timber, fibre cement, exterior hardboard or another proprietary material. Those materials have different cuts, fixings, joints and finishes.",AU-CL-TIMBER-WEATHERBOARD|AU-CL-FIBRE-CEMENT-CLADDING-BOARD|AU-CL-HARDBOARD-CLADDING-BOARD,SRC-ABCB-HP-WALL-CLADDING|SRC-FWPA-D01-CLADDING,"Treat weatherboard as a form cue and require the material or product family before selecting geometry, cutting rules, fixings or coating."
TERM-044,exterior hardboard or fibre cement according to the product,Masonite or cement sheet,accepted_pending_review,"Masonite is genericised proprietary language often used for hardboard, while cement sheet is loose trade language usually aimed at fibre cement. Neither word proves the product standard, exterior grade or exact material.",AU-CL-HARDBOARD-CLADDING-BOARD|AU-CL-HARDBOARD-CLADDING-SHEET|AU-CL-FIBRE-CEMENT-CLADDING-BOARD|AU-CL-FIBRE-CEMENT-CLADDING-SHEET,SRC-ABCB-HP-WALL-CLADDING|SRC-ISO-8336-2017,"Use product evidence or material schedule to resolve hardboard versus fibre cement before drawing edges, joints, fasteners or finishes."
TERM-045,"board, sheet or structural panel according to geometry and role",cladding panel,accepted_pending_review,"Panel is used casually for broad sheets, factory panels and complete facade modules. A long narrow board, a thin fixed sheet and a reinforced AAC panel have different support, joint and load behaviour.",AU-CL-WALL-CLADDING-BOARD|AU-CL-WALL-CLADDING-SHEET|AU-CL-REINFORCED-AAC-WALL-PANEL,SRC-ABCB-HP-WALL-CLADDING|SRC-HEBEL-EXTERNAL-WALLS,"Resolve unit width-to-length form, thickness, material, reinforcement and support method before assigning an object class."
TERM-046,direct-fixed wall arrangement or face-fixed fastener according to context,direct fix or face fix,accepted_pending_review,"Direct fix describes the wall build-up without a drained cavity. Face fix describes where a fastener passes through the visible cladding face. A direct-fixed wall can still use concealed board edges, and cavity cladding can be face-fixed.",AU-CL-DIRECT-FIXED-CLADDING-WALL|AU-CL-DRAINED-CAVITY-CLADDING-WALL|AU-CL-CONCEALED-CLADDING-CLIP,SRC-ABCB-V2-H2-WEATHERPROOFING|SRC-JH-AXON-INSTALL-GUIDE,Store wall build-up and fastener visibility as separate properties; never infer one from the other.
TERM-047,cladding drainage cavity when referring to the clear space behind lightweight cladding,cavity or rainscreen,accepted_pending_review,"Cavity can also mean a masonry wall cavity, while rainscreen may describe a broader pressure-moderated or ventilated facade concept. The short words do not define depth, drainage, ventilation, fire barriers or closures.",AU-CL-CLADDING-CAVITY|AU-CL-DRAINED-CAVITY-CLADDING-WALL|AU-MA-MASONRY-CAVITY,SRC-ABCB-V2-H2-WEATHERPROOFING|SRC-FWPA-D01-CLADDING,"Resolve the wall system, boundary layers, clear path, openings and barriers before generating cavity geometry."
TERM-048,"external wall weather barrier with stated water, air and vapour classifications","wall wrap, sarking or vapour barrier",accepted_pending_review,"Wall wrap and sarking are common product-family words. Vapour barrier claims a particular vapour-control function that may be wrong for the selected membrane, climate and wall build-up.",AU-CL-WALL-WEATHER-BARRIER|AU-CL-WEATHER-BARRIER-SEAM-TAPE|AU-RO-ROOF-SARKING,SRC-ABCB-HP-WALL-CLADDING|SRC-FWPA-D01-CLADDING,"Require membrane classification, location and intended control functions before treating the layer as a vapour barrier or choosing which seams and penetrations are sealed."
TERM-049,cladding movement joint assembly,"control joint, expansion joint or H flashing",accepted_pending_review,"Control and expansion joint describe movement roles, while an H-shaped profile may be only one joining or flashing component. The visible trim does not prove gap width, support separation, backing, sealant or drainage.",AU-CL-CLADDING-MOVEMENT-JOINT|AU-CL-CLADDING-EXPANSION-GAP|AU-CL-HORIZONTAL-INTERSTOREY-FLASHING|AU-CL-CLADDING-JOINER,SRC-FWPA-D01-CLADDING|SRC-JH-AXON-INSTALL-GUIDE,"Model the movement gap and weathering assembly first, then attach the selected H profile, flashing or cover as a component."
TERM-050,corner flashing behind and corner trim at the visible face,"corner mould, corner angle or corner flashing",accepted_pending_review,"A visible corner trim finishes cladding edges; a concealed corner flashing supplies secondary weather protection. One folded angle can sometimes perform both roles, but they should not be collapsed without the detail.",AU-CL-CORNER-FLASHING|AU-CL-EXTERNAL-CORNER-TRIM|AU-CL-INTERNAL-CORNER-TRIM,SRC-FWPA-D01-CLADDING|SRC-JH-AXON-INSTALL-GUIDE,"Resolve visibility, position relative to the membrane, water path and edge-receiving profile before choosing flashing, trim or a combined product."
TERM-051,reinforced AAC panel or unreinforced AAC block according to product and structure,Hebel or AAC wall,accepted_pending_review,"Hebel is proprietary language and AAC names a material family. Reinforced external panels and unreinforced blocks differ in reinforcement, unit geometry, supports, joints and applicable system documentation.",AU-CL-REINFORCED-AAC-WALL-PANEL|AU-CL-AAC-PANEL-CLADDING,SRC-ABCB-V2-H1-ROOF-CLADDING|SRC-HEBEL-EXTERNAL-WALLS|SRC-SA-AS-5146-1-2015,"Require the supplied system and confirm panel versus block construction before generating units, joints, cuts or fixings."
TERM-052,solid metal sheet wall cladding when using the AS 1562.1 pathway,metal panel or aluminium composite panel,hold,The NCC guidance distinguishes solid metal sheeting from laminated and composite metal panels. Similar facade appearance does not place a composite panel within the solid-sheet DTS pathway.,AU-CL-METAL-SHEET-WALL-CLADDING|AU-CL-PROFILED-METAL-WALL-SHEET,SRC-ABCB-METAL-WALL-CLADDING-GUIDANCE|SRC-LYSAGHT-WALLING-SOLUTIONS,Require product construction and evidence of suitability; do not map composite or laminated panels to solid metal sheet objects or AS 1562.1 automatically.
TERM-053,eaves or soffit lining according to the underside area being closed,"eaves sheet, soffit sheet or fibro",accepted_pending_review,"The first two terms often identify the same external underside role, while fibro is legacy trade language that may imply fibre cement but does not establish a non-asbestos product, thickness or product standard.",AU-CL-EAVES-SOFFIT-LINING-SYSTEM|AU-CL-FIBRE-CEMENT-SOFFIT-SHEET,SRC-ABCB-HP-WALL-CLADDING|SRC-ISO-8336-2017,"Use location to resolve eaves versus soffit and require verified product identity before assigning fibre-cement material, especially in existing buildings."
TERM-054,window perimeter frame or rough wall opening framing according to context,window frame,accepted_pending_review,"Window frame usually means the factory product around the sashes and glass, but builders may use the phrase for studs, lintel and trimmers forming the wall opening. These are separate assemblies with different geometry and load paths.",AU-WD-WINDOW-FRAME|AU-WD-WINDOW-ASSEMBLY|AU-TF-JAMB-STUD|AU-TF-LINTEL|AU-TF-HEAD-TRIMMER,SRC-AGWA-WINDOW-TERMINOLOGY|SRC-ABCB-HP-WINDOWS-DOORS,Ask whether the command means the manufactured fenestration frame or the structural rough-opening framing before drawing or measuring it.
TERM-055,window sash for a moving framed window part and door leaf or panel for a moving door part,sash or panel,accepted_pending_review,"A sash is the framed moving or fixed glazed part of a window. Panel is broader and can mean a glass pane, door panel, fixed field or complete infill. Interchanging them loses hardware, track and perimeter-member meaning.",AU-WD-WINDOW-SASH|AU-WD-SLIDING-DOOR-OPENING-PANEL|AU-GL-GLASS-PANE,SRC-AGWA-WINDOW-TERMINOLOGY|SRC-AGWA-FENESTRATION-TERMS,"Resolve window versus door, moving versus fixed, and framed component versus bare glass before assigning the term."
TERM-056,window sill or door threshold according to the opening,sill,accepted_pending_review,"A window sill is the lower horizontal frame member and drainage zone. A door threshold is the trafficable lower frame component. Both can be called sill in product language, but clearance, accessibility, track and weathering geometry differ.",AU-WD-WINDOW-SILL|AU-WD-DOOR-THRESHOLD,SRC-AGWA-WINDOW-TERMINOLOGY|SRC-AGWA-FENESTRATION-TERMS,Use the host opening and whether people cross it to resolve sill versus threshold; retain manufacturer naming as an alias.
TERM-057,"frame mullion, coupling mullion, meeting stile or interlock stile according to role",mullion,accepted_pending_review,"A frame mullion divides fixed frame bays, a coupling mullion joins separate units, and meeting or interlock stiles are edge members on moving sashes or door panels. They can align visually but have different hosts and connections.",AU-WD-FRAME-MULLION|AU-WD-COUPLING-MULLION|AU-WD-MEETING-RAIL|AU-WD-DOOR-INTERLOCK-STILE|AU-WD-DOOR-MEETING-STILE,SRC-AGWA-WINDOW-TERMINOLOGY|SRC-AGWA-FENESTRATION-TERMS,Resolve fixed frame versus moving panel and whether the member divides one product or couples two products before generating the profile.
TERM-058,"fixed glazed light, fixed sash or fixed window assembly according to construction level",fixed window or fixed panel,accepted_pending_review,"A fixed window is the complete product. A fixed light is the non-opening glazed field. Some products hold that field directly in the main frame while others use a non-operating sash, so visual immobility does not identify the component structure.",AU-WD-FIXED-WINDOW|AU-GL-FIXED-LIGHT-ASSEMBLY|AU-WD-WINDOW-SASH,SRC-AGWA-FENESTRATION-TERMS|SRC-AGWA-WINDOW-TERMINOLOGY,"Ask whether the command targets the complete installed window or only one non-opening glazed field, then obtain the product detail for direct glazing versus fixed sash."
TERM-059,"insect flyscreen, security screen or fall-protection screen according to tested function",screen,hold,These products may all look like framed mesh. An ordinary flyscreen excludes insects but does not automatically provide security or resist the window-fall loads required of a protection screen.,AU-WD-FLYSCREEN-ASSEMBLY|AU-WD-WINDOW-FALL-PROTECTION-SCREEN,SRC-ABCB-HP-WINDOW-PROTECTION|SRC-SA-AS-5203-2016|SRC-AGWA-FENESTRATION-TERMS,Require the intended function and product evidence; never promote an insect screen to a security or fall-protection role from appearance.
TERM-060,"opening weatherseal, glazing gasket or wall-opening perimeter seal according to interface",seal or rubber,accepted_pending_review,"A sash weatherseal seals moving frame edges, a glazing gasket cushions and seals glass inside a rebate, and the perimeter seal closes the installed frame-to-wall joint. Combining them produces wrong routes and quantities.",AU-WD-WEATHERSEAL-ASSEMBLY|AU-WD-OPENING-PERIMETER-SEAL-ASSEMBLY|AU-GL-GLAZING-GASKET,SRC-ABCB-HP-BUILDING-SEALING|SRC-ABCB-HP-GLASS|SRC-AGWA-FENESTRATION-TERMS,"Resolve the two surfaces being sealed—moving panel to frame, glass to rebate, or window frame to wall—before selecting a seal object."
TERM-061,"glass pane for one cut piece, IGU lite for one pane within a sealed unit, and glazed light for a framed field","pane, panel, light or lite",accepted_pending_review,"The words overlap in trade speech but represent different hierarchy levels. A pane is one glass body, a lite is its position in an IGU, and a light can be the complete glazed area bounded by frame members.",AU-GL-GLASS-PANE|AU-GL-IGU-GLASS-LITE|AU-GL-FIXED-LIGHT-ASSEMBLY,SRC-ABCB-HP-GLASS|SRC-AGWA-WINDOW-TERMINOLOGY|SRC-AGWA-IGU-DRAINAGE,"Store bare glass, its make-up position and the framed field as separate objects even when a schedule uses one word for all three."
TERM-062,certified safety-glazing product with its specific make-up,"safety glass, toughened glass or laminated glass",hold,"Safety glass is a performance classification, while toughened and laminated describe product construction. Not every laminated make-up is automatically the required safety product, and heat-strengthened monolithic glass is not the same as toughened safety glass.",AU-GL-TOUGHENED-SAFETY-GLASS|AU-GL-LAMINATED-SAFETY-GLASS|AU-GL-LAMINATED-GLASS-ASSEMBLY|AU-GL-HEAT-STRENGTHENED-GLASS|AU-GL-SAFETY-GLASS-MARK,SRC-ABCB-HP-GLAZING-IMPACT|SRC-SA-AS-NZS-2208-2023|SRC-VIRIDIAN-GLASS-PROCESS,"Require product classification, make-up and permanent identification before assigning safety performance or substituting one construction for another."
TERM-063,"insulating glass unit when panes, spacer and sealed cavity are manufactured as one unit",double glazing,accepted_pending_review,"Double glazing commonly means a two-lite IGU, but can also be used loosely for secondary glazing or two separate window layers. Those arrangements have different frames, cavities, seals, replacement units and thermal models.",AU-GL-IGU-ASSEMBLY|AU-GL-DOUBLE-GLAZED-UNIT|AU-GL-IGU-CAVITY,SRC-AGWA-IGU-DRAINAGE|SRC-AGWA-SELECTING-GLASS-WINDOWS|SRC-SA-AS-4666-2012,"Ask whether the panes share one sealed spacer-and-edge-seal unit; if not, research the separate secondary-glazing assembly before mapping it."
TERM-064,"frame installation packer, glass setting block, glass location block or IGU spacer according to position and load","packer, block, shim or spacer",accepted_pending_review,"All are small separating components, but a frame packer transfers installation reactions to the wall, a setting block carries glass weight, a location block maintains edge clearance and an IGU spacer forms the sealed cavity perimeter.",AU-WD-FRAME-PACKER|AU-GL-SETTING-BLOCK|AU-GL-LOCATION-BLOCK|AU-GL-IGU-SPACER-FRAME,SRC-ABCB-HP-WINDOWS-DOORS|SRC-AGWA-RESIDENTIAL-INSTALLATION|SRC-AGWA-IGU-DRAINAGE,"Use the component's two contact surfaces and whether it carries frame load, glass weight, glass location or cavity spacing to resolve the object."
TERM-065,low-emissivity coating on a specified glass surface,low-e glass,accepted_pending_review,"Low-e glass is convenient product language, but the performance comes from a coating on a nominated face. Pane reversal, lamination and IGU surface numbering can move the coating to an exposed or incompatible location.",AU-GL-LOW-E-COATING|AU-GL-IGU-GLASS-LITE|AU-GL-GLASS-PANE,SRC-AGWA-SELECTING-GLASS-WINDOWS|SRC-VIRIDIAN-GLASS-GLOSSARY|SRC-VIRIDIAN-GLASS-PROCESS,Store base glass and coating as separate linked objects and require the numbered surface or product make-up before generating section layers.
TERM-066,waterproof or water resistant according to the required performance and location,"sealed, waterproofed or wet-area rated",accepted_pending_review,The Housing Provisions use waterproof and water resistant as different performance requirements. Trade descriptions such as sealed or wet-area rated do not identify which performance applies or which physical layer provides it.,AU-WP-WET-AREA-WATERPROOFING-SYSTEM|AU-WP-WET-AREA-MEMBRANE|AU-WP-WATER-RESISTANT-FLEXIBLE-WALL-SHEET|AU-WP-WATER-RESISTANT-SHEET-FLOOR,SRC-ABCB-HP-WET-AREA-WATERPROOFING|SRC-ABCB-WATERPROOFING-HOUSES|SRC-SA-AS-3740-2021,Store the required performance and protected extent separately for every surface; do not infer a membrane across every area described only as water resistant.
TERM-067,wet-area waterproofing system for the complete assembly and membrane for one waterproof layer,waterproofing or membrane system,accepted_pending_review,"A complete system also includes its compatible substrate, preparation, bond breakers, junction treatments, flashings, penetration seals, drain connection and terminations. Treating membrane as the whole system hides those drawable failure points.",AU-WP-WET-AREA-WATERPROOFING-SYSTEM|AU-WP-WET-AREA-MEMBRANE|AU-WP-MEMBRANE-PRIMER|AU-WP-BOND-BREAKER|AU-WP-MEMBRANE-DRAINAGE-CONNECTION,SRC-ABCB-HP-WET-AREA-WATERPROOFING|SRC-SA-AS-3740-2021|SRC-ARDEX-INTERNAL-WET-AREA-SPECS,"Model the membrane as a part of a selected system and require all documented substrate, junction, penetration, drainage and termination components."
TERM-068,internal or external wet-area membrane according to its position relative to the tile bed,internal waterproofing or external waterproofing,accepted_pending_review,"In the Housing Provisions wet-area details, internal and external can describe whether the membrane is above or below the screed or tile bed. In general construction language the same words often mean inside or outside the building.",AU-WP-INTERNAL-MEMBRANE-SYSTEM|AU-WP-EXTERNAL-MEMBRANE-SYSTEM|AU-WP-TILE-BED|AU-WP-FALL-FORMING-SCREED,SRC-ABCB-HP-WET-AREA-WATERPROOFING|SRC-SA-AS-3740-2021,"Ask whether internal or external refers to building location or layer order, then store the membrane's exact position in the assembly."
TERM-069,preformed shower base unit or in-situ shower tray assembly according to construction,"shower tray, shower base or shower pan",accepted_pending_review,"A preformed base is a manufactured vessel with an outlet and upturns. An in-situ tray is site-built from substrate, falls, membrane, edge details and finish. The shared trade terms do not reveal which geometry and interfaces are required.",AU-WP-PREFORMED-SHOWER-BASE-ASSEMBLY|AU-WP-PREFORMED-SHOWER-BASE-UNIT|AU-WP-IN-SITU-SHOWER-TRAY-ASSEMBLY|AU-WP-VESSEL-UPTURN-LIP,SRC-ABCB-HP-WET-AREA-WATERPROOFING|SRC-SA-AS-3740-2021,"Resolve manufactured versus site-built construction before generating the base, outlet, support, upturn, membrane and finish layers."
TERM-070,"shower hob, waterstop angle or trafficable threshold according to physical role","hob, waterstop, angle or threshold",accepted_pending_review,"A hob is a raised kerb, a waterstop is a membrane termination that limits water migration, and a threshold is the trafficable doorway or shower crossing. They can occur together or align in plan but are not interchangeable.",AU-WP-SHOWER-HOB|AU-WP-WATERSTOP-ANGLE|AU-WP-WET-AREA-DOORWAY-TERMINATION|AU-WP-LEVEL-THRESHOLD-SHOWER-ASSEMBLY,SRC-ABCB-HP-WET-AREA-WATERPROOFING|SRC-SA-AS-3740-2021,"Identify whether the object raises the edge, terminates the membrane, or forms a traffic crossing; draw separate coincident components when it performs more than one role."
TERM-071,shower stepdown for the finished level change and slab set-down for a structural recess,"stepdown, set-down or rebate",accepted_pending_review,"A finished shower stepdown may be created by screed and finish levels, while a slab set-down is formed in the structural concrete. Using one term for both can cut structure unnecessarily or omit the required finished threshold geometry.",AU-WP-SHOWER-STEPDOWN|AU-WP-STEPDOWN-SHOWER-ASSEMBLY|AU-CF-EDGE-REBATE,SRC-ABCB-HP-WET-AREA-WATERPROOFING|SRC-SA-AS-3740-2021,"Store structural substrate levels separately from screed, membrane, tile and finished-surface levels, then derive the visible step from the complete build-up."
TERM-072,"floor waste assembly, floor-waste gully or linear drain according to plumbing and geometry","floor drain, waste, grate or gully",accepted_pending_review,"These words may describe the complete drainage fitting, only its visible grate, a trapped plumbing gully, or a long channel. Each has different body, outlet, membrane connection and fall geometry.",AU-WP-FLOOR-WASTE-ASSEMBLY|AU-WP-FLOOR-WASTE-GRATE|AU-WP-FLOOR-WASTE-BODY|AU-WP-LINEAR-FLOOR-DRAIN-ASSEMBLY|AU-WP-LINEAR-DRAIN-CHANNEL,SRC-ABCB-HP-WET-AREA-WATERPROOFING|SRC-SA-AS-3740-2021,"Resolve point versus linear geometry, trapped plumbing function, visible grate and concealed body before creating falls or connecting the membrane."
TERM-073,drainage flange or puddle flange according to the selected fitting and system detail,"puddle flange, leak-control flange or drain flange",hold,"The names overlap across standards, plumbing products and waterproofing trades. A flange may clamp, bond or receive the membrane at a different height and may provide openings for water within a tile bed.",AU-WP-DRAINAGE-FLANGE|AU-WP-PUDDLE-FLANGE|AU-WP-MEMBRANE-DRAINAGE-CONNECTION|AU-WP-DRAINAGE-RISER,SRC-ABCB-HP-WET-AREA-WATERPROOFING|SRC-SA-AS-3740-2021|SRC-ARDEX-INTERNAL-WET-AREA-SPECS,"Require the actual fitting profile, membrane level, outlet or riser arrangement and proprietary system detail rather than selecting a flange from its name alone."
TERM-074,fall-forming screed or tile bed according to the layer's job,"screed, bed or mortar bed",accepted_pending_review,"A screed establishes levels and falls; a tile bed supports the tiled finish. One mortar layer can perform both jobs, but a structural slab may already form falls or another layer may separate the functions.",AU-WP-FALL-FORMING-SCREED|AU-WP-TILE-BED|AU-WP-TILED-WET-AREA-FLOOR,SRC-ABCB-HP-WET-AREA-WATERPROOFING|SRC-SA-AS-3958-2023|SRC-JH-WET-AREA-GUIDE-2025,"Record each physical layer once, attach both roles if applicable, and keep its position relative to membrane, substrate, drain and tile explicit."
TERM-075,bond breaker for movement isolation and reinforcement band for membrane strengthening,"corner tape, bond-breaker tape or reinforcing tape",accepted_pending_review,"The products can all look like narrow rolls at corners. A bond breaker prevents three-sided adhesion or isolates movement, while reinforcement is embedded to strengthen or control membrane thickness. One proprietary strip may be approved for both, but the functions remain distinct.",AU-WP-BOND-BREAKER|AU-WP-BOND-BREAKER-TAPE|AU-WP-MEMBRANE-REINFORCEMENT|AU-WP-MEMBRANE-CORNER-BAND,SRC-ABCB-HP-WET-AREA-WATERPROOFING|SRC-SA-AS-3740-2021|SRC-ARDEX-INTERNAL-WET-AREA-SPECS,"Store function, route and membrane-system approval; allow one product instance to fulfil two linked roles only where its evidence supports both."
TERM-076,"tile grout, flexible sealant joint and waterproof membrane as separate layers","waterproof grout, silicone or tile waterproofing",accepted_pending_review,"Grout fills regular tile joints, flexible sealant accommodates movement at selected junctions, and the membrane provides the concealed waterproof layer. Marketing language about waterproof grout does not turn a tiled finish into the complete required waterproofing system.",AU-WP-TILE-GROUT|AU-WP-FLEXIBLE-TILE-SEALANT-JOINT|AU-WP-WET-AREA-MEMBRANE|AU-WP-TILED-WET-AREA-FLOOR|AU-WP-TILED-WET-AREA-WALL,SRC-ABCB-HP-WET-AREA-WATERPROOFING|SRC-SA-AS-3958-2023|SRC-SA-AS-3740-2021,"Generate regular grout joints, scheduled flexible joints and the protected membrane field independently; never infer concealed compliance from the visible tile finish."
TERM-077,tile edge trim or waterstop angle according to hidden waterproofing role,"tile angle, trim or aluminium angle",accepted_pending_review,"A tile trim protects and finishes an exposed tile edge. A waterstop angle terminates or returns the waterproofing. Similar extruded profiles can align at a doorway or shower edge, but the visible trim is not automatically the waterstop.",AU-WP-TILE-EDGE-TRIM|AU-WP-WATERSTOP-ANGLE|AU-WP-WET-AREA-DOORWAY-TERMINATION,SRC-ABCB-HP-WET-AREA-WATERPROOFING|SRC-SA-AS-3740-2021|SRC-SA-AS-3958-2023,Ask whether the profile connects to the membrane or only finishes the tile edge; retain separate coincident objects where one proprietary profile performs both functions.
TERM-078,"compressed fibre-cement floor sheet, fibre-cement wall sheet or water-resistant plasterboard according to product and location","cement sheet, wet-area board, blueboard, villaboard or plasterboard",hold,"These trade and product-family words do not identify a sheet's composition, thickness, edge, structural capacity or approved wet-area use. Floor substrates and wall linings also have different spans, fixings and joint systems.",AU-WP-COMPRESSED-FC-FLOOR-SHEET|AU-WP-FC-WET-AREA-WALL-SHEET|AU-WP-WATER-RESISTANT-PLASTERBOARD|AU-WP-PREDECORATED-FC-WALL-SHEET,SRC-JH-WET-AREA-GUIDE-2025|SRC-KNAUF-WET-AREA-SYSTEM|SRC-ABCB-HP-WET-AREA-WATERPROOFING,"Require verified product type, thickness, edge and manufacturer system before choosing substrate geometry, support spacing, fixings, joints or membrane treatment."
TERM-079,unenclosed shower and level-threshold shower as independent attributes,"walk-in, open or hobless shower",accepted_pending_review,"Walk-in describes how a person enters, open usually describes enclosure, and hobless describes the absence of a raised kerb. A shower may be unenclosed but stepped, or enclosed with a level threshold, so none of these words determines the complete edge detail.",AU-WP-UNENCLOSED-SHOWER-ASSEMBLY|AU-WP-LEVEL-THRESHOLD-SHOWER-ASSEMBLY|AU-WP-STEPDOWN-SHOWER-ASSEMBLY|AU-WP-HOB-SHOWER-ASSEMBLY,SRC-ABCB-HP-WET-AREA-WATERPROOFING|SRC-SA-AS-3740-2021,"Ask separately about enclosure, kerb, level change, screen, opening and waterstop, then select the corresponding assembly parts and protection extents."
TERM-080,fire-resistant or fire-resisting for evidence-backed construction and fireproof only as informal search language,"fire-rated, fireproof or fire protected",accepted_pending_review,"Fire-rated is widely used but does not say whether the evidence applies to one product or a complete assembly, in which direction, for which criteria or under which test. Fireproof wrongly suggests unlimited protection.",AU-FS-FIRE-SAFETY-SYSTEM|AU-FS-FIRE-RESISTING-EXTERNAL-WALL-ASSEMBLY|AU-FS-FIRE-RESISTING-SEPARATING-WALL-ASSEMBLY|AU-FS-STRUCTURAL-FIRE-PROTECTION-SYSTEM,SRC-ABCB-V2-H3-FIRE-SAFETY|SRC-SA-AS-1530-4-2014,"Require the physical assembly, exposure direction, required criteria, tested or assessed result and evidence reference; retain fireproof only as a low-confidence search term."
TERM-081,fire-resistance level as performance metadata on a physical assembly,"FRL as a wall, layer or product",accepted_pending_review,"An FRL records structural adequacy, integrity and insulation results or requirements in a defined order. It is not a sheet, coating or generic material that can be drawn or transferred to a different build-up.",AU-FS-FIRE-RESISTING-SEPARATING-WALL-ASSEMBLY|AU-FS-FIRE-RESISTING-SEPARATING-FLOOR-ASSEMBLY|AU-FS-NONOPENABLE-FIRE-WINDOW-ASSEMBLY|AU-FS-PASSIVE-FIRESTOP-SYSTEM,SRC-ABCB-HP-FIRE-PROTECTION-SEPARATING|SRC-SA-AS-1530-4-2014,"Store each required and achieved criterion, exposure direction, test or assessment reference and exact specimen assembly without creating an FRL geometry object."
TERM-082,fire-resisting separating wall when the wall separates the classified buildings or occupancies,"party wall, intertenancy wall or dividing wall",accepted_pending_review,"These common terms can refer to title boundaries, acoustic construction or walls in other NCC building classes. They do not establish the Class 1 or Class 10 relationship, fire path, rating, base-to-roof extent or service rules.",AU-FS-FIRE-RESISTING-SEPARATING-WALL-ASSEMBLY|AU-FS-MASONRY-SEPARATING-WALL-ASSEMBLY|AU-FS-LIGHTWEIGHT-SEPARATING-WALL-ASSEMBLY,SRC-ABCB-HP-FIRE-PROTECTION-SEPARATING|SRC-GYPROCK-RED-BOOK,"Ask which building classes and spaces the wall separates, then record the selected masonry or tested lightweight construction and its full junction extents."
TERM-083,"fire-resisting external wall, separating wall or tested fire wall according to regulatory role",boundary wall or fire wall,accepted_pending_review,"A wall near an allotment boundary is not automatically fire-resisting, and the term fire wall has a more specific meaning in some NCC and commercial contexts. A dwelling separating wall follows another geometry and occupancy relationship.",AU-FS-FIRE-RESISTING-EXTERNAL-WALL-ASSEMBLY|AU-FS-FIRE-RESISTING-SEPARATING-WALL-ASSEMBLY|AU-FS-WALL-TO-ROOF-FIRE-TERMINATION,SRC-ABCB-HP-FIRE-SEPARATION-EXTERNAL|SRC-ABCB-HP-FIRE-PROTECTION-SEPARATING,"Resolve boundary and building distances, building classes, wall exposure, wall start and roof termination before assigning a fire-wall family."
TERM-084,non-combustible for material classification and fire-resistant for assembly performance,"non-combustible, fireproof or fire rated",accepted_pending_review,"A non-combustible material does not burn under the applicable classification test, but an element made from it does not automatically achieve an FRL. Conversely, a tested fire-resistant lightweight assembly can contain combustible components.",AU-FS-NONCOMBUSTIBLE-ROOF-SPACE-VERTICAL-LINING|AU-FS-FIRE-RESISTING-EXTERNAL-WALL-ASSEMBLY|AU-FS-LIGHTWEIGHT-SEPARATING-WALL-ASSEMBLY,SRC-ABCB-HP-FIRE-SEPARATION-EXTERNAL|SRC-ABCB-HP-FIRE-PROTECTION-SEPARATING|SRC-SA-AS-1530-4-2014,Store combustibility on materials and fire resistance on exact assemblies as separate evidence fields; do not derive one from the other.
TERM-085,fire-resistant plasterboard or rigid fire-protection board according to product composition and system role,"fire board, fire sheet or fire-rated plasterboard",hold,"Fire board can mean gypsum plasterboard, calcium-silicate board, vermiculite board, coated penetration board or another proprietary product. None carries the complete wall, ceiling or encasement result by itself.",AU-FS-FIRE-RESISTANT-PLASTERBOARD-LINING|AU-FS-FIRE-PROTECTION-BOARD|AU-FS-COATED-FIRESTOP-BOARD|AU-FS-FIRE-PROTECTION-BOARD-ENCLOSURE,SRC-GYPROCK-RED-BOOK|SRC-PROMAT-FIRESTOP-SYSTEMS|SRC-SA-AS-1530-4-2014,"Require manufacturer, composition, product, thickness and tested-system position before drawing sheet layers, supports, joints or fixings."
TERM-086,"roof-space separation lining, cavity barrier, fire block or firestop according to the path being closed",fire barrier or fire block,hold,"These terms overlap in trade use. A roof-space lining is a plane, a cavity barrier closes a concealed void, a fire block may interrupt framing cavities, and a firestop protects a joint or service opening. Their hosts and geometry differ.",AU-FS-ROOF-SPACE-FIRE-SEPARATION-ASSEMBLY|AU-FS-NONCOMBUSTIBLE-ROOF-SPACE-VERTICAL-LINING|AU-FS-PASSIVE-FIRESTOP-SYSTEM|AU-FS-LINEAR-JOINT-FIRESTOP-ASSEMBLY,SRC-ABCB-HP-FIRE-PROTECTION-SEPARATING|SRC-PROMAT-FIRESTOP-SYSTEMS,"Identify the two spaces separated and whether the object is a planar lining, void closure, framing block, joint seal or penetration system before creating geometry."
TERM-087,passive firestop system for a tested opening or joint and high-temperature sealant for continuous service heat,"fire caulk, fire sealant or high-temp sealant",hold,"Firestop products are tested under a time-temperature fire exposure and may react chemically or expand. That does not make them suitable beside a continuously hot flue, appliance or pipe. Ordinary red sealant also has no automatic firestop performance.",AU-FS-PASSIVE-FIRESTOP-SYSTEM|AU-FS-INTUMESCENT-FIRESTOP-SEALANT|AU-FS-FLEXIBLE-FIRESTOP-SEALANT|AU-FS-FIRE-ACOUSTIC-SEALANT-JOINT,SRC-PROMAT-FIRESTOP-SYSTEMS|SRC-SA-AS-4072-1-2005,"Require the temperature regime, host, service, joint size, movement, product and tested application; never select a sealant from colour or the word fire alone."
TERM-088,"intumescent fire collar, waterproofing collar, termite collar or roof penetration flashing according to protected hazard",pipe collar,accepted_pending_review,"These components can all be rings around one pipe but control different hazards. A fire collar reacts to combustible-service loss, a waterproof collar seals a membrane, a termite collar blocks pest entry and a roof collar sheds weather.",AU-FS-FIRE-COLLAR|AU-WP-MEMBRANE-PENETRATION-COLLAR|AU-TM-PENETRATION-COLLAR|AU-RO-PENETRATION-COLLAR-FLASHING,SRC-PROMAT-FIRESTOP-SYSTEMS|SRC-ABCB-HP-WET-AREA-WATERPROOFING|SRC-ABCB-HP-TERMITE|SRC-ABCB-HP-ROOF-SECTION,Ask which barrier is penetrated and allow multiple coordinated collars on one service rather than promoting one collar to every protection role.
TERM-089,service-penetration opening for the void and firestop assembly for the complete protection,"penetration, fire penetration or penetration seal",accepted_pending_review,"Penetration can mean the service, the hole, the act of crossing or the finished protected system. Conflating them hides the host thickness, annular gaps, service supports, firestop products and evidence.",AU-FS-SERVICE-PENETRATION-OPENING|AU-FS-SERVICE-PENETRATION-FIRESTOP-ASSEMBLY|AU-FS-PIPE-PENETRATION-FIRESTOP-ASSEMBLY|AU-FS-CABLE-PENETRATION-FIRESTOP-ASSEMBLY,SRC-SA-AS-4072-1-2005|SRC-PROMAT-FIRESTOP-SYSTEMS|SRC-ABCB-HP-FIRE-PROTECTION-SEPARATING,"Model host opening, each penetrating service, residual gaps, supports, firestop parts and system evidence as linked records."
TERM-090,firestop control-joint or movement-joint system according to joint origin and movement,"control joint, expansion joint, construction joint or fire joint",accepted_pending_review,"These terms describe why a gap exists, not one universal fill. The firestop system must match the two host elements, joint width, direction, movement range, edge preparation and intersections.",AU-FS-LINEAR-JOINT-FIRESTOP-ASSEMBLY|AU-FS-FIRESTOP-CONTROL-JOINT-SEAL|AU-FS-FIRESTOP-MOVEMENT-JOINT-FILL|AU-FS-FIRESTOP-BACKING-MATERIAL,SRC-SA-AS-4072-1-2005|SRC-PROMAT-FIRESTOP-SYSTEMS,"Require the physical gap, hosts, movement and selected evidence before generating backing, fill, seal or cover layers."
TERM-091,self-closing solid-core protected-opening door or tested fire-resistant doorset according to the selected path,fire door or boundary door,accepted_pending_review,"Housing Provisions Part 9.2 includes a self-closing solid-core door alternative for certain external-wall openings. A tested fire-resistant doorset is a separately evidenced leaf, frame, hardware, seals and installation system. They cannot be silently exchanged.",AU-FS-SELF-CLOSING-SOLID-CORE-DOOR-ASSEMBLY|AU-FS-FIRE-RESISTANT-DOORSET|AU-FS-SOLID-CORE-DOOR-LEAF|AU-FS-SELF-CLOSING-DOOR-CLOSER,SRC-ABCB-HP-FIRE-SEPARATION-EXTERNAL|SRC-SA-AS-1905-1-2015,"Store the regulatory route, leaf and frame construction, closer, latch, seals, tag and evidence; never infer fire-door certification from a solid core."
TERM-092,non-openable fire-window assembly for the complete tested product and fire-resistant glazing for its pane,"fire window, wired-glass window or fire glass",hold,"Visible wire in glass does not establish the performance of the pane, frame, beads, seals, fixings or perimeter. Fire glass can also describe several different transparent products with different integrity, insulation and impact-safety evidence.",AU-FS-NONOPENABLE-FIRE-WINDOW-ASSEMBLY|AU-FS-FIRE-RESISTANT-GLAZING-PANE|AU-FS-NONOPENABLE-FIRE-WINDOW-FRAME|AU-GL-WIRED-GLASS,SRC-ABCB-HP-FIRE-SEPARATION-EXTERNAL|SRC-SA-AS-1530-4-2014,"Require the complete tested opening system, pane make-up, support map, fixed operation, exposure direction, fire result and safety-glazing evidence."
TERM-093,domestic smoke alarm for the self-contained warning product and smoke detector for a detector connected to a separate control system,smoke alarm or smoke detector,accepted_pending_review,"A domestic alarm normally includes its sensor, sounder, power and controls. In larger systems a detector may only signal a separate panel and warning system. Using detector for both can omit the required local warning and power arrangement.",AU-FS-DOMESTIC-SMOKE-ALARM-ASSEMBLY|AU-FS-DOMESTIC-ALARM-SYSTEM|AU-FS-ALARM-SOUNDER,SRC-ABCB-HP-SMOKE-ALARMS|SRC-SA-AS-3786-2023|SRC-BROOKS-DOMESTIC-ALARMS,Ask whether the device contains its own sounder and household alarm functions or reports to a separate fire detection and alarm system.
TERM-094,"photoelectric, ionisation or combined alarm according to certified sensing technology and jurisdiction",standard smoke alarm,hold,"AS 3786 covers more than one smoke-sensing principle, while state legislation and project requirements can mandate or favour a particular technology. Housing appearance does not reveal the sensor.",AU-FS-PHOTOELECTRIC-SMOKE-ALARM|AU-FS-IONISATION-SMOKE-ALARM|AU-FS-MULTISENSOR-SMOKE-HEAT-ALARM|AU-FS-PHOTOELECTRIC-SENSOR-CHAMBER|AU-FS-IONISATION-SENSOR-CHAMBER,SRC-SA-AS-3786-2023|SRC-ABCB-HP-SMOKE-ALARMS|SRC-BROOKS-DOMESTIC-ALARMS,"Store the product certification, sensing technology, jurisdiction, building date and replacement obligation instead of assigning a generic sensor from shape."
TERM-095,mains-powered for the power source and interconnected for the alarm-to-alarm warning relationship,"hardwired, wired or interconnected alarm",accepted_pending_review,"Hardwired often means mains powered but can also mean a dedicated interconnect conductor. Mains alarms may interconnect wirelessly, and battery alarms may be interconnected by radio or compatible wiring.",AU-FS-MAINS-POWERED-SMOKE-ALARM|AU-FS-BATTERY-POWERED-SMOKE-ALARM|AU-FS-HARDWIRED-ALARM-INTERCONNECT-CABLE|AU-FS-WIRELESS-ALARM-INTERCONNECT-MODULE,SRC-ABCB-HP-SMOKE-ALARMS|SRC-BROOKS-DOMESTIC-ALARMS,"Record operating power, backup power and interconnect medium as three separate fields and verify device compatibility."
TERM-096,battery-powered alarm or mains alarm with backup battery according to operating power,"battery alarm, lithium alarm or ten-year alarm",accepted_pending_review,"A sealed lithium cell can be the only operating supply or a backup behind mains power. Ten-year is a product-life claim and does not identify sensing technology, interconnection, replacement rules or certification.",AU-FS-BATTERY-POWERED-SMOKE-ALARM|AU-FS-MAINS-POWERED-SMOKE-ALARM|AU-FS-ALARM-BACKUP-BATTERY|AU-FS-SEALED-LITHIUM-ALARM-BATTERY|AU-FS-REPLACEABLE-ALARM-BATTERY,SRC-BROOKS-DOMESTIC-ALARMS|SRC-ABCB-HP-SMOKE-ALARMS,"Store operating supply, backup supply, chemistry, replaceability, rated product life and replacement date independently."
TERM-097,smoke alarm or heat alarm according to detected fire product and permitted location,fire alarm or thermal smoke alarm,accepted_pending_review,A smoke alarm responds to airborne smoke using a certified chamber; a heat alarm responds to temperature. A heat alarm may be permitted or required in a specific garage situation but is not a universal substitute for dwelling smoke alarms.,AU-FS-DOMESTIC-SMOKE-ALARM-ASSEMBLY|AU-FS-HEAT-ALARM-ASSEMBLY|AU-FS-MULTISENSOR-SMOKE-HEAT-ALARM|AU-FS-HEAT-ALARM-DURABLE-NOTICE,SRC-ABCB-HP-SMOKE-ALARMS|SRC-SA-AS-1603-3-2018|SRC-SA-AS-3786-2023,"Require the detected phenomenon, product standard, exact location, jurisdictional path and interconnection before choosing the device."
TERM-098,"status indicator, visual alarm strobe or evacuation light according to function","alarm light, emergency light or flashing light",accepted_pending_review,"A tiny status LED reports device state, a high-intensity strobe warns through vision, and an evacuation light illuminates a route. They differ in output, activation, coverage, power and accessibility purpose.",AU-FS-ALARM-STATUS-INDICATOR|AU-FS-VISUAL-ALARM-STROBE|AU-FS-INTEGRATED-ALARM-EVACUATION-LIGHT|AU-FS-ALARM-ACTIVATED-EVACUATION-LIGHT-FITTING,SRC-ABCB-HP-SMOKE-ALARMS|SRC-BROOKS-DOMESTIC-ALARMS,"Ask whether the light communicates device state, warns occupants directly or illuminates an evacuation route, then model the correct coverage and power relationship."
TERM-099,"firestop identification label, fire-door tag or heat-alarm notice according to the item and record purpose","fire tag, compliance label or notice",accepted_pending_review,"All are durable markings, but a firestop label identifies one penetration system, a fire-door tag belongs to a doorset identity and a heat-alarm notice tells occupants about a garage interconnection arrangement.",AU-FS-FIRESTOP-IDENTIFICATION-LABEL|AU-FS-FIRE-RESISTANT-DOORSET|AU-FS-HEAT-ALARM-DURABLE-NOTICE,SRC-PROMAT-FIRESTOP-SYSTEMS|SRC-SA-AS-1905-1-2015|SRC-ABCB-HP-SMOKE-ALARMS,"Link each physical marking to the exact protected assembly, unique ID, evidence and maintenance record instead of using one generic compliance-label object."
TERM-100,"thermal insulation product, bulk insulation, reflective insulation or thermal-mass element according to function",insulation or thermal material,accepted_pending_review,"Insulation slows heat flow, while thermal mass stores heat. Bulk and reflective insulation work differently and require different geometry, installation and evidence; they are not interchangeable labels for every thermally useful material.",AU-TC-THERMAL-INSULATION-PRODUCT|AU-TC-BULK-INSULATION|AU-TC-REFLECTIVE-INSULATION,SRC-ABCB-HP-THERMAL-FABRIC|SRC-SA-AS-NZS-4859-1-2018|SRC-ABCB-HOUSING-ENERGY-HANDBOOK,"Store product form, material, thermal function, tested rating and placement role separately; add thermal-mass elements in the relevant structural or lining catalogues."
TERM-101,material R-value or Total R-value according to the stated boundary,R-value,accepted_pending_review,"A product or layer R-value is not the Total R-value of the complete roof, wall or floor. R-values are performance attributes, not drawable objects, and the result depends on the stated heat-flow direction and assembly path.",AU-TC-THERMAL-INSULATION-PRODUCT|AU-TC-ROOF-CEILING-THERMAL-ASSEMBLY|AU-TC-EXTERNAL-WALL-THERMAL-ASSEMBLY|AU-TC-SUSPENDED-FLOOR-INSULATION-ASSEMBLY,SRC-ABCB-HP-THERMAL-FABRIC|SRC-ABCB-HOUSING-ENERGY-HANDBOOK|SRC-ABCB-THERMAL-BRIDGING-GUIDE,"Require an R-value record to name the evaluated object or assembly, heat-flow direction, calculation or test basis, and whether bridging and surface films are included."
TERM-102,declared product R-value or installed assembly contribution according to evidence,"installed R-value, rated R-value or effective R-value",accepted_pending_review,"A declared laboratory value belongs to a product under stated conditions. Its installed contribution can be reduced by compression, gaps, moisture, settlement, discontinuity or thermal bridges, so one unqualified value can overstate the real assembly.",AU-TC-THERMAL-INSULATION-PRODUCT|AU-TC-INSULATION-INFILL-PIECE|AU-TC-STACKED-INSULATION-LAYERS|AU-TC-CONTINUOUS-INSULATION-LAYER,SRC-SA-AS-NZS-4859-1-2018|SRC-SA-AS-NZS-4859-2-2018|SRC-ABCB-HP-THERMAL-FABRIC,"Keep declared, design and as-installed values separate and record thickness, compression, coverage, ageing or conditioning basis and evidence source."
TERM-103,"insulation batt, blanket or roll according to supplied form","batt, blanket or roll",accepted_pending_review,"These flexible products can use similar materials but have different supplied dimensions, facings, support needs and installation patterns. A roll cut into pieces does not automatically become a certified batt product.",AU-TC-INSULATION-BATT|AU-TC-INSULATION-BLANKET-ROLL|AU-TC-INSULATION-INFILL-PIECE,SRC-SA-AS-NZS-4859-1-2018|SRC-KNAUF-AU-INSULATION-RANGE,Model the supplied product form separately from each cut or infill instance and retain parent-product evidence.
TERM-104,glass mineral wool or rock mineral wool according to fibre material,"mineral wool, glass wool or rock wool",accepted_pending_review,"Mineral wool is a family name that can include glass and rock fibres. The products may differ in density, fire, acoustic, handling and moisture properties even when their thermal role looks similar.",AU-TC-GLASS-MINERAL-WOOL-INSULATION|AU-TC-ROCK-MINERAL-WOOL-INSULATION,SRC-KNAUF-AU-INSULATION-RANGE|SRC-SA-AS-NZS-4859-1-2018,"Use mineral wool only as a family classification; preserve the actual fibre type, density or grade and declared product evidence."
TERM-105,"EPS, XPS, PIR, phenolic or other rigid insulation board according to material","foam board, polystyrene or rigid foam",accepted_pending_review,"Expanded polystyrene, extruded polystyrene, polyisocyanurate and phenolic boards are distinct product families. They can differ in thermal ageing, moisture response, combustibility, facing, strength and compatible adhesives.",AU-TC-RIGID-INSULATION-BOARD|AU-TC-EPS-INSULATION-BOARD|AU-TC-XPS-INSULATION-BOARD|AU-TC-PIR-INSULATION-BOARD|AU-TC-PHENOLIC-INSULATION-BOARD,SRC-SA-AS-NZS-4859-1-2018|SRC-KINGSPAN-AU-RIGID-INSULATION,"Require the polymer or foam family, facing, grade, thickness, edge profile and evidence instead of inferring properties from the generic board shape."
TERM-106,"reflective insulation, roof sarking, wall wrap or reflective facing according to location and tested functions","foil, foil insulation or sarking",accepted_pending_review,"Foil describes a surface or laminate, not its complete role. A product may control water, air, vapour or radiant heat, but those functions require evidence and often depend on sealed laps and an adjacent airspace.",AU-TC-REFLECTIVE-INSULATION|AU-TC-REFLECTIVE-FOIL-LAMINATE|AU-TC-MICROPERFORATED-REFLECTIVE-MEMBRANE|AU-TC-PLIABLE-BUILDING-MEMBRANE,SRC-ABCB-HP-THERMAL-FABRIC|SRC-ABCB-HP-CONDENSATION|SRC-SA-AS-4200-1-2017|SRC-AMETALIN-MEMBRANES-AND-TAPE,"Store water, air, vapour and reflective classifications independently and model the required laps, seals, support and airspace."
TERM-107,vapour-control membrane classified by measured vapour permeance,"vapour barrier, vapour check, vapour retarder or vapour-permeable membrane",accepted_pending_review,"These names are often used loosely, while NCC placement depends on climate and the product's measured classification. Permeability is a spectrum; a membrane cannot be assigned a class from appearance alone.",AU-TC-VAPOUR-CONTROL-MEMBRANE|AU-TC-VAPOUR-BARRIER-MEMBRANE|AU-TC-VAPOUR-PERMEABLE-MEMBRANE,SRC-ABCB-HP-CONDENSATION|SRC-SA-AS-4200-1-2017|SRC-SA-AS-4200-2-2017,"Record measured permeance, classification, climate-zone rule, layer order, face orientation and product evidence."
TERM-108,vapour-permeable pliable membrane with stated classifications,breathable membrane or breathable house wrap,accepted_pending_review,"Breathable is marketing shorthand and can be mistaken for deliberate airflow. Vapour diffusion through a membrane is not the same as an air leak, drained cavity or ventilation opening.",AU-TC-VAPOUR-PERMEABLE-MEMBRANE|AU-TC-AIR-BARRIER-MEMBRANE|AU-TC-WATER-CONTROL-MEMBRANE,SRC-ABCB-HP-CONDENSATION|SRC-SA-AS-4200-1-2017|SRC-AMETALIN-MEMBRANES-AND-TAPE,"Avoid breathable as the stored class; record vapour permeance, air-barrier and water-control performance as separate properties."
TERM-109,"air barrier, vapour-control layer and water-control layer according to tested role","weather barrier, wrap or membrane",accepted_pending_review,"One physical membrane can perform several control functions, but those functions are not synonyms. A layer can resist bulk water yet remain vapour permeable, or control vapour without being the primary water barrier.",AU-TC-AIR-BARRIER-MEMBRANE|AU-TC-VAPOUR-CONTROL-MEMBRANE|AU-TC-WATER-CONTROL-MEMBRANE,SRC-SA-AS-4200-1-2017|SRC-SA-AS-4200-2-2017|SRC-ABCB-HP-CONDENSATION,"Allow one layer instance to carry multiple evidenced roles, while keeping each performance class and continuity network independently queryable."
TERM-110,primary insulation layer as an assembly role,"main insulation, primary insulation or insulation line",accepted_pending_review,"Primary insulation identifies the layer used as the reference for condensation and roof-space rules; it is not a product type. Different assemblies can assign the role to batts, boards, sprayed foam or another compliant layer.",AU-TC-CEILING-INSULATION-LAYER|AU-TC-WALL-CAVITY-INSULATION-LAYER|AU-TC-CONTINUOUS-INSULATION-LAYER|AU-TC-UNDERFLOOR-INSULATION-LAYER,SRC-ABCB-HP-CONDENSATION|SRC-ABCB-CONDENSATION-HANDBOOK,Assign primary-insulation as a role within a specific assembly and never infer it solely from product category or thickness.
TERM-111,continuous insulation layer or thermal-break product according to extent and purpose,thermal break or continuous insulation,accepted_pending_review,"Continuous insulation covers an area across repeating framing, while a thermal-break strip, pad or layer interrupts a specific conductive path. They can overlap in purpose but have different geometry and continuity requirements.",AU-TC-CONTINUOUS-INSULATION-LAYER|AU-TC-ROOF-THERMAL-BREAK-STRIP|AU-TC-WALL-THERMAL-BREAK-STRIP|AU-TC-FLOOR-THERMAL-BREAK-LAYER|AU-TC-THERMAL-ISOLATION-PAD,SRC-ABCB-HP-THERMAL-FABRIC|SRC-ABCB-THERMAL-BRIDGING-GUIDE,"Record covered area, interrupted member path, thickness, material, joints and fastener penetrations rather than using one generic thermal-break flag."
TERM-112,thermal bridge as an assembly condition through identified physical members,thermal bridge object or cold bridge,accepted_pending_review,"A thermal bridge is a heat-flow path caused by geometry or conductive materials, not an extra solid to draw. The framing, brackets, fasteners and gaps are objects; the bridge and its effect are analysis results.",AU-TC-THERMALLY-BROKEN-BRACKET|AU-TC-CONTINUOUS-INSULATION-FASTENER|AU-TC-THERMAL-SPACER-BATTEN|AU-TC-THERMAL-ENVELOPE-ASSEMBLY,SRC-ABCB-THERMAL-BRIDGING-GUIDE|SRC-ABCB-HP-THERMAL-FABRIC,"Identify the physical path and mitigation objects, then store bridge fraction, psi-value or adjusted assembly result as analysis metadata."
TERM-113,"reflective airspace, drained cavity or ventilated cavity according to function",air gap or cavity,accepted_pending_review,"A clear airspace supporting reflective performance, a cavity draining water and a cavity carrying ventilation air are different void roles. One void may have multiple evidenced roles, but required thickness, openings and continuity differ.",AU-TC-REFLECTIVE-AIRSPACE|AU-TC-ROOF-SPACE-VENTILATION-VOID|AU-TC-SUBFLOOR-SPACE,SRC-ABCB-HP-THERMAL-FABRIC|SRC-ABCB-HP-CONDENSATION|SRC-ABCB-CONDENSATION-HANDBOOK,"Classify each void by role and record clear dimensions, bounding layers, obstructions, drainage or ventilation connections and evidence."
TERM-114,"roof space, roof ventilation void or local ventilation gap according to bounded volume",roof cavity or attic,accepted_pending_review,A whole roof space above a ceiling is not the same geometry as a narrow path above cathedral-roof insulation. Vent locations and free-area rules must connect to the actual volume being ventilated.,AU-TC-ROOF-SPACE-VENTILATION-VOID|AU-TC-PITCHED-ROOF-HORIZONTAL-CEILING-INSULATION|AU-TC-CATHEDRAL-SKILLION-ROOF-INSULATION|AU-TC-ROOF-VENTILATION-BAFFLE,SRC-ABCB-HP-CONDENSATION|SRC-BRADFORD-ROOF-VENTILATION,"Model the exact bounded air volume and connect every inlet, outlet, baffle and obstruction to that volume."
TERM-115,"vent opening, grille, louvre or screened terminal according to physical component, with net free open area as an attribute",vent size or ventilation area,accepted_pending_review,"The gross face or hole size can be much larger than the net unobstructed airflow area after blades, mesh and framing are counted. Compliance calculations use free open area rather than a generic nominal size.",AU-TC-ROOF-VENTILATION-OPENING|AU-TC-VENT-MESH-SCREEN|AU-TC-SUBFLOOR-VENT-GRILLE|AU-TC-OUTDOOR-EXHAUST-TERMINAL,SRC-ABCB-HP-CONDENSATION|SRC-ABCB-HP-SUBFLOOR-VENTILATION|SRC-BRADFORD-ROOF-VENTILATION,"Draw actual openings and obstructions, store certified net free area separately, and aggregate only openings connected to the relevant ventilated volume."
TERM-116,rotary roof ventilator,"whirlybird, turbine vent or roof fan",accepted_pending_review,"Whirlybird is commonly used as a generic or brand-like term. A wind-driven rotary ventilator is not the same as a powered roof fan or static roof vent, and its capacity depends on operating conditions.",AU-TC-ROTARY-ROOF-VENT|AU-TC-POWERED-ROOF-VENT|AU-TC-STATIC-ROOF-VENT,SRC-BRADFORD-ROOF-VENTILATION|SRC-ABCB-HP-CONDENSATION,"Store drive type, tested free area or capacity, base flashing, weathering and connected roof volume."
TERM-117,subfloor space beneath a suspended floor,"underfloor, crawlspace or floor cavity",accepted_pending_review,Underfloor can also mean the face of a floor assembly or services zone. A subfloor space is a bounded volume needing external air paths and cross-flow; it may be accessible or too shallow to crawl.,AU-TC-SUBFLOOR-SPACE|AU-TC-SUSPENDED-FLOOR-INSULATION-ASSEMBLY|AU-TC-SUBFLOOR-VENTILATION-SYSTEM,SRC-ABCB-HP-SUBFLOOR-VENTILATION,Use subfloor space for the bounded air volume and underfloor only as a placement direction or surface role.
TERM-118,"subfloor brick vent, transfer opening or masonry weephole according to function","brick vent, air brick or weephole",accepted_pending_review,"A subfloor vent supplies ventilation, an internal opening transfers air between subfloor compartments and a weephole drains or ventilates a masonry cavity. Their sizes, levels, screens and connected spaces differ.",AU-TC-SUBFLOOR-BRICK-VENT|AU-TC-INTERNAL-SUBFLOOR-TRANSFER-OPENING|AU-TC-DOUBLE-LEAF-SUBFLOOR-VENT-PASSAGE,SRC-ABCB-HP-SUBFLOOR-VENTILATION,"Require every opening to name both connected spaces and its primary drainage, cavity or subfloor-ventilation function."
TERM-119,room exhaust fan or roof-space ventilator according to the air volume served,"exhaust fan, roof fan or ventilation fan",accepted_pending_review,A bathroom or kitchen exhaust system removes indoor air to outdoors; a roof ventilator moves air from the roof space. Discharging a room fan into the roof space does not satisfy the outdoor-discharge path.,AU-TC-CEILING-EXHAUST-FAN|AU-TC-WALL-EXHAUST-FAN|AU-TC-POWERED-ROOF-VENT|AU-TC-OUTDOOR-EXHAUST-TERMINAL,SRC-ABCB-HP-CONDENSATION|SRC-ABCB-HP-ROOM-VENTILATION|SRC-FANTECH-RESIDENTIAL-EXHAUST,"Connect the fan, duct and terminal to explicit source and destination volumes and reject room exhaust paths that terminate in a roof space."
TERM-120,ducted-to-outdoors rangehood or recirculating rangehood according to discharge path,rangehood,accepted_pending_review,"The visible appliance can look similar, but a recirculating unit filters and returns air indoors while a ducted unit carries it to an outdoor terminal. Their condensation-control effect and required components differ.",AU-TC-RANGEHOOD-EXHAUST-ASSEMBLY|AU-TC-DOMESTIC-EXHAUST-DUCT|AU-TC-OUTDOOR-EXHAUST-TERMINAL,SRC-ABCB-HP-CONDENSATION|SRC-ABCB-HP-ROOM-VENTILATION,Record discharge mode explicitly and require a connected duct and outdoor terminal before classifying a rangehood as outdoor exhaust.
TERM-121,"backdraft damper, fire damper, balancing damper or shut-off damper according to purpose",damper or flap,accepted_pending_review,"A backdraft damper stops reverse airflow, a fire damper protects a fire separation, a balancing damper regulates flow and a shut-off damper closes an unused appliance path. Similar moving blades do not make the functions interchangeable.",AU-TC-EXHAUST-FAN-BACKDRAFT-DAMPER|AU-TC-EVAPORATIVE-COOLER-DAMPER|AU-TC-CHIMNEY-FLUE-DAMPER,SRC-ABCB-HP-BUILDING-SEALING|SRC-ABCB-HP-CONDENSATION|SRC-SA-AS-1668-2-2012,"Store damper purpose, normal position, actuator, leakage or fire rating, served path and access needs; add fire and balancing dampers in their specialist systems."
TERM-122,designed make-up-air opening or transfer path,"make-up air, replacement air or natural leakage",accepted_pending_review,"Make-up air is the replacement airflow required by exhaust, not a solid object. A defined opening, undercut or grille can provide a known path; accidental envelope leakage is uncontrolled and should not be represented as the same component.",AU-TC-MAKEUP-AIR-OPENING|AU-TC-DOOR-UNDERCUT-MAKEUP-AIR|AU-TC-TRANSFER-AIR-GRILLE|AU-TC-ROOM-EXHAUST-MAKEUP-AIR-SYSTEM,SRC-ABCB-HP-CONDENSATION|SRC-SA-AS-1668-2-2012,"Draw the physical opening and connected-space path, then store required and available airflow as analysis attributes."
TERM-123,door undercut for transfer air or door-bottom seal for air sealing according to design intent,door gap or draught gap,accepted_pending_review,"An undercut can intentionally transfer make-up air, while a sweep, drop seal or threshold seal closes leakage. Applying both requirements to the same door edge without coordination creates a direct design conflict.",AU-TC-DOOR-UNDERCUT-MAKEUP-AIR|AU-TC-DOOR-BOTTOM-SWEEP|AU-TC-AUTOMATIC-DROP-DOOR-SEAL|AU-TC-DOOR-THRESHOLD-SEAL,SRC-ABCB-HP-CONDENSATION|SRC-ABCB-HP-BUILDING-SEALING|SRC-RAVEN-AU-WEATHER-SEALS,Assign a door-bottom intent per room and verify that the selected transfer-air route and envelope or acoustic sealing requirements can coexist.
TERM-124,"joint sealant, expanding-foam air seal, compressible strip or sprayed-foam insulation according to material and role","caulk, foam, spray foam or gap filler",accepted_pending_review,"A bead sealant joins surfaces, expanding foam fills irregular gaps, a strip is compressed between components and sprayed foam can form an insulation layer. Products may not be interchangeable for movement, fire, UV, moisture or substrate compatibility.",AU-TC-ENVELOPE-JOINT-SEALANT|AU-TC-EXPANDING-FOAM-AIR-SEAL|AU-TC-COMPRESSIBLE-AIR-SEAL-STRIP|AU-TC-SPRAYED-FOAM-INSULATION,SRC-ABCB-HP-BUILDING-SEALING|SRC-SA-AS-NZS-4859-1-2018|SRC-RAVEN-AU-WEATHER-SEALS,"Store product chemistry, joint or cavity geometry, movement, backing, exposure, fire and substrate constraints, and distinguish air-sealing use from insulation use."
TERM-125,"stairway assembly, stair flight or individual step according to scope","stairs, staircase, stair or steps",accepted_pending_review,"These everyday terms can mean the whole route between levels, one flight, or one step. A drawing tool must know whether landings, barriers, handrails and support structure are included.",AU-SA-STAIRWAY-ASSEMBLY|AU-SA-STAIR-FLIGHT-ASSEMBLY|AU-SA-STAIR-TREAD,SRC-ABCB-HP-STAIR-RAMP|SRC-WOODSOLUTIONS-STAIRS-BALUSTRADES,"Require the requested scope and level-to-level path, then generate flights, landings, steps and safety systems as related but separately editable objects."
TERM-126,"physical tread, whole step or going dimension according to meaning","step, tread or going",accepted_pending_review,"The tread is the physical foot-supporting element, a step may include both tread and riser, and going is a measured horizontal distance between nosings. Going must not become another board in the model.",AU-SA-STAIR-TREAD|AU-SA-STAIR-RISER|AU-SA-STAIR-NOSING,SRC-ABCB-HP-STAIR-RAMP|SRC-AUS-TRAINING-STAIR-MANUFACTURE,Draw tread and riser geometry; store going as a derived or specified dimension tied to successive nosing datums.
TERM-127,riser closure for the physical face and rise for the vertical dimension,riser or rise,accepted_pending_review,"A riser can be a board or closed face, while rise is the vertical measurement from one tread level to the next. An open-riser stair has a rise dimension but no solid riser closure.",AU-SA-STAIR-RISER|AU-SA-TIMBER-RISER-BOARD|AU-SA-OPEN-RISER-OPENING,SRC-ABCB-HP-STAIR-RAMP|SRC-WOODSOLUTIONS-STAIRS-BALUSTRADES,"Represent the closure and the clear opening as physical alternatives, and keep rise as flight geometry."
TERM-128,stair flight for one uninterrupted series of steps,"flight, run or stairs",accepted_pending_review,"Flight is a defined portion between landings. Run may mean the horizontal length, a ramp segment or an informal flight, so it is unsafe as the stored object name without context.",AU-SA-STAIR-FLIGHT-ASSEMBLY|AU-SA-RAMP-ASSEMBLY|AU-SA-LANDING-ASSEMBLY,SRC-ABCB-HP-STAIR-RAMP,"Segment level-to-level circulation at landings and give every stair flight its own step count, geometry, supports and adjacent barriers."
TERM-129,stair or ramp landing,"landing, platform, deck or floor",accepted_pending_review,"A landing is a level circulation area associated with a stair, ramp or doorway. It can be built like a small floor or deck, but its location and required clear geometry come from its circulation role.",AU-SA-LANDING-ASSEMBLY|AU-SA-LANDING-DECK-SUBSTRATE|AU-SA-LANDING-SUPPORT-FRAME,SRC-ABCB-HP-STAIR-RAMP|SRC-WOODSOLUTIONS-STAIRS-BALUSTRADES,"Store both the physical deck/frame construction and the landing role, including connected flights, doors, barriers and clear circulation zone."
TERM-130,"stair stringer, string or carriage according to supported system","stringer, string, carriage, cheek or stair beam",accepted_pending_review,"Australian trade usage overlaps, while the physical geometry can be a cut timber string, housed string, steel plate, steel section or central spine. A skirt board may look similar but is lining, not the flight support.",AU-SA-STAIR-STRINGER-SYSTEM|AU-SA-CUT-TIMBER-STRINGER|AU-SA-HOUSED-TIMBER-STRINGER|AU-SA-STAIR-SKIRT-BOARD,SRC-WOODSOLUTIONS-STAIRS-BALUSTRADES|SRC-AUS-TRAINING-STAIR-MANUFACTURE,Select the actual section and tread-support method; never infer structural support from a visible sloping trim board.
TERM-131,cut or open stringer for support geometry; open-riser stair for the step opening,open stair or open string,accepted_pending_review,"Open can describe a sawtooth stringer, the absence of riser closures, open sides without barriers, or a visually lightweight stair. These are independent conditions.",AU-SA-CUT-TIMBER-STRINGER|AU-SA-OPEN-RISER-STAIR-ASSEMBLY|AU-SA-OPEN-RISER-OPENING|AU-SA-STAIR-BARRIER-ASSEMBLY,SRC-ABCB-HP-STAIR-RAMP|SRC-WOODSOLUTIONS-STAIRS-BALUSTRADES,"Ask separately for stringer form, riser closure and edge-barrier condition."
TERM-132,winder tread for a tapered tread changing stair direction,"winder, kite step, tapered step or spiral step",accepted_pending_review,"A winder is defined by plan taper and its role in changing direction. A spiral tread also tapers but belongs to a stair turning around a central axis, so the two need different generation rules.",AU-SA-WINDER-TREAD|AU-SA-WINDER-STAIR-ASSEMBLY|AU-SA-SPIRAL-STAIR-TREAD,SRC-ABCB-HP-STAIR-RAMP,"Store walk-line geometry, narrow and wide ends, adjacent boundaries, centre or turning geometry and individual tread dimensions."
TERM-133,"spiral stair, curved stair or geometric stair according to plan and support geometry","spiral, helical, circular or curved stair",accepted_pending_review,A spiral stair commonly winds around a centre post or small core; a helical or curved stair may have an open centre and different strings. The terms are often mixed in product descriptions.,AU-SA-SPIRAL-STAIR-ASSEMBLY|AU-SA-CURVED-GEOMETRIC-STAIR-ASSEMBLY|AU-SA-SPIRAL-STAIR-TREAD,SRC-ABCB-HP-STAIR-RAMP|SRC-WOODSOLUTIONS-STAIRS-BALUSTRADES,"Base the subtype on centreline, inner and outer support paths and tread geometry rather than the marketing name."
TERM-134,named support system with floating appearance as a visual attribute,floating stair,accepted_pending_review,"Floating describes appearance, not how loads are carried. The stair may use a central spine, hidden twin strings, wall-cantilevered treads or suspended connections, all requiring different physical objects.",AU-SA-MONO-STRINGER-ASSEMBLY|AU-SA-STAIR-STRINGER-SYSTEM|AU-SA-STAIR-TREAD-BRACKET,SRC-WOODSOLUTIONS-STAIRS-BALUSTRADES|SRC-PALMER-STEEL-STRINGERS,Require the actual support and restraint scheme before generating a stair; keep floating only as a style or visibility tag.
TERM-135,building-serving pedestrian ramp,"ramp, driveway, sloping path or threshold wedge",accepted_pending_review,"These sloping surfaces serve different users, loads and code paths. A residential pedestrian ramp is not automatically a vehicle driveway or an accessible ramp complying with a separate accessibility standard.",AU-SA-RAMP-ASSEMBLY|AU-SA-RAMP-DECK-SURFACE|AU-SA-THRESHOLD-STEP-ASSEMBLY,SRC-ABCB-HP-STAIR-RAMP|SRC-SA-AS-1428-1-2021,"Record route purpose, users, slope, crossfall, landings, edge treatment, surface, supporting construction and governing compliance path."
TERM-136,"door threshold, threshold step or landing according to physical form","sill, threshold, step or doorstep",accepted_pending_review,"A sill is usually part of a frame or weathering system, while a threshold may be a raised transition, a separate step assembly or a level landing at a door. Their clearances and weatherproofing interfaces differ.",AU-SA-THRESHOLD-STEP-ASSEMBLY|AU-SA-LANDING-ASSEMBLY|AU-SA-PEDESTRIAN-CIRCULATION-SURFACE-ASSEMBLY,SRC-ABCB-HP-STAIR-RAMP,"Model each solid profile and level change, connect it to the doorway and landing, and keep door-frame weathering parts in the opening system."
TERM-137,slip-resistant surface with stated test classification and conditions,"non-slip, anti-slip, safe grip or textured",accepted_pending_review,"These informal descriptions do not prove performance. Surface material, finish, contamination, wear and whether it was tested wet or dry all affect the usable evidence.",AU-SA-STAIR-TREAD-FINISH|AU-SA-SLIP-RESISTANT-NOSING-STRIP|AU-SA-RAMP-SLIP-RESISTANT-FINISH,SRC-ABCB-HP-STAIR-RAMP|SRC-SA-AS-4586-2013|SRC-LATHAM-STAIR-NOSINGS,"Draw the actual finish or insert and attach test method, classification, test condition, substrate, direction, maintenance and evidence date as attributes."
TERM-138,pendulum classification or ramp-test classification as evidence metadata,"P rating, R rating or slip rating",accepted_pending_review,P and R classifications arise from different test methods and are not physical layers or automatically interchangeable. A rating belongs to a tested product or surface configuration under stated conditions.,AU-SA-STAIR-TREAD-FINISH|AU-SA-RAMP-SLIP-RESISTANT-FINISH|AU-SA-FULL-TREAD-SAFETY-PLATE,SRC-SA-AS-4586-2013|SRC-ABCB-HP-STAIR-RAMP,"Store method, class, report, specimen construction and condition on the surface object; do not create rating geometry."
TERM-139,"integral tread nosing, applied nosing assembly or tactile indicator according to object","nosing, stair strip, contrast strip or tactile strip",accepted_pending_review,"The nosing can be the formed tread edge, a separately fixed carrier and insert, or a visual strip. Tactile ground-surface indicators are a different accessibility object and must not be generated from the word nosing.",AU-SA-STAIR-NOSING|AU-SA-SLIP-RESISTANT-NOSING-STRIP|AU-SA-NOSING-CARRIER-PROFILE|AU-SA-NOSING-SLIP-INSERT,SRC-ABCB-HP-STAIR-RAMP|SRC-LATHAM-STAIR-NOSINGS|SRC-SA-AS-1428-1-2021,"Ask whether the edge is integral or applied and keep slip, luminance-contrast and tactile functions as separately evidenced roles."
TERM-140,fall-prevention barrier,"barrier, balustrade, baluster, guard, guardrail or railing",accepted_pending_review,"NCC language uses barrier for the complete fall-protection construction. Balustrade is common industry language, baluster is only one vertical member, and guardrail may also mean temporary site safety or road hardware.",AU-SA-FALL-PREVENTION-BARRIER-SYSTEM|AU-SA-VERTICAL-BALUSTER-BARRIER-ASSEMBLY|AU-SA-BARRIER-BALUSTER,SRC-ABCB-HP-BARRIERS-HANDRAILS|SRC-ABCB-STAIRS-BARRIERS-FAQ|SRC-WOODSOLUTIONS-STAIRS-BALUSTRADES,Use barrier for the complete installed system and retain balustrade as a recognised industry alias; never map baluster to the whole assembly.
TERM-141,"graspable handrail, barrier top rail or grabrail according to function","handrail, railing, top rail or grab rail",accepted_pending_review,A handrail is intended to be grasped for support while moving. A barrier top rail ties or caps the barrier and may not be graspable; a grabrail is normally a local accessibility or sanitary fitting.,AU-SA-HANDRAIL-SYSTEM|AU-SA-GRASPABLE-HANDRAIL-MEMBER|AU-SA-BARRIER-TOP-RAIL|AU-SA-BARRIER-TOP-HANDRAIL-ASSEMBLY,SRC-ABCB-HP-BARRIERS-HANDRAILS|SRC-SA-AS-1428-1-2021|SRC-WOODSOLUTIONS-STAIRS-BALUSTRADES,"Assign each rail its supported function, grasp profile, height datum, continuity, end treatment and structural connection; allow one designed rail to carry both evidenced roles."
TERM-142,"barrier post, newel, baluster or picket according to role and size","post, newel, baluster, spindle, upright or picket",accepted_pending_review,"Posts and newels are primary supports, while balusters and pickets are generally repeated infill members. A newel is associated with stair ends, landings or direction changes, not every vertical member.",AU-SA-BARRIER-POST|AU-SA-STAIR-NEWEL-POST|AU-SA-BARRIER-BALUSTER|AU-SA-BARRIER-PICKET,SRC-WOODSOLUTIONS-STAIRS-BALUSTRADES|SRC-ABCB-HP-BARRIERS-HANDRAILS,"Classify vertical members by support role, location, spacing and connected rails or panels rather than appearance alone."
TERM-143,"solid barrier wall, framed infill panel, mesh or individual infill members according to construction","solid balustrade, panel, screen, wall or infill",accepted_pending_review,"A structural wall or parapet can itself form a barrier, while a panel or mesh is normally supported infill within a separate frame. They need different quantities, connections, drainage and evidence.",AU-SA-SOLID-WALL-BARRIER-ASSEMBLY|AU-SA-PANEL-INFILL-BARRIER-ASSEMBLY|AU-SA-BARRIER-INFILL-PANEL|AU-SA-WOVEN-WELDED-MESH-INFILL,SRC-ABCB-HP-BARRIERS-HANDRAILS|SRC-ABCB-STAIRS-BARRIERS-FAQ,"Record whether the edge protection is a self-supporting wall or a framed infill system, then model its actual supports, joints and openings."
TERM-144,"physical barrier objects with fall height, barrier height and opening limits as separate constraints","one-metre barrier, 125 gap or four-metre rule",accepted_pending_review,"These numbers describe measurements and rule triggers, not objects. Fall height is measured at the hazard, barrier height from a specified datum, and opening limits apply to particular zones and configurations.",AU-SA-TRAFFICABLE-EDGE-BARRIER-ASSEMBLY|AU-SA-STAIR-BARRIER-ASSEMBLY|AU-SA-OPEN-RISER-OPENING,SRC-ABCB-HP-BARRIERS-HANDRAILS|SRC-ABCB-HP-STAIR-RAMP,"Draw barrier and openings explicitly, derive each datum from the relevant surface or nosing line, and evaluate the current rule set without naming geometry after a threshold value."
TERM-145,climbable-zone condition derived from barrier geometry,non-climbable barrier or climb-proof balustrade,accepted_pending_review,"Climbability is not a material or a hidden component. It depends on the arrangement of rails, wires, projections, openings and nearby footholds within the applicable hazard zone.",AU-SA-POST-AND-RAIL-BARRIER-ASSEMBLY|AU-SA-WIRE-BARRIER-ASSEMBLY|AU-SA-PERFORATED-MESH-BARRIER-ASSEMBLY,SRC-ABCB-HP-BARRIERS-HANDRAILS,Preserve exact infill and rail geometry and calculate climbable features as a review result tied to the governing fall condition.
TERM-146,top-mounted or side-mounted barrier connection,"face fix, fascia fix, side fix, deck mount or base mount",accepted_pending_review,"These phrases overlap but refer to different host faces, edge distances, waterproofing penetrations and load paths. Fascia mount should not imply that a thin decorative fascia board is adequate structure.",AU-SA-BARRIER-FASCIA-MOUNT-BRACKET|AU-SA-BARRIER-POST-BASE-PLATE|AU-SA-BARRIER-POST-ANCHOR,SRC-ABCB-HP-BARRIERS-HANDRAILS|SRC-WOODSOLUTIONS-STAIRS-BALUSTRADES,"Store the actual mounting face, backing structure, bracket or base plate, anchors, packers, edge distances and waterproofing interface."
TERM-147,stainless-steel wire rope in a tensioned barrier system,"wire, cable, balustrade cable or stainless rope",accepted_pending_review,"Cable may be mistaken for electrical or post-tensioning cable, and wire can mean a single strand. Barrier wire rope is a stranded structural infill component with a particular diameter, construction and termination system.",AU-SA-WIRE-BARRIER-ASSEMBLY|AU-SA-BARRIER-WIRE-ROPE|AU-SA-WIRE-BARRIER-SUPPORT-RAIL,SRC-ABCB-HP-BARRIERS-HANDRAILS|SRC-ANZOR-WIRE-BALUSTRADE,"Record rope construction, diameter, grade, run direction, span, supports, terminal fittings, initial tension and inspection access."
TERM-148,"wire tension as a state; tensioner, terminal and crimp as physical fittings","tension, tension fitting, swage, crimp or turnbuckle",accepted_pending_review,"Tension is a force state, not hardware. A turnbuckle adjusts length, a swaged terminal is permanently formed onto rope, a swageless terminal grips mechanically, and a ferrule crimp forms a loop termination.",AU-SA-WIRE-TURNBUCKLE-TENSIONER|AU-SA-WIRE-SWAGE-STUD|AU-SA-WIRE-SWAGELESS-TERMINAL|AU-SA-WIRE-CRIMP-FERRULE,SRC-ANZOR-WIRE-BALUSTRADE|SRC-ABCB-HP-BARRIERS-HANDRAILS,"Draw every fitting at each rope end and change of direction, then store installed tension, adjustment range, lock-off and inspection state separately."
TERM-149,"glass barrier with its actual spigots, channel, standoffs or clamps",frameless glass balustrade,accepted_pending_review,"Frameless means the glass has little or no surrounding frame; it does not mean unsupported. Bases, anchors, holes, gaskets, clamps, joints and sometimes cap rails remain essential physical objects.",AU-SA-GLASS-BARRIER-ASSEMBLY|AU-SA-GLASS-BARRIER-SPIGOT|AU-SA-GLASS-BARRIER-BASE-CHANNEL|AU-SA-GLASS-STANDOFF-BUTTON,SRC-AGWA-BARRIER-GLAZING|SRC-AXIOM-GLASS-BALUSTRADE|SRC-SA-AS-1288-2021,Require the support family and draw all glass-support and host-connection geometry even when the selected appearance is frameless.
TERM-150,structural glass barrier panel or framed infill glass panel according to load path,"balustrade glass, structural glass or glass infill",accepted_pending_review,Glass directly spanning or cantilevering to resist barrier actions has a different role from glass infill supported on several edges within a post-and-rail frame. The required make-up and residual-risk strategy can differ.,AU-SA-STRUCTURAL-GLASS-BARRIER-PANEL|AU-SA-INFILL-GLASS-BARRIER-PANEL|AU-SA-GLASS-BARRIER-ASSEMBLY,SRC-SA-AS-1288-2021|SRC-AGWA-BARRIER-GLAZING,"Classify the panel from its support and load path, then store glass make-up, heat treatment, interlayer, holes, edges, supports and evidence."
TERM-151,"spigot, glazing channel, clamp or standoff according to support geometry","glass fixing, bracket or frameless fitting",accepted_pending_review,"These fittings support glass in different ways: bottom-edge point supports, continuous base restraint, local edge clamping or through-bolted stand-off restraint. They are not interchangeable symbols.",AU-SA-GLASS-BARRIER-SPIGOT|AU-SA-GLASS-BARRIER-BASE-CHANNEL|AU-SA-GLASS-PANEL-CLAMP|AU-SA-GLASS-STANDOFF-BUTTON,SRC-AXIOM-GLASS-BALUSTRADE|SRC-AGWA-BARRIER-GLAZING,"Choose the physical support family and preserve contact pads, holes, edge distances, anchors, adjustment and drainage."
TERM-152,glass-edge cap rail or offset glass-mounted handrail according to function and position,"top rail, cap rail or handrail on glass",accepted_pending_review,A cap rail sits over and may connect glass top edges; an offset handrail is grasped and supported by brackets through or against the glass. One does not automatically satisfy the other role.,AU-SA-GLASS-BARRIER-TOP-CAP-RAIL|AU-SA-GLASS-MOUNTED-HANDRAIL|AU-SA-GLASS-HANDRAIL-BRACKET,SRC-AGWA-BARRIER-GLAZING|SRC-AXIOM-GLASS-BALUSTRADE|SRC-ABCB-HP-BARRIERS-HANDRAILS,"Record glass-edge restraint and graspable-support functions separately and draw the rail, bracket, holes, gaskets and end details actually selected."
TERM-153,"window opening restrictor, protective screen or supplementary barrier according to mechanism","window guard, child-safe window, safety screen or rail",accepted_pending_review,"A restrictor limits sash opening, a screen resists a person falling through the opening, and a rail forms a barrier in front. Insect screens and security screens are not automatically fall-protection systems.",AU-SA-WINDOW-BARRIER-RAIL-ASSEMBLY,SRC-ABCB-HP-BARRIERS-HANDRAILS|SRC-SA-AS-1288-2021,"Keep the opening-control, screen and barrier options distinct; link each to the actual sash, opening, host frame, fasteners and tested capacity."
TERM-154,building fall-prevention barrier or swimming-pool barrier according to hazard and governing path,"safety fence, balustrade, pool fence or barrier",research_required,"A barrier at a deck edge and a swimming-pool barrier can look alike but respond to different hazards, access controls and referenced provisions. A compliant result for one role cannot be assumed for the other.",AU-SA-FALL-PREVENTION-BARRIER-SYSTEM|AU-SA-BARRIER-GATE-ASSEMBLY,SRC-ABCB-HP-BARRIERS-HANDRAILS,"Keep pool barriers outside this slice and add their current NCC, state or territory and AS 1926 evidence in a dedicated specialist family."
TERM-155,building-serving stair or unrelated landscape steps according to route function,"garden stairs, landscaping steps, entry steps or external stairs",accepted_pending_review,"Housing Provisions stair rules apply to stairs serving the building in their stated scope, while unrelated landscaping can follow another approval and design path. Location outdoors alone does not decide the issue.",AU-SA-EXTERNAL-STAIR-ASSEMBLY|AU-SA-STAIRWAY-ASSEMBLY|AU-SA-PEDESTRIAN-CIRCULATION-SURFACE-ASSEMBLY,SRC-ABCB-STAIRS-BARRIERS-FAQ|SRC-ABCB-HP-STAIR-RAMP,"Record the route served, connected building entrances and approval context before assigning the Housing Provisions stair compliance path."
TERM-156,ordinary housing ramp or accessible ramp according to the selected compliance path,"accessible ramp, wheelchair ramp, access ramp or pedestrian ramp",research_required,"A ramp under the general Housing Provisions is not automatically an accessible path designed to AS 1428.1. Accessibility brings additional geometry, handrail, kerb, landing and circulation requirements.",AU-SA-RAMP-ASSEMBLY|AU-SA-RAMP-EDGE-UPSTAND|AU-SA-HANDRAIL-SYSTEM|AU-SA-LANDING-ASSEMBLY,SRC-ABCB-HP-STAIR-RAMP|SRC-SA-AS-1428-1-2021,Store the governing path explicitly and add AS 1428.1 accessibility objects and constraints in a later licensed-standard review rather than silently applying them to every housing ramp.
TERM-157,livable housing,liveable housing,accepted_pending_review,"Australian general usage often includes the extra e, but the NCC H8 title and ABCB Standard use livable. Search and user interfaces should recognise both spellings without producing two object families.",AU-LH-LIVABLE-HOUSING-PHYSICAL-SYSTEM,SRC-ABCB-V2-H8-LIVABLE|SRC-ABCB-LIVABLE-HOUSING-STANDARD,Use livable in canonical names and preserve liveable as a spelling alias for search and imported data.
TERM-158,"NCC livable-housing feature, accessible design or adaptable design according to governing scope","livable, accessible, universal, adaptable or disability compliant",accepted_pending_review,These ideas overlap but are not equivalent compliance labels. H8 is a minimum housing pathway and the ABCB Standard expressly does not claim equivalence with AS 1428.1 or specialist accommodation requirements.,AU-LH-LIVABLE-HOUSING-PHYSICAL-SYSTEM,SRC-ABCB-LIVABLE-HOUSING-STANDARD|SRC-ABCB-LIVABLE-HOUSING-HANDBOOK|SRC-SA-AS-1428-1-2021,Store the nominated compliance pathway and never infer AS 1428.1 accessibility from an H8 object label alone.
TERM-159,step-free crossing with measured level difference and threshold profile,"level, flush, flat, zero step or no threshold",accepted_pending_review,"Step-free describes the usable crossing, while level and flush may describe only particular surfaces. A small bevel, drainage fall or permitted weathering profile can remain without the entrance being literally flat or having no physical sill.",AU-LH-STEP-FREE-ENTRANCE-ASSEMBLY|AU-LH-LIVABLE-ENTRANCE-THRESHOLD-ASSEMBLY|AU-LH-LEVEL-ENTRANCE-THRESHOLD,SRC-ABCB-LIVABLE-HOUSING-STANDARD|SRC-ABCB-LIVABLE-HOUSING-HANDBOOK,"Draw every finished surface and sill profile, then calculate the crossing condition from their actual levels and geometry."
TERM-160,H8 dwelling access path or AS 1428.1 continuous accessible path according to compliance path,"accessible path, step-free path, wheelchair path or continuous path of travel",accepted_pending_review,"An H8 route and a continuous accessible path can share physical paving and ramps but do not automatically share every width, gradient, landing, handrail, kerb or tactile requirement.",AU-LH-STEP-FREE-DWELLING-ACCESS-ASSEMBLY|AU-LH-STEP-FREE-PEDESTRIAN-PATH-ASSEMBLY,SRC-ABCB-LIVABLE-HOUSING-STANDARD|SRC-SA-AS-1428-1-2021,Keep the physical route reusable but attach each regulatory constraint set only when its governing path is selected.
TERM-161,"path, ramp or step ramp according to physical form and gradient","sloping path, access ramp, step ramp or walkway",accepted_pending_review,"These surfaces may join one route but have different geometry, allowable extents and supporting details. Calling every sloping surface a ramp loses the boundary between ordinary path fall and a distinct ramp segment.",AU-LH-STEP-FREE-PEDESTRIAN-PATH-ASSEMBLY|AU-LH-STEP-RAMP-ASSEMBLY|AU-SA-RAMP-ASSEMBLY,SRC-ABCB-LIVABLE-HOUSING-STANDARD|SRC-ABCB-LIVABLE-HOUSING-HANDBOOK|SRC-ABCB-HP-STAIR-RAMP,"Segment the route where gradient or construction changes and store each segment's physical surface, support, fall and regulatory role."
TERM-162,step ramp or doorway threshold ramp according to location and purpose,"step ramp, threshold ramp, wedge or kerb ramp",accepted_pending_review,"A step ramp replaces a small change of level along the access path, while a threshold ramp resolves a doorway sill profile. A kerb ramp is another accessibility and streetscape object; the labels should not silently merge.",AU-LH-STEP-RAMP-ASSEMBLY|AU-LH-RAMPED-ENTRANCE-THRESHOLD|AU-SA-THRESHOLD-STEP-ASSEMBLY,SRC-ABCB-LIVABLE-HOUSING-STANDARD|SRC-ABCB-LIVABLE-HOUSING-HANDBOOK|SRC-SA-AS-1428-1-2021,"Classify the object from its host and level change, then model its actual ramp surface, edges, junctions and drainage."
TERM-163,individual ramp segment plus aggregate ramp length as a calculated route value,maximum ramp length or total ramp,accepted_pending_review,A route can contain more than one separated ramp segment. The physical segments are objects; an aggregate limit is a rule calculation and must not be represented as one invented solid spanning intervening landings or paths.,AU-LH-STEP-RAMP-ASSEMBLY|AU-LH-ACCESS-PATH-LANDING-ASSEMBLY|AU-LH-STEP-FREE-DWELLING-ACCESS-ASSEMBLY,SRC-ABCB-LIVABLE-HOUSING-STANDARD|SRC-ABCB-LIVABLE-HOUSING-HANDBOOK,Store segment lengths on physical ramps and compute any route-wide total from ordered route membership.
TERM-164,incorporated dwelling parking space,"accessible parking bay, disabled bay, car space or hardstand",accepted_pending_review,"The H8 parking origin serves the dwelling access route but is not automatically an AS 2890.6 accessible parking space with shared area, signs and pavement symbols. Hardstand names only a possible physical surface.",AU-LH-INCORPORATED-PARKING-SPACE-ASSEMBLY|AU-LH-PARKING-HARDSTAND-SLAB|AU-LH-PARKING-SPACE-LINE-MARKING,SRC-ABCB-LIVABLE-HOUSING-STANDARD|SRC-ABCB-LIVABLE-HOUSING-HANDBOOK,"Record parking purpose, location, dimensions, surface, markings and selected standard without adding accessible-bay symbols or shared zones by assumption."
TERM-165,installed clear opening measured from the open door geometry,"door width, leaf width, frame size, rough opening or clear opening",accepted_pending_review,"These dimensions differ. Hinges, stops, handles, sliding-panel overlap and the actual open position can make the usable opening smaller than the leaf, frame or framed-wall opening.",AU-LH-LIVABLE-ENTRANCE-DOORSET|AU-LH-LIVABLE-INTERNAL-DOORWAY-ASSEMBLY|AU-LH-INTERNAL-DOOR-LEAF|AU-LH-INTERNAL-SLIDING-DOOR-PANEL,SRC-ABCB-LIVABLE-HOUSING-STANDARD|SRC-ABCB-LIVABLE-HOUSING-HANDBOOK,"Draw the installed frame, panel and hardware, store the fully open state, and derive clear opening between the actual obstructions."
TERM-166,nominated livable-housing entrance door,"front door, main door, entry door or external door",accepted_pending_review,The H8 entrance is the selected door reached by the compliant access route; it need not be the door people casually call the front door. Other external doors do not inherit the role automatically.,AU-LH-STEP-FREE-ENTRANCE-ASSEMBLY|AU-LH-LIVABLE-ENTRANCE-DOORSET,SRC-ABCB-LIVABLE-HOUSING-STANDARD|SRC-ABCB-LIVABLE-HOUSING-HANDBOOK,"Link one selected entrance to its access origin and route, while retaining architectural labels such as front, side or garage door separately."
TERM-167,"entrance arrival landing, ramp landing or porch according to role","landing, entry platform, porch, stoop or doorstep",accepted_pending_review,"An entrance arrival area provides manoeuvring and door operation space, a ramp landing interrupts or terminates a ramp, and a porch is a broader architectural assembly that may contain either. The same slab can carry more than one evidenced role.",AU-LH-ENTRANCE-ARRIVAL-LANDING-ASSEMBLY|AU-LH-ACCESS-PATH-LANDING-ASSEMBLY|AU-LH-COVERED-ENTRANCE-ASSEMBLY,SRC-ABCB-LIVABLE-HOUSING-STANDARD|SRC-ABCB-LIVABLE-HOUSING-HANDBOOK,"Model the physical platform once and attach arrival, ramp and weather-cover roles with their separate datums and tests."
TERM-168,"level entrance threshold, bevelled sill lip, ramped threshold or raised weather sill according to profile","flush sill, low sill, zero threshold, accessible threshold or weather sill",accepted_pending_review,"Trade labels do not define the installed profile. Even a marketed flush or low sill can have tracks, lips, drainage slots and level differences that affect the crossing and weatherproofing.",AU-LH-LEVEL-ENTRANCE-THRESHOLD|AU-LH-BEVELLED-ENTRANCE-SILL-LIP|AU-LH-RAMPED-ENTRANCE-THRESHOLD|AU-LH-RAISED-WEATHER-SILL-THRESHOLD,SRC-ABCB-LIVABLE-HOUSING-STANDARD|SRC-ABCB-LIVABLE-HOUSING-HANDBOOK,"Store a product-specific sill section with every ridge, rebate, track, drainage path and adjoining finished level."
TERM-169,coordinated step-free entrance weatherproofing system,"remove the upstand, make the sill flush or add a strip drain",accepted_pending_review,"Reducing the threshold height changes the water-control detail but does not remove the need for weatherproofing, drainage, flashing, termite inspection and sometimes bushfire coordination. A drain alone is not the whole system.",AU-LH-EXTERNAL-ENTRANCE-WEATHERPROOFING-ASSEMBLY|AU-LH-CHANNEL-DRAINED-ENTRANCE-ASSEMBLY|AU-LH-PERMEABLE-DECK-ENTRANCE-ASSEMBLY|AU-LH-COVERED-ENTRANCE-ASSEMBLY,SRC-ABCB-LIVABLE-HOUSING-STANDARD|SRC-ABCB-LIVABLE-HOUSING-HANDBOOK,"Select and draw a complete water-control approach, including surface falls, sill, flashings, drain or drainage plane, outlets, cover and inspection interfaces."
TERM-170,finished clear corridor width,"corridor width, framed width, wall-to-wall width or nominal hallway",accepted_pending_review,"The usable width is between finished obstructions, not necessarily between stud centrelines or structural wall faces. Linings, skirtings, door hardware, radiators and fixed joinery can reduce it locally.",AU-LH-INTERNAL-LIVABLE-CIRCULATION-ASSEMBLY|AU-LH-LIVABLE-INTERNAL-DOORWAY-ASSEMBLY,SRC-ABCB-LIVABLE-HOUSING-STANDARD|SRC-ABCB-LIVABLE-HOUSING-HANDBOOK,Derive corridor clearance from finished model faces and fixed projections along the selected route rather than from nominal framing dimensions.
TERM-171,sanitary compartment for the room and toilet pan for the fixture,"toilet, WC, powder room, bathroom or sanitary facility",accepted_pending_review,Toilet can name the room or the ceramic fixture in everyday speech. The H8 room test needs a distinct enclosure object containing a distinct pan and any other fixed fixtures or door swings.,AU-LH-LIVABLE-SANITARY-COMPARTMENT-ASSEMBLY|AU-LH-TOILET-SUITE-ASSEMBLY|AU-LH-FLOOR-MOUNTED-TOILET-PAN,SRC-ABCB-LIVABLE-HOUSING-STANDARD|SRC-ABCB-LIVABLE-HOUSING-HANDBOOK,Use sanitary compartment for the selected room or space and toilet pan or suite for physical fixture records.
TERM-172,toilet-pan centreline and front-edge datums derived from fixture geometry,"toilet centre, WC line, front clearance line or pan marker",accepted_pending_review,"A centreline and front edge are geometric references, not additional building objects. Their positions change with the selected pan product and its installed transform.",AU-LH-FLOOR-MOUNTED-TOILET-PAN|AU-LH-WALL-HUNG-TOILET-PAN|AU-LH-TOILET-SUITE-ASSEMBLY,SRC-ABCB-LIVABLE-HOUSING-STANDARD|SRC-ABCB-LIVABLE-HOUSING-HANDBOOK,Embed named datums in the parametric pan component and transform them with the installed fixture instead of drawing permanent construction lines.
TERM-173,sanitary-compartment circulation-space overlay,"clear floor object, access zone, wheelchair box or empty slab",accepted_pending_review,"Required circulation space is an absence-of-obstruction test over physical floor and around fixtures. Turning it into a solid creates false quantities, clashes and duplicate floor geometry.",AU-LH-LIVABLE-SANITARY-COMPARTMENT-ASSEMBLY|AU-LH-VANITY-BASIN-ASSEMBLY|AU-LH-SANITARY-DOOR-STOP,SRC-ABCB-LIVABLE-HOUSING-STANDARD|SRC-ABCB-LIVABLE-HOUSING-HANDBOOK,"Generate a non-quantity review overlay from the pan datums and test it against finished walls, fixtures, joinery, stops and relevant door positions."
TERM-174,hobless and step-free shower crossing as separately tested conditions,"walk-in shower, level shower, hobless shower or accessible shower",accepted_pending_review,"Hobless means there is no raised water-retaining hob; step-free means the crossing has no disqualifying level change. A marketed walk-in shower may still have a step, and neither label alone proves AS 1428.1 accessibility.",AU-LH-LIVABLE-SHOWER-ACCESS-ASSEMBLY|AU-WP-LEVEL-THRESHOLD-SHOWER-ASSEMBLY|AU-WP-SHOWER-HOB,SRC-ABCB-LIVABLE-HOUSING-STANDARD|SRC-ABCB-LIVABLE-HOUSING-HANDBOOK|SRC-SA-AS-1428-1-2021,"Store the shower entry profile, levels, waterstop and floor falls, then report hobless, step-free and accessibility results independently."
TERM-175,future-grabrail wall reinforcement,"grabrail, grab rail, rail backing or accessible rail",accepted_pending_review,"H8 Part 6 requires supporting construction for possible later attachment, not installation of the visible grabrail itself. Adding a rail by default changes the physical scope and can imply an accessibility design that has not been selected.",AU-LH-FUTURE-GRABRAIL-REINFORCEMENT-SYSTEM|AU-LH-SHOWER-WALL-REINFORCEMENT-ASSEMBLY|AU-LH-TOILET-SIDE-WALL-REINFORCEMENT-ASSEMBLY,SRC-ABCB-LIVABLE-HOUSING-STANDARD|SRC-ABCB-LIVABLE-HOUSING-HANDBOOK|SRC-SA-AS-1428-1-2021,"Generate concealed backing under H8 and reserve installed rail objects, profiles, clearances and fixings for a separately selected accessibility or fitout scope."
TERM-176,"backing sheet, nogging, blocking member or metal plate according to physical form","backing, nogging, blocking, dwang, bracing or support",accepted_pending_review,"Trades use these words loosely. Sheet backing forms a field, a nogging or blocking member spans framing, and a plate is a thin metal reinforcement; ordinary wall bracing or dwangs do not automatically occupy the correct future-rail zone.",AU-LH-STRUCTURAL-PLYWOOD-GRABRAIL-BACKING|AU-LH-TIMBER-GRABRAIL-NOGGING|AU-LH-LIGHT-GAUGE-STEEL-GRABRAIL-NOGGING|AU-LH-METAL-GRABRAIL-BACKING-PLATE,SRC-ABCB-LIVABLE-HOUSING-STANDARD|SRC-ABCB-LIVABLE-HOUSING-HANDBOOK,"Ask for material and geometry, then store fixture-relative extent, framing connection, fasteners and lining interface for the selected reinforcement form."
TERM-177,"structural plywood grabrail backing with stated grade, thickness, support and fixing","ply, plywood lining, bathroom ply or timber sheet",accepted_pending_review,"The presence of a plywood-looking layer does not establish structural capacity. Decorative lining, thin non-structural sheet or unsupported cabinet backing must not be treated as future-grabrail reinforcement.",AU-LH-STRUCTURAL-PLYWOOD-GRABRAIL-BACKING|AU-LH-GRABRAIL-BACKING-EDGE-SUPPORT|AU-LH-GRABRAIL-BACKING-FASTENER,SRC-ABCB-LIVABLE-HOUSING-STANDARD|SRC-ABCB-LIVABLE-HOUSING-HANDBOOK,"Require structural product identity, thickness, edge support, stud support and fastening before assigning the backing role."
TERM-178,coordinated reinforced cavity-slider wall,"cavity slider with backing, pocket wall or screw anywhere in the pocket",accepted_pending_review,A standard pocket contains a moving door panel and thin split studs. Future grabrail fasteners can strike or obstruct the panel unless a compatible reinforced build-up and safe fixing depth are deliberately designed.,AU-LH-REINFORCED-CAVITY-SLIDER-WALL-ASSEMBLY|AU-LH-CAVITY-SLIDING-DOOR-ASSEMBLY|AU-LH-CAVITY-SLIDER-POCKET-FRAME,SRC-ABCB-LIVABLE-HOUSING-STANDARD|SRC-ABCB-LIVABLE-HOUSING-HANDBOOK,"Model the panel travel envelope, pocket framing, backing layer, fixing depth and exclusion zones together and require product or engineering confirmation."
TERM-179,qualified solid-wall future-grabrail substrate,"masonry wall, concrete wall or no backing needed",accepted_pending_review,"A suitable solid wall may provide inherent support, but hollow cores, chases, thin leaves, linings and services can prevent anchors from reaching adequate material. Material name alone does not prove the complete fixing path.",AU-LH-SOLID-WALL-GRABRAIL-SUPPORT-SUBSTRATE|AU-LH-FUTURE-GRABRAIL-REINFORCEMENT-SYSTEM,SRC-ABCB-LIVABLE-HOUSING-STANDARD|SRC-ABCB-LIVABLE-HOUSING-HANDBOOK,"Reference the existing wall geometry and store solid thickness, voids, future anchor depth, edge distances, lining and evidence of capacity; do not add a fictitious backing layer."
TERM-180,H8 minimum provision or voluntary beyond-minimum feature according to selected scope,"compliant, best practice, silver level, accessible or future proof",accepted_pending_review,"Meeting the H8 minimum does not show that a dwelling meets a voluntary higher level, AS 1428.1 or every user's needs. Conversely, a project may deliberately add features beyond the minimum without changing the H8 object identity.",AU-LH-LIVABLE-HOUSING-PHYSICAL-SYSTEM,SRC-ABCB-LIVABLE-HOUSING-STANDARD|SRC-ABCB-LIVABLE-HOUSING-HANDBOOK|SRC-SA-AS-1428-1-2021,"Store the claimed level and evidence source explicitly, report minimum and enhanced checks separately, and avoid marketing labels as compliance facts."
TERM-181,"entrance drain channel, grate, outlet and sill drainage as separate objects","strip drain, channel drain, trench drain, slot drain or drained sill",accepted_pending_review,These terms can refer to the complete product or only its visible grate or slot. A door sill may also drain internally but is not the same object as an external landing channel.,AU-LH-ENTRANCE-DRAIN-CHANNEL-BODY|AU-LH-ENTRANCE-DRAIN-GRATE|AU-LH-ENTRANCE-DRAIN-OUTLET|AU-LH-LIVABLE-ENTRANCE-THRESHOLD-ASSEMBLY,SRC-ABCB-LIVABLE-HOUSING-STANDARD|SRC-ABCB-LIVABLE-HOUSING-HANDBOOK,"Draw the body, trafficable top, outlet, end closures, waterproofing flange and sill drainage path selected by the product detail."
TERM-182,"H8 applicability determined by current jurisdiction, adoption instrument and project date","nationally mandatory livable housing, NCC 2022 requirement or Australia-wide rule",accepted_pending_review,"H8 appears in the national NCC text, but state and territory adoption dates and variations differ, and some jurisdictions disapply it. A national catalogue entry must not be treated as proof that H8 legally applies to every Australian project.",AU-LH-LIVABLE-HOUSING-PHYSICAL-SYSTEM,SRC-ABCB-V2-H8-LIVABLE|SRC-NSW-H8-VARIATION|SRC-QLD-MODERN-HOMES|SRC-VIC-NCC2022-ADOPTION|SRC-ACT-NCC2022-IMPLEMENTATION|SRC-NT-LIVABLE-HOUSING|SRC-SA-MODERN-HOMES|SRC-TAS-LIVABLE-HOUSING|SRC-WA-H8-DISAPPLICATION,"Ask for jurisdiction, approval pathway and relevant date, then load that jurisdiction's current adoption and variation rules before reporting compliance."
TERM-183,health-and-amenity physical system for the coordinated object set,"H4 object, amenity item or compliance object",accepted_pending_review,"H4 is a regulatory grouping, not one manufactured solid. It coordinates rooms, openings, facilities, wall assemblies and ceilings that also belong to architectural, structural and service systems.",AU-HA-HEALTH-AMENITY-PHYSICAL-SYSTEM|AU-HA-REQUIRED-DWELLING-FACILITIES-ASSEMBLY|AU-HA-CLASS1-SOUND-INSULATION-SYSTEM,SRC-ABCB-V2-H4-WET-AREAS|SRC-ABCB-HP-FACILITIES|SRC-ABCB-HP-SOUND-INSULATION,Keep H4 as a coordination and checking layer over reusable physical objects rather than generating an H4-shaped solid or duplicating objects from other disciplines.
TERM-184,room height measured between nominated finished bounding surfaces,"ceiling height, wall height, floor-to-floor height or storey height",accepted_pending_review,"These dimensions can differ because floor finishes, ceiling linings, suspended construction, bulkheads and the structure above occupy real depth. A floor-to-floor dimension is not automatically the usable room height.",AU-HA-ROOM-HEIGHT-BOUNDING-ASSEMBLY|AU-HA-INTERNAL-CEILING-LINING-ASSEMBLY|AU-HA-CEILING-BULKHEAD-ASSEMBLY,SRC-ABCB-HP-ROOM-HEIGHTS,Derive room height from the actual finished floor and ceiling or underside faces at each tested point and retain other vertical dimensions separately.
TERM-185,finished ceiling face or underside of the relevant overhead construction,"ceiling datum, underside, soffit, roof line or bottom chord",accepted_pending_review,"The upper room-height boundary depends on what physically encloses the room. A visible lining, exposed structural underside, sloping roof lining, beam soffit and bulkhead are different surfaces and may produce different local results.",AU-HA-ROOM-HEIGHT-BOUNDING-ASSEMBLY|AU-HA-INTERNAL-CEILING-LINING-ASSEMBLY|AU-HA-CEILING-BULKHEAD-LINING,SRC-ABCB-HP-ROOM-HEIGHTS,"Let the user identify the governing overhead face where it cannot be inferred, and store that face reference with the room-height result."
TERM-186,sloping-ceiling compliant-area calculation over the physical room,"low ceiling object, head-height volume or compliant ceiling solid",accepted_pending_review,"A sloping room contains real floor, wall and ceiling geometry, but the portion satisfying a height rule is a calculated area or review overlay. Making it a material solid would create false quantities and clashes.",AU-HA-ROOM-HEIGHT-BOUNDING-ASSEMBLY|AU-HA-INTERNAL-CEILING-LINING-ASSEMBLY,SRC-ABCB-HP-ROOM-HEIGHTS,"Intersect the room with the selected height plane for review and reporting, while keeping the result non-quantity-bearing."
TERM-187,habitable or non-habitable classification attached to a room or space,"habitable object, living-area material or bedroom construction type",accepted_pending_review,"Habitability describes use and regulatory treatment, not a distinct wall, floor or ceiling material. The same physical room may change nominated use without its enclosing objects being replaced.",AU-HA-HABITABLE-ROOM-DAYLIGHT-OPENING-ASSEMBLY|AU-HA-ROOM-HEIGHT-BOUNDING-ASSEMBLY,SRC-ABCB-V2-H4-WET-AREAS|SRC-ABCB-HP-ROOM-HEIGHTS|SRC-ABCB-HP-LIGHT,Store room use and classification as project data and apply the relevant checks to the referenced enclosing construction.
TERM-188,"natural-light opening, glazed area and light-transmitting area as distinct quantities","window area, glass area, daylight area or opening size",accepted_pending_review,"Frame size, rough opening, visible glass and effective light-transmitting area are not interchangeable. Frames, mullions, opaque panels and lightwell geometry can reduce the daylight path.",AU-HA-HABITABLE-ROOM-DAYLIGHT-OPENING-ASSEMBLY|AU-HA-ROOFLIGHT-UNIT|AU-HA-ROOFLIGHT-LIGHTWELL-ASSEMBLY,SRC-ABCB-HP-LIGHT,"Retain the physical opening and product geometry, then calculate each required area from the correct faces and product properties."
TERM-189,"rooflight, roof window, tubular daylight device or lightwell according to physical form","skylight, rooflight, sun tunnel or roof window",accepted_pending_review,"Skylight is used broadly in Australia, but an in-plane operable roof window, a kerbed rooflight and a small roof collector feeding a reflective tube have different construction and daylight paths. A lightwell is the shaft below a roof opening, not the rooflight itself.",AU-HA-ROOFLIGHT-ASSEMBLY|AU-HA-ROOFLIGHT-UNIT|AU-HA-ROOFLIGHT-CURB|AU-HA-ROOFLIGHT-LIGHTWELL-ASSEMBLY,SRC-ABCB-HP-LIGHT,"Ask for product form and draw the roof penetration, weathering, glazing or collector, shaft and interior diffuser as separate applicable parts."
TERM-190,"kitchen sink, washbasin and laundry washtub according to use","sink, basin, tub, trough or wash-up bowl",accepted_pending_review,"Everyday and product language overlaps, but these fixtures serve different H4 facilities and usually have different bowls, heights, cabinetry, tapware and service arrangements.",AU-HA-KITCHEN-SINK-FIXTURE|AU-HA-LAUNDRY-TUB-FIXTURE|AU-HA-GENERAL-SANITARY-FACILITIES-ASSEMBLY,SRC-ABCB-HP-FACILITIES|SRC-OLIVERI-KITCHEN-SINK|SRC-OLIVERI-LAUNDRY-TUB,"Classify the fixture by its installed facility role and product data; preserve sink, basin, tub and trough as scoped search terms rather than universal synonyms."
TERM-191,food-preparation facility with a measured usable work surface,"bench, benchtop, counter, island or kitchen cabinet",accepted_pending_review,"The facility is the usable preparation arrangement, while a benchtop is one physical surface and cabinets are its support or storage. Appliances, sinks and upstands can interrupt the available work area.",AU-HA-FOOD-PREPARATION-BENCH-ASSEMBLY|AU-HA-KITCHEN-BENCHTOP|AU-HA-KITCHEN-SINK-CABINET,SRC-ABCB-HP-FACILITIES,"Draw the complete joinery and fixtures, then derive usable preparation surface from unobstructed finished worktop faces."
TERM-192,"kitchen cooktop or cooking hob, distinct from a shower hob",hob,accepted_pending_review,In appliance language a hob is the cooking surface; in Australian wet-area construction a shower hob is a raised water-retaining curb. Searching or generating hob without context can select an entirely different building object.,AU-HA-BUILT-IN-COOKTOP|AU-HA-COOKING-FACILITY-ASSEMBLY|AU-WP-SHOWER-HOB,SRC-ABCB-HP-FACILITIES|SRC-ABCB-HP-WET-AREA-WATERPROOFING,Require kitchen or wet-area context and keep cooktop and shower-hob identifiers separate even when imported text uses hob alone.
TERM-193,"freestanding cooker, built-in oven and built-in cooktop as separate appliance forms","stove, range, cooker, oven or cooktop",accepted_pending_review,"Trade and consumer terms overlap. A freestanding cooker combines cooking surfaces and oven in one chassis, while built-in appliances require separate openings, support, restraints and clearances.",AU-HA-FREESTANDING-COOKER|AU-HA-BUILT-IN-OVEN|AU-HA-BUILT-IN-COOKTOP|AU-HA-COOKER-ANTI-TIP-BRACKET,SRC-ABCB-HP-FACILITIES|SRC-FP-FREESTANDING-COOKER-INSTALL,"Select the appliance form before cutting cabinetry or floors and use manufacturer geometry for supports, anti-tip parts and installation interfaces."
TERM-194,washing-machine installation space and washing machine appliance as separate records,"washer space, washing-machine provision or washing machine",accepted_pending_review,"H4 can require space for an appliance without supplying the appliance itself. A clearance envelope has no material quantity, while the machine, hoses and guides are physical optional or project-supplied objects.",AU-HA-WASHING-MACHINE-CONNECTION-ASSEMBLY|AU-HA-DOMESTIC-WASHING-MACHINE|AU-HA-LAUNDRY-FACILITIES-ASSEMBLY,SRC-ABCB-HP-FACILITIES|SRC-FP-WASHER-INLET-HOSE|SRC-FP-WASHER-DRAIN-HOSE,Store the required space as a non-quantity clearance and add product-specific appliance and connection objects only when selected or shown.
TERM-195,laundry washtub with nominated fixture and cabinet form,"laundry tub, trough, sink, cabinet tub or wash trough",accepted_pending_review,"These labels can describe a standalone trough, a tub bowl, or a combined stainless-steel tub-and-cabinet product. Treating them as one geometry loses supports, doors, rim seals and service space.",AU-HA-LAUNDRY-WASHTUB-ASSEMBLY|AU-HA-LAUNDRY-TUB-FIXTURE|AU-HA-LAUNDRY-TUB-CABINET,SRC-ABCB-HP-FACILITIES|SRC-OLIVERI-LAUNDRY-TUB,"Represent the assembly, formed fixture and cabinet separately and retain product-specific capacity, openings, mounting and service connections."
TERM-196,"waste fitting, overflow fitting and washing-machine rinse bypass as separate flow paths","drain, overflow, bypass, waste or hose connection",accepted_pending_review,"The main waste drains the bowl, an overflow limits water level, and a rinse-bypass kit admits washing-machine discharge. Similar openings in a sink or tub do not perform the same function.",AU-HA-SINK-BASKET-WASTE|AU-HA-SINK-OVERFLOW-FITTING|AU-HA-LAUNDRY-RINSE-BYPASS-KIT|AU-HA-WASHING-MACHINE-DRAIN-HOSE,SRC-OLIVERI-KITCHEN-SINK|SRC-OLIVERI-LAUNDRY-TUB|SRC-FP-WASHER-DRAIN-HOSE,"Draw and connect each actual opening and fitting by flow role, avoiding an invented generic drain connection that hides the route."
TERM-197,"general sanitary facilities set, sanitary compartment and toilet suite as different scales","toilet, WC, bathroom, powder room or amenities",accepted_pending_review,The H4 facility set can include a closet pan and washbasin; the sanitary compartment is the enclosure; the suite is the installed pan and flushing components. Everyday toilet can mean any of the three.,AU-HA-GENERAL-SANITARY-FACILITIES-ASSEMBLY|AU-HA-GENERAL-SANITARY-COMPARTMENT-ASSEMBLY|AU-LH-TOILET-SUITE-ASSEMBLY,SRC-ABCB-HP-FACILITIES|SRC-ABCB-LIVABLE-HOUSING-STANDARD,"Use explicit enclosure, facility-set and fixture records and attach colloquial room names only as scoped aliases."
TERM-198,"outward-opening, sliding or externally removable sanitary door according to recovery method","compliant toilet door, emergency door or accessible door",accepted_pending_review,"These are different physical ways of preventing an incapacitated occupant from trapping the door. The chosen swing, sliding hardware or external removal detail must be represented; the label compliant door is not geometry.",AU-HA-SANITARY-DOOR-RECOVERY-ASSEMBLY|AU-HA-EXTERNALLY-REMOVABLE-SANITARY-DOOR|AU-LH-CAVITY-SLIDING-DOOR-ASSEMBLY,SRC-ABCB-HP-FACILITIES,"Record the selected recovery method and test the actual door movement, occupant location, frame, hinges and access to release or remove it."
TERM-199,external latch release and externally removable door as separate recovery provisions,"emergency release, lift-off door or removable lock",accepted_pending_review,Releasing a privacy latch may unlock a door but does not remove an inward-swinging leaf blocked by an occupant. Lift-off hinges or removable pins affect the leaf-to-frame connection and perform another role.,AU-HA-SANITARY-LATCH-EXTERNAL-RELEASE|AU-HA-EXTERNALLY-REMOVABLE-SANITARY-DOOR|AU-HA-SANITARY-DOOR-LIFT-OFF-HINGE|AU-HA-SANITARY-DOOR-REMOVABLE-HINGE-PIN,SRC-ABCB-HP-FACILITIES,Model latch release and leaf removal hardware independently and do not infer one from the presence of the other.
TERM-200,"sound insulation between spaces, distinct from sound absorption within a space","acoustic treatment, soundproofing, acoustic insulation or noise control",accepted_pending_review,A separating wall reduces transmitted sound; absorptive finishes or cavity batts reduce reflections or resonances. A porous absorber alone is not a complete sound-insulating boundary.,AU-HA-SOUND-INSULATING-SEPARATING-WALL-ASSEMBLY|AU-HA-ACOUSTIC-CAVITY-INSULATION-LAYER|AU-HA-SOUND-INSULATING-CEILING-BARRIER-ASSEMBLY,SRC-ABCB-HP-SOUND-INSULATION|SRC-ABCB-SOUND-HANDBOOK-2022,Assign transmission performance to complete tested or assessed assemblies and absorption properties only to the applicable materials or surfaces.
TERM-201,"Rw, Ctr and Rw plus Ctr as documented acoustic performance values","sound rating, acoustic thickness, dB wall or R-value",accepted_pending_review,"These are standardised rating terms derived from evidence, not physical layers and not thermal R-values. Adding a thicker-looking board does not establish the result for the complete installed wall.",AU-HA-CLASS1-SOUND-INSULATION-SYSTEM|AU-HA-SOUND-INSULATING-SEPARATING-WALL-ASSEMBLY,SRC-ABCB-HP-SOUND-INSULATION|SRC-SA-AS-NZS-ISO-717-1-2004|SRC-SA-AS-ISO-717-1-2024,"Store each rating with metric name, test or assessment, construction identity, standard edition and jurisdictional path; never generate a rating as geometry."
TERM-202,sound-insulating lining product within an evidenced complete wall system,"acoustic plasterboard, sound-rated board or soundproof sheet",accepted_pending_review,"A marketed acoustic board can contribute mass, but wall performance also depends on studs or leaves, cavities, insulation, fixings, joints, seals and services. The product label alone does not make the wall compliant.",AU-HA-ACOUSTIC-PLASTERBOARD-LINING|AU-HA-ACOUSTIC-FIBRE-CEMENT-LINING|AU-HA-SOUND-INSULATING-SEPARATING-WALL-ASSEMBLY,SRC-ABCB-HP-SOUND-INSULATION|SRC-ABCB-SOUND-HANDBOOK-2022,"Keep sheet identity and layer count explicit, but permit an assembly rating only when the whole build-up matches its evidence."
TERM-203,separating wall with stated buildings or occupancies separated,"party wall, common wall, intertenancy wall, dividing wall or boundary wall",accepted_pending_review,"These terms overlap in practice but can imply title boundaries, tenure, fire roles or other building classes. The H4 Class 1 sound path applies from the actual adjacency and jurisdiction, not the casual name alone.",AU-HA-SOUND-INSULATING-SEPARATING-WALL-ASSEMBLY|AU-HA-CLASS1-SOUND-INSULATION-SYSTEM,SRC-ABCB-HP-SOUND-INSULATION|SRC-ABCB-NT-HP-SOUND-INSULATION,"Store the two spaces or buildings, classifications, association and boundary role explicitly and derive applicable acoustic and fire checks from them."
TERM-204,discontinuous construction only when the leaves are physically decoupled as required,"double wall, twin wall, double-stud wall, staggered-stud wall or cavity wall",accepted_pending_review,"Two visible leaves do not prove discontinuity. Shared studs, rigid ties, mortar droppings, noggings, services or another bridge can couple them, while staggered studs and double rows are not automatically equivalent details.",AU-HA-DISCONTINUOUS-SEPARATING-WALL-ASSEMBLY|AU-HA-DOUBLE-STUD-ACOUSTIC-WALL|AU-HA-DOUBLE-MASONRY-LEAF-ACOUSTIC-WALL,SRC-ABCB-HP-SOUND-INSULATION|SRC-ABCB-SOUND-HANDBOOK-2022,"Generate each leaf and every connector, then test for prohibited rigid bridges and preserve the exact evidenced framing or masonry arrangement."
TERM-205,wall leaf for an independently supported side; lining layer for a sheet or finish on that leaf,"skin, side, layer, panel, lining or leaf",accepted_pending_review,A leaf can contain masonry or framing plus several linings; a lining is only one layer. Counting every plasterboard sheet as a separate leaf misrepresents discontinuous construction and the load path.,AU-HA-ACOUSTIC-WALL-LEAF-ASSEMBLY|AU-HA-ACOUSTIC-PLASTERBOARD-LINING|AU-HA-DOUBLE-STUD-ACOUSTIC-WALL,SRC-ABCB-HP-SOUND-INSULATION|SRC-ABCB-SOUND-HANDBOOK-2022,Nest sheet and finish layers within their supported leaf and store physical separation and connections between leaves.
TERM-206,acoustic wall cavity and cavity insulation as separate objects,"acoustic gap, insulated cavity, air space or acoustic insulation",accepted_pending_review,"The cavity is the physical separation between leaves or linings; insulation occupies some or all of that space. The clear gap, insulation thickness and accidental bridges each affect the assembly differently.",AU-HA-ACOUSTIC-WALL-CAVITY|AU-HA-ACOUSTIC-CAVITY-INSULATION-LAYER|AU-HA-DISCONTINUOUS-SEPARATING-WALL-ASSEMBLY,SRC-ABCB-SOUND-HANDBOOK-2022,"Model cavity boundaries and installed insulation separately and expose clashes, debris or services that bridge the intended separation."
TERM-207,"resilient tie, lining channel, isolation clip or pipe clip according to connection role","resilient mount, acoustic clip, furring channel, wall tie or rubber clip",accepted_pending_review,"All reduce or control vibration transfer, but they connect different objects and carry different loads. Substituting one generic resilient component loses spacing, orientation, stiffness and supported construction.",AU-HA-RESILIENT-MASONRY-WALL-TIE|AU-HA-ACOUSTIC-RESILIENT-CHANNEL|AU-HA-ACOUSTIC-ISOLATION-CLIP|AU-HA-RESILIENT-PIPE-CLIP,SRC-ABCB-SOUND-HANDBOOK-2022,"Select a connection object from its two hosts and product evidence, then retain its section, spacing, fasteners and load direction."
TERM-208,direct transmission through the separating assembly and flanking transmission around it,"sound leak, weak spot, bypass or acoustic gap",accepted_pending_review,"Sound can cross the wall itself or travel through adjoining floors, roofs, ceilings, facades and services. Closing visible wall gaps does not address every flanking route, and flanking performance is not a material object.",AU-HA-SOUND-INSULATING-SEPARATING-WALL-ASSEMBLY|AU-HA-ACOUSTIC-WALL-TO-ROOF-JUNCTION|AU-HA-ACOUSTIC-WALL-PERIMETER-JUNCTION|AU-HA-SOUND-INSULATING-CEILING-BARRIER-ASSEMBLY,SRC-ABCB-SOUND-HANDBOOK-2022,"Draw all boundary junctions and connected constructions, then report potential direct and flanking paths as graph-based review results."
TERM-209,"joint compound, acoustic sealant and fire-resistant sealant according to physical joint and evidence","caulk, mud, gap filler, acoustic mastic or fire caulk",accepted_pending_review,"Joint compound treats sheet joints, flexible acoustic sealant closes perimeter or service gaps, and a fire-resisting joint needs separate evidence. A product may satisfy more than one role, but the terms do not prove interchangeability.",AU-HA-ACOUSTIC-LINING-JOINT-COMPOUND|AU-HA-ACOUSTIC-PERIMETER-SEALANT|AU-FS-FIRE-ACOUSTIC-SEALANT-JOINT,SRC-ABCB-SOUND-HANDBOOK-2022|SRC-ABCB-HP-SOUND-INSULATION,"Create the actual joint geometry and select material, backing, depth and evidence for every required acoustic, movement, weather or fire role."
TERM-210,"acoustic service access panel with leaf, frame and perimeter seal","access hatch, inspection opening, removable panel or plasterboard patch",accepted_pending_review,A loose lining patch and a purpose-designed access assembly do not have the same repeatable fixing or seal. The opening can bypass the wall unless the complete panel construction preserves the evidenced performance.,AU-HA-ACOUSTIC-SERVICE-ACCESS-PANEL-ASSEMBLY|AU-HA-ACOUSTIC-ACCESS-PANEL-LEAF|AU-HA-ACOUSTIC-ACCESS-PANEL-FRAME|AU-HA-ACOUSTIC-ACCESS-PANEL-SEAL,SRC-ABCB-HP-SOUND-INSULATION|SRC-ABCB-SOUND-HANDBOOK-2022,"Cut the real wall opening and generate the panel leaf, frame, fixings and seals from a documented system rather than drawing a symbolic rectangle."
TERM-211,"acoustic pipe wrap, distinct from thermal insulation and condensation control","pipe lagging, insulation, wrap, blanket or soundproofing",accepted_pending_review,"A wrap selected for noise control may differ in mass, facing, closure and continuity from thermal or condensation insulation. One product can have several evidenced roles, but appearance alone does not establish them.",AU-HA-ACOUSTIC-PIPE-WRAP|AU-HA-ACOUSTIC-WRAP-CLOSURE-TAPE|AU-HA-ACOUSTIC-WATER-SUPPLY-PIPE-ASSEMBLY,SRC-ABCB-SOUND-HANDBOOK-2022,"Store wrap build-up, mass or acoustic evidence, seams, closure tape and pipe supports, and attach thermal properties only when separately known."
TERM-212,electrical outlet location and acoustic treatment as objects; outlet offset as a relationship,"staggered outlets, offset GPOs, acoustic box or sealed power point",accepted_pending_review,"The boxes, pads and caulk are physical; the separation between boxes on opposite wall faces is a measured relationship. Drawing an offset solid would duplicate geometry without preserving the two actual openings.",AU-HA-ACOUSTIC-ELECTRICAL-OUTLET-ASSEMBLY|AU-HA-ACOUSTIC-ELECTRICAL-BOX|AU-HA-ELECTRICAL-BOX-ACOUSTIC-PAD|AU-HA-ELECTRICAL-BOX-ACOUSTIC-CAULK,SRC-ABCB-HP-SOUND-INSULATION|SRC-ABCB-SOUND-HANDBOOK-2022,Generate each box and treatment in its host leaf and calculate opposed-box separation from their positions and penetrated layers.
TERM-213,national or Northern Territory Class 1 sound-insulation path selected explicitly,"NCC acoustic wall, Australian party wall or standard H4 wall",accepted_pending_review,The Northern Territory has a specific Part 10.7 variation. A construction or rating accepted under one path must not be presented as the current rule everywhere in Australia.,AU-HA-CLASS1-SOUND-INSULATION-SYSTEM|AU-HA-SOUND-INSULATING-SEPARATING-WALL-ASSEMBLY,SRC-ABCB-HP-SOUND-INSULATION|SRC-ABCB-NT-HP-SOUND-INSULATION,"Ask for jurisdiction and project pathway before selecting the construction table, rating target or compliance statement."
TERM-214,AS/NZS ISO 717.1:2004 for the cited NCC 2022 path and AS ISO 717.1:2024 as its published successor,"current ISO 717, latest acoustic standard or AS 717.1",accepted_pending_review,A newer published edition does not silently replace the edition called up by an adopted NCC provision. Using an unspecified or latest edition can change the evidence basis and produce an unsupported compliance claim.,AU-HA-CLASS1-SOUND-INSULATION-SYSTEM|AU-HA-SOUND-INSULATING-SEPARATING-WALL-ASSEMBLY,SRC-ABCB-HP-SOUND-INSULATION|SRC-SA-AS-NZS-ISO-717-1-2004|SRC-SA-AS-ISO-717-1-2024,Store the exact standard identifier and edition on every rating result and update it only through an explicit adopted-code or project-specification decision.
TERM-215,H7 ancillary regulatory group and each physical assembly as separate concepts,"H7 object, ancillary item or special construction",accepted_pending_review,"H7 groups pools, alpine construction, heating appliances, bushfire construction and private shelters for regulation, but these do not form one physical object or one reusable tool.",AU-AN-ANCILLARY-PHYSICAL-SYSTEM|AU-AN-SWIMMING-POOL-PHYSICAL-SYSTEM|AU-AN-SOLID-FUEL-HEATING-SYSTEM|AU-AN-BUSHFIRE-RESISTING-ENVELOPE-SYSTEM|AU-AN-PRIVATE-BUSHFIRE-SHELTER-ASSEMBLY,SRC-ABCB-V2-H7-ANCILLARY|SRC-ABCB-HP-ANCILLARY-SCOPE,"Use H7 only as regulatory metadata and generate the selected pool, doorway, heating or bushfire assembly from its own object family."
TERM-216,AS 1926.1:2012 for NCC 2022 and AS 1926.1:2024 as its published successor,"current pool-barrier standard, latest AS 1926 or AS 1926.1",accepted_pending_review,The 2024 publication and its 2025 supplement do not silently replace the 2012 edition called up by NCC 2022 Volume Two. An unspecified edition makes barrier evidence ambiguous.,AU-AN-POOL-SAFETY-BARRIER-SYSTEM|AU-AN-POOL-GATE-ASSEMBLY,SRC-ABCB-V2-H7-ANCILLARY|SRC-SA-AS-1926-1-2012|SRC-SA-AS-1926-1-2024,"Store the exact NCC edition, jurisdiction and standard edition on every pool-barrier check and product selection."
TERM-217,"pool vessel, safety barrier and recirculation system as separate linked assemblies","pool, pool system or swimming-pool installation",accepted_pending_review,"The water-retaining shell, child-access barrier and suction-safety equipment address different hazards. Treating them as one opaque component hides openings, gates, pipe networks and separate approval evidence.",AU-AN-SWIMMING-POOL-PHYSICAL-SYSTEM|AU-AN-IN-GROUND-POOL-ASSEMBLY|AU-AN-POOL-SAFETY-BARRIER-SYSTEM|AU-AN-POOL-WATER-RECIRCULATION-SYSTEM,SRC-ABCB-V2-H7-ANCILLARY|SRC-PENTAIR-POOL-WHITE-GOODS,"Keep one coordinated pool project graph with independent vessel, barrier and hydraulic subassemblies and evidence."
TERM-218,pool safety barrier for access restriction and fall barrier for edge protection,"fence, barrier, balustrade, railing or pool fence",accepted_pending_review,"Both can use glass, posts and rails, but the child-access geometry, gate behaviour and surrounding climbable features differ from fall-protection requirements.",AU-AN-POOL-SAFETY-BARRIER-SYSTEM|AU-AN-GLASS-POOL-FENCE-ASSEMBLY|AU-SA-FALL-PREVENTION-BARRIER-SYSTEM|AU-SA-GLASS-BARRIER-ASSEMBLY,SRC-ABCB-V2-H7-ANCILLARY|SRC-PROTECTOR-GLASS-POOL-SPIGOT|SRC-ABCB-HP-BARRIERS-HANDRAILS,Assign explicit pool-access and fall-protection roles to shared hardware and require evidence for each role independently.
TERM-219,property boundary segment only when it is physically constructed and approved as part of the pool barrier,"boundary, boundary fence, dividing fence or pool boundary",accepted_pending_review,"A cadastral line is not a solid, and an ordinary dividing fence does not automatically satisfy the pool-barrier rules from both sides. Neighbour-side changes can also alter climbability.",AU-AN-POOL-BOUNDARY-BARRIER-ASSEMBLY|AU-AN-POOL-SAFETY-BARRIER-SYSTEM,SRC-ABCB-V2-H7-ANCILLARY|SRC-SA-AS-1926-2-2007,"Model the actual fence or wall faces, levels and adjoining features, then tag the segment's approved barrier role."
TERM-220,self-closing self-latching pool-gate assembly,"garden gate, safety gate, fence gate or gate panel",accepted_pending_review,"A pool gate is a system of leaf, supports, hinges, closer action, latch, striker, stop, opening direction and controlled gaps. A gate leaf alone does not provide the safety function.",AU-AN-POOL-GATE-ASSEMBLY|AU-AN-POOL-GATE-LEAF|AU-AN-POOL-GATE-SELF-CLOSING-HINGE-PAIR|AU-AN-POOL-GATE-LATCH,SRC-ABCB-V2-H7-ANCILLARY|SRC-PROTECTOR-POOL-GATE-HINGE|SRC-PROTECTOR-POOL-GATE-LATCH,"Generate the full gate hardware graph and retain open, closing and latched states for inspection."
TERM-221,"floating pool blanket, safety-rated pool cover and jurisdiction-permitted secure spa cover","pool cover, safety cover, blanket or spa lid",accepted_pending_review,"These products can look similar but have different load, attachment and access-control roles. A normal floating blanket is not a child-resistant pool barrier.",AU-AN-POOL-COVER-ASSEMBLY|AU-AN-SPA-SECURE-COVER-ASSEMBLY|AU-AN-POOL-SAFETY-BARRIER-SYSTEM,SRC-ABCB-V2-H7-ANCILLARY,"Store cover type, product evidence and jurisdiction, and never infer a safety role from the word cover."
TERM-222,submerged pumped suction outlet,"main drain, floor drain, pool drain or bottom drain",accepted_pending_review,"The common main-drain label suggests a gravity waste outlet, but the object is commonly connected to pump suction and needs a matched sump, safety cover, fasteners and multi-outlet hydraulic design.",AU-AN-POOL-SUCTION-OUTLET-ASSEMBLY|AU-AN-POOL-SUCTION-OUTLET-SUMP|AU-AN-POOL-SUCTION-OUTLET-COVER,SRC-PENTAIR-STARGUARD-DRAIN|SRC-ABCB-V2-H7-ANCILLARY,"Use main drain only as a search alias and label the pipe connection as suction, gravity discharge or another verified service."
TERM-223,skimmer vacuum plate for cleaning and vacuum-release device for suction safety,"vac plate, vacuum fitting, vacuum valve or vacuum release",accepted_pending_review,A vacuum plate intentionally applies pump suction to a cleaning hose; a vacuum-release device interrupts or relieves dangerous suction. Confusing them reverses their safety function.,AU-AN-POOL-SKIMMER-VACUUM-PLATE|AU-AN-POOL-VACUUM-RELEASE-DEVICE|AU-AN-POOL-SKIMMER-ASSEMBLY,SRC-PENTAIR-MEGASKIM|SRC-ABCB-V2-H7-ANCILLARY,"Separate cleaning mode from blockage-safety controls in object selection, system state and user language."
TERM-224,"suction pipe, return pipe and backwash-discharge pipe by hydraulic service","pool pipe, drain line, circulation line or waste line",accepted_pending_review,"The three pipe services have different flow direction, pressure state, connection and discharge destination. One generic pipe route can create unsafe valves or unlawful discharge assumptions.",AU-AN-POOL-SUCTION-PIPE|AU-AN-POOL-RETURN-PIPE|AU-AN-POOL-BACKWASH-PIPE,SRC-PENTAIR-POOL-PUMPS|SRC-PENTAIR-FREEFLO-SAND-FILTER|SRC-ABCB-V2-H7-ANCILLARY,Require a hydraulic service on every pipe segment and validate permitted connections and flow direction.
TERM-225,waling plate for the Housing Provisions wall-attachment member,"ledger, ledger board, ribbon board, bearer or wall plate",accepted_pending_review,"Ledger is common international language, but bearer and wall plate already name different Australian framing roles. The Part 12.3 member has a specific wall-attachment function and limited application.",AU-AN-DECK-WALL-ATTACHMENT-ASSEMBLY|AU-AN-TIMBER-WALING-PLATE|AU-AN-STEEL-WALING-PLATE,SRC-ABCB-HP-DECK-WALING|SRC-WOODSOLUTIONS-DOMESTIC-DECK,"Use waling plate as the Australian canonical name, retain ledger as a search term and block this detail outside the Part 12.3 scope."
TERM-226,chemical bonded anchor or mechanical expansion anchor according to fixing mechanism,"masonry anchor, dynabolt, chemset, bolt or fixing",accepted_pending_review,"Bonded and mechanical anchors develop resistance differently and have distinct substrate, edge, hole-cleaning, orientation and installation requirements. Trade or proprietary names can hide the mechanism.",AU-AN-M12-CHEMICAL-WALING-ANCHOR|AU-AN-M12-MECHANICAL-WALING-ANCHOR|AU-AN-WALING-PLATE-FASTENER-GROUP,SRC-ABCB-HP-DECK-WALING,Select the anchor mechanism explicitly and require product capacity evidence for the actual filled-masonry substrate and orientation.
TERM-227,AS/NZS 2918:2018 for NCC 2022 and AS/NZS 2918:2026 as its published successor,"current wood-heater standard, latest AS 2918 or AS/NZS 2918",accepted_pending_review,The 2026 successor does not silently replace the 2018 edition directly called up by NCC 2022 Housing Provisions. Mixing edition numbers breaks the evidence chain for appliance and flue installation.,AU-AN-SOLID-FUEL-HEATING-SYSTEM|AU-AN-FREESTANDING-WOOD-HEATER-ASSEMBLY|AU-AN-SOLID-FUEL-FLUE-SYSTEM,SRC-ABCB-HP-HEATING-APPLIANCES|SRC-SA-AS-NZS-2918-2018|SRC-SA-AS-NZS-2918-2026,Record the exact standard edition on every appliance and flue installation result and change it only through an explicit code or project decision.
TERM-228,open-fireplace front hearth and wood-heater floor protector according to appliance type,"hearth, hearth pad, floor shield or non-combustible base",accepted_pending_review,"Both protect the floor, but an open masonry fireplace hearth is part of a mass masonry assembly while a freestanding heater can use a tested layered floor protector with product-specific extent and thermal performance.",AU-AN-FIREPLACE-FRONT-HEARTH|AU-AN-WOOD-HEATER-FLOOR-PROTECTOR|AU-AN-OPEN-MASONRY-FIREPLACE-ASSEMBLY,SRC-ABCB-HP-HEATING-APPLIANCES|SRC-HEATCHARM-WOOD-HEATER-INSTALL,"Choose the hearth object from the fire source and installation path, then generate its real layers and supported extent."
TERM-229,"masonry chimney, active flue and outer flue casing as distinct objects","chimney, flue, flue pipe, chimney pipe or triple skin",accepted_pending_review,A masonry chimney is a loadbearing shaft; the active flue carries combustion gases; surrounding casings or insulation control surface temperature. Treating them as one pipe hides load and clearance relationships.,AU-AN-MASONRY-CHIMNEY-ASSEMBLY|AU-AN-ACTIVE-INNER-FLUE-PIPE|AU-AN-FLUE-INTERMEDIATE-CASING|AU-AN-FLUE-OUTER-CASING,SRC-ABCB-HP-HEATING-APPLIANCES|SRC-FLOMET-WOOD-HEATER-FLUE-KIT,Generate each flue-system skin and annular space from one tested system and keep masonry chimneys as a separate structural assembly.
TERM-230,ventilated wall-shield assembly and clearance constraint,"heat shield, fireproof sheet, clearance reducer or wall protector",accepted_pending_review,"The sheet, spacers and open air path are physical; the allowed appliance separation is a result of the selected tested or prescribed construction. Drawing only a sheet does not create the shield performance.",AU-AN-WOOD-HEATER-WALL-SHIELD-ASSEMBLY|AU-AN-WOOD-HEATER-WALL-SHIELD-SHEET|AU-AN-WOOD-HEATER-SHIELD-SPACER,SRC-ABCB-HP-HEATING-APPLIANCES|SRC-HEATCHARM-WOOD-HEATER-INSTALL,"Generate sheet, standoffs and open lower, upper and side air path, then evaluate appliance clearance separately."
TERM-231,bushfire attack level as project metadata and bushfire-resisting construction as physical objects,"BAL wall, BAL material, BAL house or fireproof construction",accepted_pending_review,"BAL describes assessed exposure, not a material. Complete walls, roofs, openings, decks and junctions respond to it through a selected pathway; no object becomes suitable merely by attaching a BAL label.",AU-AN-BUSHFIRE-RESISTING-ENVELOPE-SYSTEM|AU-AN-EMBER-PROTECTION-SYSTEM,SRC-ABCB-V2-H7-ANCILLARY|SRC-ABCB-BUSHFIRE-VERIFICATION-HANDBOOK-2022,Store BAL and exposure inputs at project and element-evidence level while drawing the actual construction and junctions.
TERM-232,AS 3959 pathway or NASH NS300 pathway selected explicitly,"NCC bushfire detail, steel-frame BAL detail or combined bushfire standard",accepted_pending_review,NCC Volume Two offers alternative construction paths. Picking the easiest provision from each can create a hybrid that neither standard supports.,AU-AN-BUSHFIRE-RESISTING-ENVELOPE-SYSTEM,SRC-ABCB-V2-H7-ANCILLARY|SRC-NASH-NS300-2021|SRC-ASI-BUSHFIRE-DESIGN,Lock the project construction path before selecting bushfire details and keep all element evidence linked to that path.
TERM-233,ember-protection mesh with verified material and aperture,"flyscreen, insect mesh, security mesh, spark mesh or BAL mesh",accepted_pending_review,"Screens may differ in metal, aperture, frame, edge gaps, corrosion and tested role. A product described only as mesh cannot be assumed to restrict embers or resist radiant heat.",AU-AN-BUSHFIRE-EMBER-MESH|AU-AN-BUSHFIRE-WINDOW-SCREEN|AU-AN-BUSHFIRE-SCREEN-DOOR,SRC-SA-AS-3959-2018|SRC-SA-BUSHFIRE-HANDBOOKS-2026,"Store screen product, metal, aperture, open area, frame, edge seal and evidence; keep common mesh names as search aliases only."
TERM-234,gutter ember guard only when the complete roof-edge product has bushfire evidence,"leaf guard, gutter mesh, gutter cover or ember guard",accepted_pending_review,"A leaf guard can reduce debris but may use unsuitable combustible material, larger apertures or incomplete edge closures. Similar appearance does not establish ember protection.",AU-AN-BUSHFIRE-GUTTER-EMBER-GUARD|AU-RD-GUTTER-GUARD,SRC-SA-AS-3959-2018|SRC-SA-BUSHFIRE-HANDBOOKS-2026,"Reuse the general gutter-guard geometry only after attaching verified bushfire material, aperture, edges, fixings and maintenance evidence."
TERM-235,Class 10c private bushfire shelter,"bunker, cellar, safe room, fire refuge or underground room",accepted_pending_review,"The trade word bunker and ordinary cellar language can imply safety without the H7P6 performance solution, tenability, access, structural and maintenance evidence required for a Class 10c shelter.",AU-AN-PRIVATE-BUSHFIRE-SHELTER-ASSEMBLY|AU-AN-IN-GROUND-BUSHFIRE-SHELTER|AU-AN-ABOVE-GROUND-BUSHFIRE-SHELTER,SRC-ABCB-V2-H7-ANCILLARY|SRC-ABCB-PRIVATE-BUSHFIRE-SHELTER-STANDARD,Use bunker and cellar only as search terms and require Class 10c classification and approved performance-solution evidence before any safety claim.
TERM-236,"private bushfire-shelter performance-solution object library, not a compliant template","standard bushfire bunker, approved shelter design or NCC shelter kit",accepted_pending_review,"NCC Volume Two and the Housing Provisions contain no Deemed-to-Satisfy path for H7P6, and the ABCB performance standard is not a prescriptive acceptable design.",AU-AN-PRIVATE-BUSHFIRE-SHELTER-ASSEMBLY|AU-AN-BUSHFIRE-SHELTER-STRUCTURAL-SHELL|AU-AN-BUSHFIRE-SHELTER-ACCESS-ASSEMBLY|AU-AN-BUSHFIRE-SHELTER-VENTILATION-ASSEMBLY,SRC-ABCB-V2-H7-ANCILLARY|SRC-ABCB-PRIVATE-BUSHFIRE-SHELTER-STANDARD,"Limit future tools to documenting engineer-selected parts, inputs and evidence; never offer a one-click compliant shelter."
TERM-237,engineered bushfire-shelter protective door or hatch,"fire door, bunker door, steel door or cellar hatch",accepted_pending_review,"A conventional building fire-door rating or steel plate does not prove resistance to the shelter's combined thermal, pressure, debris, leakage and emergency-operability conditions.",AU-AN-BUSHFIRE-SHELTER-DOOR-OR-HATCH|AU-AN-BUSHFIRE-SHELTER-DOOR-LEAF|AU-AN-BUSHFIRE-SHELTER-MULTIPOINT-LATCH|AU-AN-BUSHFIRE-SHELTER-DOOR-SEAL,SRC-ABCB-PRIVATE-BUSHFIRE-SHELTER-STANDARD,"Treat leaf, frame, latches, seals, opening direction and internal release as one engineered system with event-specific evidence."
TERM-238,"occupant capacity, maximum occupancy period and tenability results as approved metadata","number of seats, room area, safe duration or bunker capacity",accepted_pending_review,"Floor area and seats alone do not establish breathable air, temperature, humidity, carbon-dioxide, smoke or egress conditions. The values are results of the complete performance design.",AU-AN-PRIVATE-BUSHFIRE-SHELTER-ASSEMBLY|AU-AN-BUSHFIRE-SHELTER-INTERNAL-CAPACITY-SIGN|AU-AN-BUSHFIRE-SHELTER-VENTILATION-ASSEMBLY|AU-AN-BUSHFIRE-SHELTER-AIR-QUALITY-UNIT,SRC-ABCB-V2-H7-ANCILLARY|SRC-ABCB-PRIVATE-BUSHFIRE-SHELTER-STANDARD,"Import approved capacity, duration and tenability evidence and display it on the internal sign without calculating it from geometry alone."
TERM-239,cold-water service and drinking-water service according to temperature and permitted use,"cold water, mains water, potable water or drinking water",accepted_pending_review,"Cold describes a service that is not intentionally heated; drinking describes approved use and water-contact requirements. Rainwater or another alternative source can sometimes supply either category, so the terms are not interchangeable.",AU-PL-COLD-WATER-SERVICE|AU-PL-DRINKING-WATER-SERVICE|AU-PL-ALTERNATIVE-DRINKING-WATER-SERVICE,SRC-ABCB-V3-B1-COLD-WATER|SRC-ABCB-V3-B6-RAINWATER-SERVICE,"Store source, intended use and service temperature separately, then select products and outlets from all three fields."
TERM-240,non-drinking-water service and rainwater service as separate NCC service families,"non-potable, recycled, alternative, tank or rain water",accepted_pending_review,"NCC Volume Three treats non-drinking water under Part B3 and rainwater services under Part B6. A rainwater pipe may serve approved drinking uses in some projects, while recycled water is not automatically rainwater.",AU-PL-NONDRINKING-WATER-SERVICE|AU-PL-RAINWATER-SERVICE|AU-PL-ALTERNATIVE-DRINKING-WATER-SERVICE,SRC-ABCB-V3-B3-NONDRINKING|SRC-ABCB-V3-B6-RAINWATER-SERVICE|SRC-NSW-HEALTH-RAINWATER,Require an explicit source and permitted-use selection instead of inferring safety from pipe colour or the word tank.
TERM-241,sanitary plumbing upstream and sanitary drainage downstream of the defined connection boundary,"waste pipe, sewer pipe, house drain or DWV system",accepted_pending_review,"Sanitary plumbing and sanitary drainage can use similar pipes but have different regulatory extents, layout rules, supports, access and burial conditions. One continuous model run still needs a recorded boundary node.",AU-DR-SANITARY-PLUMBING-SYSTEM|AU-DR-SANITARY-DRAINAGE-SYSTEM|AU-DR-FIXTURE-DISCHARGE-PIPE|AU-DR-GRADED-SANITARY-DRAIN,SRC-ABCB-V3-C1-SANITARY-PLUMBING|SRC-ABCB-V3-C2-SANITARY-DRAINAGE,Create an explicit plumbing-to-drainage connection object or node when a future route crosses the regulatory boundary.
TERM-242,heated-water service upstream and tempered-water service downstream of a temperature-control device,"hot water, warm water, tempered water or hot-water line",accepted_pending_review,"A stored or distributed heated-water circuit can be hotter than water delivered at selected personal-hygiene outlets. Tempered water describes the controlled downstream branch, not the complete heater circuit.",AU-PL-HEATED-WATER-SERVICE|AU-PL-TEMPERED-WATER-SERVICE|AU-PL-TEMPERING-VALVE|AU-PL-THERMOSTATIC-MIXING-VALVE,SRC-ABCB-V3-B2-HEATED-WATER|SRC-ABCB-WATERMARK-VALVES-GENERAL,Split the route at the actual mixing or limiting device and tag only its controlled outlet branches as tempered.
TERM-243,water heater for the appliance and heated-water service for the complete connected system,"hot-water system, HWS, cylinder, tank or heater",accepted_pending_review,"Calling the whole system a heater hides inlet controls, relief paths, temperature control, circulation, pipe insulation and drainage. Calling a storage vessel a complete system hides its heat source and valves.",AU-PL-WATER-HEATER-ASSEMBLY|AU-PL-HEATED-WATER-SERVICE|AU-PL-STORAGE-WATER-HEATER|AU-PL-HOT-WATER-STORAGE-CYLINDER,SRC-ABCB-V3-B2-HEATED-WATER|SRC-RHEEM-WATER-HEATER-INSTALL,"Generate the appliance, connected valves, relief drains and distribution as separate selectable objects within one system assembly."
TERM-244,pressure-reducing valve and pressure-relief valve according to flow function,"PRV, pressure valve or regulator",accepted_pending_review,"PRV is used for two very different devices: one throttles downstream supply pressure, while the other opens to discharge excessive pressure. Substituting one for the other creates a dangerous hydraulic model.",AU-PL-PRESSURE-REDUCING-VALVE|AU-PL-PRESSURE-LIMITING-VALVE|AU-PL-TEMPERATURE-PRESSURE-RELIEF-VALVE,SRC-ABCB-WATERMARK-VALVES-GENERAL|SRC-ABCB-V3-B2-HEATED-WATER,Do not accept PRV as a final selection; ask whether the device controls supply pressure or discharges excess pressure.
TERM-245,"check valve, dual-check valve and double-check-valve assembly as distinct devices","non-return valve, check, dual check, double check or DCV",accepted_pending_review,"The names can sound equivalent but differ in element count, testability, isolation, certification and permitted backflow-protection role. A generic flap symbol cannot establish the assembly type.",AU-PL-DUAL-CHECK-BACKFLOW-VALVE|AU-PL-DOUBLE-CHECK-BACKFLOW-VALVE|AU-PL-DUAL-CHECK-ATMOSPHERIC-PORT-VALVE,SRC-ABCB-V3-SPEC41-BACKFLOW|SRC-ABCB-WATERMARK-BACKFLOW-VALVES,"Store full certified device designation, testability and selected protection role instead of normalising every item to check valve."
TERM-246,reduced-pressure-zone backflow device,"RPZD, RPZ valve, pressure reducer or pressure-zone valve",accepted_pending_review,An RPZD is a testable backflow-protection assembly with checks and an intermediate relief zone. It is not a pressure-reducing supply valve despite similar initials and words.,AU-PL-REDUCED-PRESSURE-ZONE-DEVICE|AU-PL-PRESSURE-REDUCING-VALVE|AU-PL-BACKFLOW-PROTECTION-SYSTEM,SRC-ABCB-V3-SPEC41-BACKFLOW|SRC-ABCB-WATERMARK-BACKFLOW-VALVES,Keep RPZD search aliases tied only to the backflow assembly and reserve pressure reducer for downstream-pressure control.
TERM-247,"air gap, air break and tundish according to the physical separation and visibility required","open drain, indirect waste, break, gap or tundish",accepted_pending_review,"An air gap is an unobstructed vertical separation, an air break is a different indirect connection arrangement, and a tundish is a receiving fitting that can make discharge visible. Similar open geometry does not make them interchangeable.",AU-PL-REGISTERED-AIR-GAP|AU-PL-WATER-SERVICE-BREAK-TANK|AU-PL-RELIEF-DRAIN-TUNDISH,SRC-ABCB-V3-B5-BACKFLOW|SRC-ABCB-WATERMARK-SCHEDULE,"Generate the named separation and its spill, overflow and drainage envelope from the selected connection purpose."
TERM-248,water-heater relief drain and safe-tray drain as separate discharge paths,"overflow pipe, relief pipe, drain line or tray pipe",accepted_pending_review,"A relief drain carries deliberate valve discharge; a safe-tray drain carries leakage collected around the appliance. Combining them can hide a leaking heater, obstruct relief flow or defeat visible discharge.",AU-PL-RELIEF-VALVE-DRAIN-LINE|AU-PL-WATER-HEATER-SAFE-TRAY|AU-PL-SAFE-TRAY-DRAIN-PIPE,SRC-ABCB-V3-B2-HEATED-WATER|SRC-RHEEM-WATER-HEATER-INSTALL,Route each path from its actual source to its approved termination and preserve visible outlets where required.
TERM-249,"rainwater storage system, rainwater service and alternative drinking-water service according to role","tank water, rainwater system, rainwater harvesting or private supply",accepted_pending_review,"The tank is storage, the rainwater service distributes stored roof water, and an approved alternative drinking-water path includes source treatment and drinking-water product requirements. Tank water alone establishes none of those uses.",AU-PL-RAINWATER-STORAGE-SYSTEM|AU-PL-RAINWATER-SERVICE|AU-PL-ALTERNATIVE-DRINKING-WATER-SERVICE,SRC-ABCB-V3-B6-RAINWATER-SERVICE|SRC-ABCB-V3-B7-RAINWATER-STORAGE|SRC-NSW-HEALTH-RAINWATER,"Ask separately for storage role, water source, treatment and every permitted outlet use."
TERM-250,"rainwater reuse tank, stormwater detention tank and combined tank with explicit compartment or outlet roles","stormwater tank, rain tank, detention tank or retention tank",accepted_pending_review,"Reuse storage holds water for a service; detention storage temporarily controls discharge; retention can mean different things locally. One vessel can combine roles only when its levels, outlets and reserved volumes are explicit.",AU-PL-RAINWATER-STORAGE-SYSTEM|AU-SC-STORMWATER-TANK|AU-PL-RAINWATER-TANK-OVERFLOW,SRC-ABCB-V3-B7-RAINWATER-STORAGE|SRC-NSW-HEALTH-RAINWATER,"Represent each storage volume, inlet and outlet role instead of choosing the tank type from its external shape."
TERM-251,"sanitary stack, vent stack and stack vent as three distinct pipe roles","soil stack, waste stack, main vent or vented stack",accepted_pending_review,A sanitary stack carries discharge; a vent stack is a separate vent-only riser; a stack vent is the continuation of a discharge stack above its highest connection. Reversed word order changes the object.,AU-DR-SANITARY-STACK|AU-DR-VENT-STACK|AU-DR-STACK-VENT,SRC-ABCB-V3-C1-SANITARY-PLUMBING|SRC-VINIDEX-DWV-SYSTEMS,Store the discharge or vent role along every pipe segment and split it where the stack becomes its vent continuation.
TERM-252,"drain, waste and vent as service roles rather than a single pipe identity","DWV pipe, sewer pipe, PVC waste or vent pipe",accepted_pending_review,"One product family can be installed as a fixture waste, graded drain or air vent. The route, grade, connection rules and contents come from the assigned role, not from the letters DWV on the pipe.",AU-DR-DWV-PIPE|AU-DR-FIXTURE-DISCHARGE-PIPE|AU-DR-GRADED-SANITARY-DRAIN|AU-DR-BRANCH-VENT-PIPE,SRC-ABCB-V3-C1-SANITARY-PLUMBING|SRC-ABCB-V3-C2-SANITARY-DRAINAGE|SRC-VINIDEX-DWV-SYSTEMS,Make service role mandatory for each DWV run and use material or product series as a separate selection.
TERM-253,floor waste within the floor assembly and gully within sanitary drainage,"floor drain, waste, gully, grate or trap",accepted_pending_review,"A floor waste receives surface or fixture discharge inside a floor system; an external drainage gully is a trapped drainage node with different level, overflow, surround and connection roles.",AU-WP-FLOOR-WASTE-ASSEMBLY|AU-DR-DISCONNECTOR-GULLY|AU-DR-OVERFLOW-RELIEF-GULLY,SRC-ABCB-V3-C1-SANITARY-PLUMBING|SRC-ABCB-V3-C2-SANITARY-DRAINAGE,"Choose from host and function: wet-area floor assembly, external disconnector, or surcharge relief point."
TERM-254,overflow relief gully for the deliberate external surcharge-relief point,"ORG, overflow, gully, floor waste or sewer relief",accepted_pending_review,The ORG function depends on its grate elevation relative to fixtures and a clear external overflow route. A trapped grate that looks identical can be only a disconnector gully and a floor waste cannot automatically replace it.,AU-DR-OVERFLOW-RELIEF-GULLY|AU-DR-DISCONNECTOR-GULLY|AU-WP-FLOOR-WASTE-ASSEMBLY,SRC-ABCB-V3-C2-SANITARY-DRAINAGE,Calculate and display the level relationship and keep the relief grate and surrounding flow path unobstructed.
TERM-255,boundary trap for air separation and backwater valve for reverse-flow closure,"reflux trap, sewer trap, non-return valve or boundary valve",accepted_pending_review,A boundary trap maintains a water seal between property and sewer air spaces; a backwater valve closes mechanically under reverse flow. They solve different problems and have different maintenance consequences.,AU-DR-BOUNDARY-TRAP|AU-DR-BACKWATER-VALVE,SRC-ABCB-V3-C2-SANITARY-DRAINAGE|SRC-ABCB-WATERMARK-SCHEDULE,"Ask whether the design needs air disconnection, surcharge protection or both, then retain authority requirements as metadata."
TERM-256,septic tank for the primary-treatment vessel and onsite wastewater system for the complete property arrangement,"septic system, septic, treatment tank or disposal system",accepted_pending_review,"A septic tank only settles and stores solids. The complete system also needs inlet drainage, downstream treatment where selected, dosing, land application, access and ongoing servicing.",AU-DR-SEPTIC-TANK-ASSEMBLY|AU-DR-PRIMARY-WASTEWATER-TREATMENT-SYSTEM|AU-DR-ONSITE-WASTEWATER-MANAGEMENT-SYSTEM|AU-DR-EFFLUENT-LAND-APPLICATION-SYSTEM,SRC-ABCB-V3-C3-ONSITE-WASTEWATER|SRC-NSW-OWM-GUIDELINES-2026,Treat septic tank selection as one node in the full source-to-soil hydraulic path.
TERM-257,secondary treatment system as the broad class and AWTS only for an aerated system,"STS, AWTS, aerobic system, treatment plant or bio system",accepted_pending_review,"Secondary treatment can use several technologies; AWTS specifically relies on supplied aeration and has characteristic blowers, diffusers and controls. Using AWTS for every plant invents physical components.",AU-DR-SECONDARY-WASTEWATER-TREATMENT-SYSTEM|AU-DR-AERATED-WASTEWATER-TREATMENT-SYSTEM|AU-DR-AWTS-AIR-BLOWER|AU-DR-AWTS-AIR-DIFFUSER,SRC-WA-HEALTH-SECONDARY-TREATMENT|SRC-NSW-HEALTH-AWTS-CERTIFICATE,"Select the certified process family before instantiating aeration, media, clarification or disinfection components."
TERM-258,"greywater from selected bath, shower, basin and laundry sources; blackwater or sewage for toilet and contaminated wastewater","wastewater, sullage, recycled water, grey water or household waste",accepted_pending_review,"Source classification controls whether diversion or treatment equipment is permitted. Greywater is not already recycled water, and kitchen or toilet discharges cannot be assigned by pipe colour alone.",AU-DR-GREYWATER-DIVERSION-ASSEMBLY|AU-DR-GREYWATER-TREATMENT-SYSTEM|AU-DR-SANITARY-PLUMBING-SYSTEM,SRC-NSW-HEALTH-ONSITE-WASTEWATER|SRC-NSW-OWM-GUIDELINES-2026,Require every diverted branch to identify its source fixtures and keep a fail-safe sanitary-drainage path.
TERM-259,"effluent absorption trench with its pipe, aggregate or arch, separator and soil cover","leach drain, soakage trench, absorption bed, septic trench or rubble drain",accepted_pending_review,"The legacy names can hide whether the system is for wastewater or stormwater and whether it uses aggregate, chambers, pressure distribution or gravity. The physical layers and approved effluent class must be explicit.",AU-DR-EFFLUENT-ABSORPTION-TRENCH|AU-DR-TRENCH-DISTRIBUTION-PIPE|AU-DR-ABSORPTION-TRENCH-AGGREGATE|AU-DR-ABSORPTION-TRENCH-ARCH,SRC-NSW-OWM-GUIDELINES-2026,"Generate the trench type and every material layer, then keep soil loading and setback approval as linked metadata."
TERM-260,"treatment capacity, effluent quality, hazard rating and hydraulic duty as evidence metadata","compliant tank, high-hazard valve, treatment-volume solid or certified pump shape",accepted_pending_review,"Capacities and performance classifications are not extra physical solids. They result from selected products, complete systems, operating assumptions, approvals and testing, and cannot be inferred from approximate SketchUp volume.",AU-PL-BACKFLOW-PROTECTION-SYSTEM|AU-DR-ONSITE-WASTEWATER-MANAGEMENT-SYSTEM|AU-DR-SECONDARY-WASTEWATER-TREATMENT-SYSTEM|AU-DR-TREATED-EFFLUENT-PUMP,SRC-ABCB-V3-SPEC41-BACKFLOW|SRC-NSW-HEALTH-AWTS-CERTIFICATE|SRC-NSW-OWM-GUIDELINES-2026,"Draw the selected physical carrier and import its certified performance, duty and approval values without calculating compliance from geometry."
TERM-261,AS/NZS 3500:2021 series for the NCC 2022 national call-up and the 2025 series only where adopted or selected explicitly,"current plumbing standard, latest AS 3500 or AS/NZS 3500",accepted_pending_review,The 2025 editions are published successors but do not silently replace the 2021 editions called up nationally by NCC 2022 Amendment 2. Jurisdictions can adopt the new series on different dates and with variations.,AU-PL-BUILDING-WATER-SERVICES-SYSTEM|AU-DR-SANITARY-PLUMBING-SYSTEM|AU-DR-SANITARY-DRAINAGE-SYSTEM,SRC-ABCB-V3-REFERENCED-DOCS|SRC-SA-ASNZS3500-2025-SPOTLIGHT|SRC-BPC-VIC-ASNZS3500-2025,"Store jurisdiction, approval date, code pathway and exact standard edition on every generated hydraulic design."
TERM-262,WaterMark and Lead Free WaterMark as product-evidence fields,"WaterMarked object, lead-free geometry, certified valve or approved pipe",accepted_pending_review,The marks are evidence attached to selected products; they are not separate building objects and cannot be proven by appearance. Lead-free requirements apply to relevant copper-alloy products conveying drinking water from 1 May 2026.,AU-PL-BUILDING-WATER-SERVICES-SYSTEM|AU-PL-DRINKING-WATER-SERVICE|AU-PL-PRESSURE-PIPE-FITTING,SRC-ABCB-WATERMARK-SCHEDULE|SRC-ABCB-LEAD-FREE-PLUMBING,"Attach certification identifiers, scope and lead-free evidence to product instances while keeping geometry generic until a product is selected."
TERM-263,electrical installation for the fixed connected system and fixed equipment for a selected connected item,"electrics, wiring, appliance or electrical object",accepted_pending_review,"An electrical installation is the coordinated fixed system, not one cable or appliance. A portable appliance is generally outside the building-member ontology unless its installed connection or spatial interface is being modelled.",AU-EL-DOMESTIC-ELECTRICAL-INSTALLATION|AU-EL-FIXED-APPLIANCE-CONNECTION-SYSTEM,SRC-NSW-ELECTRICAL-STANDARDS|SRC-SA-ASNZS3000-METADATA,"Require tools to choose system, fixed equipment, connection assembly or portable product scope explicitly."
TERM-264,"consumer mains, submain and final subcircuit as distinct circuit roles","mains cable, feed, circuit or house wire",accepted_pending_review,"The three terms describe different positions in the distribution tree. Treating every feeder as a final circuit loses switchboard boundaries, ownership, protection and cable-sizing context.",AU-EL-CONSUMER-MAINS|AU-EL-SUBMAIN|AU-EL-FINAL-SUBCIRCUIT,SRC-SA-ASNZS3000-METADATA|SRC-NSW-SERVICE-INSTALLATION-RULES-2026,"Generate the distribution tree first, then assign each cable run its exact circuit role and endpoints."
TERM-265,network service line on the distributor side and consumer mains on the installation side,power mains or service cable,accepted_pending_review,The physical ownership and boundary can change by network and jurisdiction. The two cable paths must not be merged simply because both bring supply toward the meter or switchboard.,AU-EL-SUPPLY-CONNECTION-ASSEMBLY|AU-EL-CONSUMER-MAINS,SRC-NSW-SERVICE-INSTALLATION-RULES-2026,"Store distributor, network boundary, ownership and actual endpoints on every service instance."
TERM-266,"meter enclosure, switchboard and electricity meter as separate objects","meter box, fuse box, power box or board",accepted_pending_review,"A common cabinet can contain metering and switchboard sections, but the enclosure, panel, revenue meter and switching equipment are different replaceable and owned parts.",AU-EL-METERING-MAIN-SWITCHBOARD-ASSEMBLY|AU-EL-METER-ENCLOSURE|AU-EL-MAIN-SWITCHBOARD|AU-EL-ELECTRICITY-METER,SRC-HAGER-RESIDENTIAL-METERBOXES|SRC-NSW-SERVICE-INSTALLATION-RULES-2026,"Allow one combined cabinet while retaining distinct containment, metering and switchboard components."
TERM-267,"RCD as the protective function, with RCCB, RCBO and MCB kept as distinct device types","safety switch, breaker or RCD breaker",accepted_pending_review,RCCBs provide residual-current protection without integral overcurrent protection; RCBOs combine both; MCBs provide overcurrent protection but are not RCDs. Trade language often hides the difference.,AU-EL-MCB|AU-EL-RCCB|AU-EL-RCBO,SRC-HAGER-RESIDENTIAL-RCBO|SRC-SA-ASNZS3000-METADATA,Require protective functions and device construction as separate attributes before selecting geometry.
TERM-268,"MEN link, neutral link and earth bar as separate switchboard connectors","earth link, neutral bar or grounding bar",accepted_pending_review,These conductors and terminal bars have different roles even when mounted close together. Merging them can create an electrically impossible switchboard model.,AU-EL-MEN-LINK|AU-EL-EARTH-BAR,SRC-ESV-MEN-EARTHING|SRC-SA-ASNZS3000-METADATA,Generate each bar or link from the selected earthing arrangement and keep its connected conductors explicit.
TERM-269,socket-outlet installation for the whole installed point and socket mechanism for the contact component,"power point, GPO, outlet, socket or plug point",accepted_pending_review,"Australian trade terms can refer to the visible plate, one socket mechanism or the complete installed point. A drawing tool must know whether it is placing the assembly, plate, mechanism, box or circuit.",AU-EL-SOCKET-OUTLET-INSTALLATION|AU-EL-SOCKET-OUTLET-ASSEMBLY|AU-EL-SOCKET-MECHANISM,SRC-CLIPSAL-HOUSEHOLD-SELECTION|SRC-QLD-ASNZS3112-2025,"Use the complete installation as the placement tool and expose mechanisms, plate and box as editable parts."
TERM-270,switch for normal control and isolator or switch-disconnector for the documented isolation function,"switch, shut-off, isolation switch or disconnect",accepted_pending_review,"A wall switch, circuit breaker, main switch and local isolator are not interchangeable even when each has an on-off handle.",AU-EL-WALL-SWITCH-MECHANISM|AU-EL-MAIN-SWITCH|AU-EL-APPLIANCE-ISOLATOR|AU-EL-WEATHERPROOF-ISOLATOR,SRC-HAGER-MAIN-SWITCHGEAR|SRC-CLIPSAL-HOUSEHOLD-SELECTION|SRC-SA-ASNZS3000-METADATA,"Store control, protection and isolation functions before assigning device families or symbols."
TERM-271,junction box for cable connections and mounting box or bracket for an accessory support,"electrical box, wall box, J-box or adaptable box",accepted_pending_review,"Boxes can look similar but have different openings, covers, loads and access needs. A box behind a power point is not automatically a junction box.",AU-EL-JUNCTION-BOX|AU-EL-SOCKET-OUTLET-INSTALLATION|AU-EL-LIGHT-SWITCH-INSTALLATION,SRC-CLIPSAL-MOUNTING-ACCESSORIES|SRC-HAGER-WEATHERPROOF-ELECTRICAL,"Select boxes from their role, host, cover and service-access requirements rather than outline alone."
TERM-272,"cable as conductor assembly, conduit as closed pathway and trunking or tray as separate containment systems","wire, pipe, duct, raceway or cable tray",accepted_pending_review,"The terms describe different physical layers. Treating the cable centreline as conduit geometry loses fill, bends, fittings, supports and access covers.",AU-EL-RIGID-PVC-CONDUIT|AU-EL-CABLE-TRUNKING|AU-EL-CABLE-TRAY|AU-EL-CABLE-SHEATH,SRC-LEGRAND-CABLE-MANAGEMENT|SRC-OLEX-CABLE-HANDBOOK-2017|SRC-SA-ASNZS3000-METADATA,Route cables and containment as linked but independently drawable runs with separate fittings and supports.
TERM-273,"low voltage and extra-low voltage as electrical classifications, not casual descriptions","low-voltage cable, data voltage, mains voltage or safe voltage",research_required,"In everyday speech 230 V is called high voltage, but Australian electrical classifications use technical boundaries. Communications and control circuits also need their actual separation and power source recorded.",AU-EL-DOMESTIC-ELECTRICAL-INSTALLATION|AU-EL-COMMUNICATIONS-CABLING-SYSTEM,SRC-SA-ASNZS3000-METADATA|SRC-ACMA-CABLING-STANDARDS,Use the exact current standard definitions in rule evaluation and keep friendly UI wording separate from electrical classification.
TERM-274,"lighting point, luminaire and lamp as separate levels","light, light fitting, globe or fixture",accepted_pending_review,A lighting point is the installed connection and support location; the luminaire is the complete fitting; a replaceable lamp is only its light source. Integrated LED fittings may have no replaceable lamp.,AU-EL-LIGHTING-POINT|AU-EL-LUMINAIRE-ASSEMBLY|AU-EL-LAMP|AU-EL-INTEGRATED-LED-MODULE,SRC-CLIPSAL-RESIDENTIAL-LIGHTING|SRC-LEDVANCE-AU-LIGHTING-OVERVIEW,Let tools place a lighting point and then select luminaire construction and light-source anatomy.
TERM-275,"selected downlight product, optional physical guard and documented clearance or insulation-contact evidence","IC-rated object, downlight clearance box, heat shield or fire hood",accepted_pending_review,"An IC classification and clearance requirement are product evidence, not automatic solid geometry. A guard is a real optional product and must not be invented around every downlight.",AU-EL-RECESSED-LED-DOWNLIGHT|AU-EL-DOWNLIGHT-GUARD,SRC-SA-ELECTRICITY-SECTOR-UPDATES-2026|SRC-CLIPSAL-RESIDENTIAL-LIGHTING,Import classification and clearance metadata from the selected luminaire and generate a guard only when the documented arrangement includes one.
TERM-276,lighting power density and control compliance as analysis results,"NCC light object, compliant lighting zone or wattage solid",accepted_pending_review,"Housing Provisions 13.7.6 regulates artificial-lighting energy through a calculation and controls, with a NSW deletion. The power-density limit is not a physical component.",AU-EL-FIXED-LIGHTING-INSTALLATION|AU-EL-LIGHTING-POINT,SRC-ABCB-HP-ELECTRICAL-SERVICES|SRC-ABCB-HP-ELECTRICAL-SERVICES-NSW,"Draw luminaires and controls, then evaluate jurisdiction-specific energy rules from schedules and spaces."
TERM-277,"PCD or utility box, NTD or connection box, and router or gateway as distinct network layers","nbn box, modem, connection box or router",accepted_pending_review,"The external premises connection device, carrier network termination equipment and customer router have different ownership, cabling and power needs. Their forms also vary by access technology.",AU-EL-NBN-PREMISES-CONNECTION-DEVICE|AU-EL-NBN-NETWORK-TERMINATION-DEVICE|AU-EL-WIFI-ROUTER-GATEWAY,SRC-NBN-RESIDENTIAL-PREPARATION-2025,"Ask for access technology and installed equipment, then model carrier-owned and customer-owned layers separately."
TERM-278,"data outlet, telephone outlet and coaxial television outlet as separate connector systems","communications point, network point, phone point or TV point",accepted_pending_review,Similar faceplates can hold electrically and mechanically incompatible mechanisms. The visible plate cannot determine the service or cable behind it.,AU-EL-DATA-OUTLET-ASSEMBLY|AU-EL-TELEPHONE-OUTLET-ASSEMBLY|AU-EL-COAXIAL-TV-OUTLET-ASSEMBLY,SRC-CLIPSAL-HOUSEHOLD-SELECTION|SRC-ACMA-CABLING-STANDARDS,"Store connector, cable medium, category or frequency role and tested service for every communications outlet."
TERM-279,photovoltaic module for electricity generation and solar thermal collector for heat,solar panel,accepted_pending_review,Solar panel is common but ambiguous. PV modules contain cells and electrical leads; solar hot-water collectors contain fluid or heat-transfer paths and belong to a different system.,AU-EL-PV-MODULE,SRC-ENERGY-GOV-AU-SOLAR-INSTALLATION|SRC-SA-PV-5033-2021,Ask whether the object generates electricity or heat before selecting its catalogue family.
TERM-280,"PV module, string and array as distinct nested assemblies","panel string, solar bank, row or array",accepted_pending_review,A string is a series electrical circuit and can cross geometric rows; an array is the broader connected generating group. Visual row geometry alone cannot establish string topology.,AU-EL-PV-MODULE|AU-EL-PV-STRING|AU-EL-PV-ARRAY,SRC-SA-PV-5033-2021|SRC-SA-PV-5033-SPOTLIGHT,"Keep module placement, racking rows and electrical string membership as linked but independent data."
TERM-281,"string inverter, microinverter, DC optimiser, battery inverter and hybrid inverter as separate device types","solar inverter, converter, optimiser or battery charger",accepted_pending_review,"The devices occupy different locations and have different DC, AC and battery connections. A hybrid inverter is not simply a string inverter with an assumed battery added.",AU-EL-PV-STRING-INVERTER|AU-EL-PV-MICROINVERTER|AU-EL-PV-DC-POWER-OPTIMISER|AU-EL-BATTERY-INVERTER|AU-EL-HYBRID-SOLAR-BATTERY-INVERTER,SRC-ENERGY-GOV-AU-INVERTERS|SRC-SA-INVERTER-4777-2024|SRC-FRONIUS-AU-SOLAR-INVERTER-GUIDE,"Select architecture before generating converter quantity, location, cabling and isolation."
TERM-282,"BESS for the complete installed system, battery unit for the product and battery module for an internal block","battery, home battery, battery pack or solar battery",accepted_pending_review,"The complete system also includes power conversion, controls, protection and sometimes backup switching. A module is not a safe stand-alone installation object.",AU-EL-BATTERY-ENERGY-STORAGE-SYSTEM|AU-EL-BESS-BATTERY-UNIT|AU-EL-BESS-BATTERY-MODULE,SRC-SA-BESS-5139-2019|SRC-ENERGY-GOV-AU-BATTERIES|SRC-TESLA-AU-HOME-BATTERY-COMPONENTS,"Place the system assembly, then expose product units, modules and supporting equipment only where that architecture uses them."
TERM-283,documented PV DC isolation or disconnection device at its actual location,mandatory rooftop DC isolator,accepted_pending_review,"AS/NZS 5033:2021 changed the former blanket rooftop-isolator approach. Some designs use other disconnection arrangements, and a generic tool must not insert a roof switch by default.",AU-EL-PV-DC-ISOLATION-DEVICE|AU-EL-GRID-CONNECTED-PV-SYSTEM,SRC-SA-PV-5033-2021|SRC-SA-PV-5033-SPOTLIGHT,"Generate only the isolation architecture documented for the project, inverter and jurisdiction."
TERM-284,EVSE for fixed supply equipment and onboard charger for vehicle conversion equipment,"EV charger, wallbox, charging point or car charger",accepted_pending_review,"The fixed wall or pedestal unit controls and supplies the connection, while the vehicle commonly contains the onboard AC charger. Everyday language calls both the charger.",AU-EL-EV-HOME-CHARGING-INSTALLATION|AU-EL-WALL-MOUNTED-EVSE|AU-EL-PEDESTAL-EVSE,SRC-ENERGY-GOV-AU-EV-HOME-CHARGING,"Use friendly UI wording but store EVSE form, mode, connector, circuit and vehicle interface explicitly."
TERM-285,"RCM, EESS registration and product certification as evidence fields","RCM object, certified charger, approved light or compliant appliance geometry",accepted_pending_review,Marks and registrations concern selected equipment and suppliers. They are not separate building solids and cannot be proven from a generic model shape.,AU-EL-LUMINAIRE-ASSEMBLY|AU-EL-WALL-MOUNTED-EVSE|AU-EL-NBN-POWER-SUPPLY-UNIT,SRC-EESS-RCM,"Attach evidence identifiers, responsible supplier and scope to product instances without claiming certification from appearance."
TERM-286,"exact electrical standard edition, amendment state, jurisdiction and adoption date","current Australian Standard, latest Wiring Rules or compliant to AS/NZS",accepted_pending_review,"Publication and legal adoption are different. AS/NZS 3008.1.1:2025 and AS/NZS 3112:2025 illustrate edition transitions, while state rules and network documents can apply on different dates.",AU-EL-DOMESTIC-ELECTRICAL-INSTALLATION|AU-EL-GRID-CONNECTED-PV-SYSTEM|AU-EL-BATTERY-ENERGY-STORAGE-SYSTEM,SRC-NSW-ELECTRICAL-STANDARDS|SRC-WA-CABLE-BATTERY-STANDARDS-2026|SRC-QLD-ASNZS3112-2025,"Persist standard designation, edition, amendments, jurisdictional instrument and project approval date on every rule result."
TERM-287,"clearances, ratings, calculations, network approval and test results as linked evidence or analysis","clearance solid, certified volume, compliant cable size or approved equipment shape",accepted_pending_review,"These values depend on selected products, circuits, environment, jurisdiction and verification. Approximate SketchUp geometry cannot establish them by itself.",AU-EL-DOMESTIC-ELECTRICAL-INSTALLATION|AU-EL-GRID-CONNECTED-PV-SYSTEM|AU-EL-BATTERY-ENERGY-STORAGE-SYSTEM|AU-EL-EV-HOME-CHARGING-INSTALLATION,SRC-SA-ASNZS3000-METADATA|SRC-SA-PV-5033-2021|SRC-SA-BESS-5139-2019|SRC-ENERGY-GOV-AU-EV-HOME-CHARGING,"Draw physical carriers and optionally display non-solid analysis overlays, while keeping compliance claims evidence-backed."
TERM-288,optional or legacy backup hardware only when selected or found in the existing installation,every nbn connection has battery backup or every home battery backs up the house,accepted_pending_review,"nbn stopped supplying new battery-backup units in June 2024, and BESS backup needs specific transfer equipment and load architecture. Neither backup path is universal.",AU-EL-NBN-BATTERY-BACKUP-UNIT|AU-EL-BESS-BACKUP-TRANSFER-EQUIPMENT|AU-EL-BATTERY-ENERGY-STORAGE-SYSTEM,SRC-NBN-RESIDENTIAL-PREPARATION-2025|SRC-TESLA-AU-HOME-BATTERY-COMPONENTS,"Ask whether backup is installed, what equipment performs it and which loads are supplied before drawing the arrangement."
TERM-289,"camera view, detector coverage and wireless coverage as analysis fields linked to physical devices","camera cone object, alarm coverage solid or Wi-Fi room object",accepted_pending_review,"The visible volume can be useful as an overlay, but it is not a building material and does not prove performance. Furniture, heat sources, radio attenuation, privacy and commissioning can change the result.",AU-EL-IP-SECURITY-CAMERA|AU-EL-ALARM-PIR-DETECTOR|AU-EL-WIRELESS-ACCESS-POINT,SRC-HIKVISION-AU-VIDEO-INTERCOM-2026|SRC-NESS-AU-RESIDENTIAL-ALARM-SYSTEMS|SRC-ACMA-CABLING-STANDARDS,"Offer optional analysis overlays and store assumptions, but exclude them from physical material quantities."
TERM-290,physical test tag linked to an inspection record,"tested object, safe tag or compliant lead",accepted_pending_review,"A tag is a physical label and historical record pointer. It does not itself prove present condition, correct test method or continuing safety.",AU-EL-ELECTRICAL-TEST-TAG|AU-EL-CONSTRUCTION-EXTENSION-LEAD|AU-EL-PORTABLE-RCD-UNIT,SRC-SA-ASNZS3012-SPOTLIGHT|SRC-SA-ASNZS3017-METADATA,"Model the tag only where needed and keep inspection date, method, result and inspector as separately verifiable evidence."
TERM-291,"single-split, multi-split or ducted reverse-cycle system according to the actual topology",split system or reverse-cycle system as one interchangeable object,accepted_pending_review,A single split has one indoor and one outdoor unit. A multi-split branches one outdoor unit to several indoor units. A ducted system uses a central fan coil and an air-distribution network. They can share refrigeration principles without sharing drawable parts or connection patterns.,AU-ME-SINGLE-SPLIT-AIR-CONDITIONING-SYSTEM|AU-ME-MULTI-SPLIT-AIR-CONDITIONING-SYSTEM|AU-ME-DUCTED-REVERSE-CYCLE-SYSTEM,SRC-MITSUBISHI-AU-RESIDENTIAL-AC|SRC-ENERGY-RATING-AIR-CONDITIONERS-65KW,"Ask for the equipment and connection topology before generating indoor units, branches or ducts."
TERM-292,outdoor unit for the complete reversible product and outdoor heat exchanger for the coil,condenser or condenser unit,accepted_pending_review,"Condenser is common trade language, but a reverse-cycle outdoor coil rejects heat in cooling and absorbs heat in heating. Calling the whole assembly a condenser can also hide its compressor, fan, valves, casing and controls.",AU-ME-OUTDOOR-CONDENSING-UNIT|AU-ME-OUTDOOR-HEAT-EXCHANGER-COIL,SRC-MITSUBISHI-AU-RESIDENTIAL-AC|SRC-ENERGY-GOV-AU-HEATING-COOLING,Accept condenser as search language but preserve complete-unit identity and current operating mode separately.
TERM-293,indoor heat exchanger or indoor unit according to the physical scope,evaporator or evaporator unit,accepted_pending_review,"The indoor coil evaporates refrigerant in cooling but can condense it in reverse-cycle heating. The indoor unit also contains a fan, filter, drain pan, casing and controls, so coil and unit are not synonyms.",AU-ME-INDOOR-AIR-CONDITIONING-UNIT|AU-ME-INDOOR-HEAT-EXCHANGER-COIL,SRC-MITSUBISHI-AU-RESIDENTIAL-AC|SRC-ENERGY-GOV-AU-HEATING-COOLING,Store coil role by operating mode and never substitute the internal coil for the complete indoor equipment object.
TERM-294,refrigerant fan-coil unit or hydronic fan-coil unit with the energy-transfer circuit stated,fan coil,accepted_pending_review,"Fan coil describes air moved over a coil, but the coil may contain direct-expansion refrigerant or heating and cooling water. Identical-looking casings can require completely different pipework, valves, safety data and controls.",AU-ME-DUCTED-FAN-COIL-UNIT|AU-ME-INDOOR-AIR-CONDITIONING-UNIT|AU-ME-HYDRONIC-HEATING-SYSTEM,SRC-TEMPERZONE-AIRCORE-DUCTED|SRC-MITSUBISHI-AU-RESIDENTIAL-AC|SRC-REHAU-AU-HYDRONIC,"Require the connected fluid and system type before selecting fittings, drains, valves or licences."
TERM-295,"refrigerant gas line and refrigerant liquid line for the tubes, paired refrigerant lines for the pair and service bundle for all grouped services","pair coil, line set, pipe pair or AC bundle",accepted_pending_review,"Trade terms can mean two insulated copper tubes, a factory twin tube product, or the whole capping route containing tubes, drain and cable. Gas and liquid are circuit roles and actual refrigerant phase varies with mode and location.",AU-ME-REFRIGERANT-GAS-PIPE|AU-ME-REFRIGERANT-LIQUID-PIPE|AU-ME-REFRIGERANT-PIPEWORK-ASSEMBLY|AU-ME-AIRCON-SERVICE-CAPPING,SRC-ARC-REFRIGERANT-CODE-2024|SRC-MITSUBISHI-AU-RESIDENTIAL-AC|SRC-POLYAIRE-HVAC-COMPONENTS,"Model each tube, its insulation and the optional capping or service bundle as separate nested objects."
TERM-296,HRV when heat transfer is established and ERV only when moisture or enthalpy transfer is established,"HRV, ERV, heat recovery and energy recovery as automatic synonyms",accepted_pending_review,"Both systems can have four ducts, two fans and a core. Moisture transfer depends on the selected core and declared product performance, not its box shape or the presence of heat recovery.",AU-ME-WHOLE-HOUSE-HEAT-RECOVERY-VENTILATION-SYSTEM|AU-ME-PACKAGED-HEAT-RECOVERY-VENTILATION-UNIT|AU-ME-AIR-TO-AIR-HEAT-RECOVERY-CORE,SRC-MITSUBISHI-AU-LOSSNAY|SRC-MITSUBISHI-AU-LOSSNAY-SPEC,Store sensible and latent transfer evidence independently and do not infer ERV behaviour from generic core geometry.
TERM-297,"grille, register and diffuser as distinct terminal forms","vent, grille, register, diffuser or outlet",accepted_pending_review,"Everyday usage merges these terms. A grille is primarily an open-faced terminal, a register commonly adds an integral damper, and a diffuser is shaped to distribute supply air in a designed pattern. Return grilles and supply diffusers also have different air-path roles.",AU-ME-SUPPLY-AIR-GRILLE|AU-ME-SUPPLY-AIR-REGISTER|AU-ME-CEILING-AIR-DIFFUSER|AU-ME-RETURN-AIR-GRILLE,SRC-POLYAIRE-HVAC-COMPONENTS|SRC-TEMPERZONE-AIRCORE-DUCTED,"Use vent for friendly search only; require terminal role, face form, neck, integral damper and airflow pattern for generation."
TERM-298,multi-directional outlet with the actual face and neck geometry stored,MDO or ceiling vent,accepted_pending_review,"MDO is common Australian HVAC shorthand but is not a complete geometric description. Direction count, face size, neck size, removable sectors and connected cushion-head box vary by product.",AU-ME-MULTI-DIRECTIONAL-OUTLET|AU-ME-SUPPLY-AIR-TERMINAL-BOX,SRC-POLYAIRE-HVAC-COMPONENTS,Retain MDO as an abbreviation and select a scheduled product form before drawing the face or airflow directions.
TERM-299,"cushion-head box, linear-slot cushion-head box or terminal box according to the physical form",plenum box or boot,accepted_pending_review,"These terms can describe different shaped transition volumes behind grilles and diffusers. A cushion head used in Australian flexible-duct installations is not automatically a central supply plenum, a North American boot or a pressure-independent terminal unit.",AU-ME-SUPPLY-AIR-TERMINAL-BOX|AU-ME-RETURN-AIR-BOX|AU-ME-LINEAR-SLOT-CUSHION-HEAD-BOX|AU-ME-SUPPLY-AIR-PLENUM,SRC-POLYAIRE-HVAC-COMPONENTS,"Store face connection, duct spigot, depth, taper and pressure-control equipment before treating terminal boxes as equivalent."
TERM-300,"specified duct sealing tape, mastic, gasket or draw band by its declared function",duct tape,accepted_pending_review,"Duct tape can mean a generic cloth repair tape or a product intended for a particular duct material, insulation facing or vapour seal. Flexible-duct connections can require a draw band plus sealant or tape, not one universal adhesive strip.",AU-ME-DUCT-SEALING-TAPE|AU-ME-DUCT-SEALANT-MASTIC|AU-ME-DUCT-CONNECTION-GASKET|AU-ME-FLEXIBLE-DUCT-DRAW-BAND,SRC-ABCB-HP-MECHANICAL-SERVICES|SRC-SA-AS4254-1-2021|SRC-SA-AS4254-2-2012|SRC-POLYAIRE-HVAC-COMPONENTS,"Require substrate, joint type, sealing role and product evidence; do not select tape from appearance or nickname."
TERM-301,return-air grille for a mechanical return path and transfer-air grille for an opening between spaces,"return vent, transfer grille or air grille",accepted_pending_review,"A return grille connects a room to return ductwork or a return-air box. A transfer grille moves air between rooms or across a door or wall, often to provide make-up air. Their downstream paths and acoustic, fire and privacy implications differ.",AU-ME-RETURN-AIR-GRILLE|AU-TC-TRANSFER-AIR-GRILLE|AU-TC-MAKEUP-AIR-OPENING,SRC-POLYAIRE-HVAC-COMPONENTS|SRC-ABCB-HP-ROOM-VENTILATION,Trace both sides of the opening before assigning return or transfer role.
TERM-302,closed-loop hydronic heating water pipe,"hot-water pipe, heating pipe or warm-water line",accepted_pending_review,"Hydronic heating water circulates through a heat source and emitters. Potable heated water is delivered to fixtures. The services may use similar pipe materials but have different water quality, valves, safety arrangements, temperatures and endpoints.",AU-ME-HYDRONIC-HEATING-SYSTEM|AU-ME-HYDRONIC-FLOW-PIPE|AU-ME-HYDRONIC-RETURN-PIPE|AU-PL-HEATED-WATER-SERVICE,SRC-REHAU-AU-HYDRONIC|SRC-BOSCH-AU-HYDRONIC-INSTALL|SRC-ABCB-HP-MECHANICAL-SERVICES,"Require the fluid service and endpoints before selecting pipe, fittings, insulation or regulatory evidence."
TERM-303,"R-value, airflow, pressure, capacity, clearance and acoustic performance as attributes or analysis linked to physical objects","R-value solid, airflow cone, compliant clearance box or capacity geometry",accepted_pending_review,"These values describe material performance, operating state, design calculation or required empty space. A visible overlay can help coordination but is not a material quantity and cannot prove compliance from geometry alone.",AU-ME-HYDRONIC-PIPE-INSULATION|AU-ME-EXTERNAL-DUCT-INSULATION|AU-ME-PACKAGED-HEAT-RECOVERY-VENTILATION-UNIT|AU-ME-OUTDOOR-CONDENSING-UNIT,SRC-ABCB-HP-MECHANICAL-SERVICES|SRC-SA-ASNZS5141-2018|SRC-MITSUBISHI-AU-LOSSNAY-SPEC,"Keep optional coordination overlays out of material take-off and link every claimed value to product, design and edition evidence."
TERM-304,AS 1668.2:2012 for the NCC Housing Provisions call-up and AS 1668.2:2024 only where the project adopts or otherwise uses it,the current AS 1668.2,accepted_pending_review,"Standards Australia published a newer general ventilation edition, but publication does not silently replace the edition cited by the selected NCC pathway. A project can also be governed by jurisdictional transition or approval dates.",AU-ME-WHOLE-HOUSE-HEAT-RECOVERY-VENTILATION-SYSTEM|AU-ME-PACKAGED-HEAT-RECOVERY-VENTILATION-UNIT|AU-TC-ROOM-EXHAUST-MAKEUP-AIR-SYSTEM,SRC-ABCB-HP-ROOM-VENTILATION|SRC-SA-AS1668-2-2024|SRC-ABCB-HP-REFERENCED-DOCS,"Persist the exact edition, NCC pathway, jurisdiction, project date and reason for use with every rule result."
TERM-305,"refrigerant licence, authorisation, charging, evacuation and leak-test results as practitioner or work evidence","licensed pipe, compliant flare or certified air-conditioner geometry",accepted_pending_review,"Australia regulates refrigerant handling and trading. Licences, work practices and test results concern people, businesses and completed work; they are not extra solids and cannot be inferred from a drawn tube, fitting or equipment box.",AU-ME-REFRIGERANT-PIPEWORK-ASSEMBLY|AU-ME-REFRIGERANT-FLARE-JOINT|AU-ME-REFRIGERANT-BRAZED-JOINT|AU-ME-OUTDOOR-CONDENSING-UNIT,SRC-DCCEEW-RAC-TECHNICIANS|SRC-ARC-REFRIGERANT-CODE-2024,Attach licence and work records to installed instances without making compliance claims from shape.
TERM-306,documented condensate or cooler-water discharge point,"drain to outside, stormwater, sewer or ground by default",accepted_pending_review,"Acceptable discharge depends on equipment, drainage design, jurisdiction, site and connection conditions. Condensate and evaporative-cooler dump water also arise from different systems and may follow different requirements.",AU-ME-CONDENSATE-DRAIN-TERMINAL|AU-ME-EVAPORATIVE-COOLER-DRAIN-PIPE|AU-ME-EVAPORATIVE-COOLER-DRAIN-VALVE,SRC-MITSUBISHI-AU-RESIDENTIAL-AC|SRC-SEELEY-BRAEMAR-EVAP-INSTALL,Require a selected discharge destination and connected plumbing or site object before completing the route.
TERM-307,"volume-control, backdraft, fire, smoke and combination fire-smoke damper as separate roles",duct damper,accepted_pending_review,"The bodies can all contain blades, but their purposes, actuation, testing, access and evidence differ. A balancing or zone damper must never be substituted for a tested fire- or smoke-resisting penetration system.",AU-ME-MANUAL-VOLUME-CONTROL-DAMPER|AU-ME-MOTORISED-ZONE-DAMPER|AU-TC-EXHAUST-FAN-BACKDRAFT-DAMPER,SRC-POLYAIRE-HVAC-COMPONENTS|SRC-ABCB-HP-MECHANICAL-SERVICES|SRC-ABCB-V2-H3-FIRE-SAFETY,Keep life-safety dampers in the fire-safety code path with tested-system evidence and use mechanical dampers only for airflow roles.
TERM-308,"insulated flexible air duct for the complete product and inner core, insulation and outer jacket for its drawable layers","flex duct, duct liner or plastic duct",accepted_pending_review,"The complete flexible duct is a layered product. Its helical inner core carries air, insulation provides thermal resistance and the outer jacket protects and contains the insulation. A torn jacket is not the same defect as a crushed inner core.",AU-ME-INSULATED-FLEXIBLE-AIR-DUCT|AU-ME-FLEXIBLE-DUCT-INNER-CORE|AU-ME-FLEXIBLE-DUCT-INSULATION|AU-ME-FLEXIBLE-DUCT-OUTER-JACKET,SRC-SA-AS4254-1-2021|SRC-POLYAIRE-HVAC-COMPONENTS|SRC-ABCB-HP-MECHANICAL-SERVICES,"Generate the assembly by default but retain layer identity for cuts, damage, connections and material take-off."
TERM-309,manufacturer refrigerant branch joint for a simple split and branch box only where the selected multi-split architecture includes one,"Y-piece, refnet, branch box or manifold",accepted_pending_review,"A passive copper Y-joint and a boxed multi-port branch component are not the same object. Branch boxes can contain valves, electronics and several connection pairs, while a simple joint has only formed passages.",AU-ME-REFRIGERANT-BRANCH-JOINT|AU-ME-MULTI-SPLIT-AIR-CONDITIONING-SYSTEM,SRC-MITSUBISHI-AU-RESIDENTIAL-AC|SRC-ARC-REFRIGERANT-CODE-2024,Read the selected equipment connection diagram before generating branches; add a branch-box product object only when confirmed.
TERM-310,evaporative cooling as an outdoor-air supply system with a documented building air-relief path,ducted cooling equivalent to refrigerated recirculating air conditioning,accepted_pending_review,A ducted evaporative cooler draws outdoor air through wet media and supplies it to rooms. The introduced air must leave the building through deliberate relief paths; closing the house like a recirculating refrigerated system changes performance and pressure behaviour.,AU-ME-EVAPORATIVE-COOLING-SYSTEM|AU-ME-PACKAGED-DUCTED-EVAPORATIVE-COOLER|AU-TC-EVAPORATIVE-COOLER-DAMPER,SRC-SEELEY-BRAEMAR-EVAP-INSTALL|SRC-SEELEY-BRAEMAR-EVAP-COMPONENTS|SRC-ENERGY-GOV-AU-HEATING-COOLING,Generate supply paths and request the designed relief strategy rather than adding a refrigerated-system return-air network.
TERM-311,hydronic flow and return as explicit circuit roles,"two heating pipes, red pipe and blue pipe, supply and return inferred from position",accepted_pending_review,"The same pipe product can serve either role and routes can cross. Colour, left-right position and relative elevation are conventions, not reliable system semantics.",AU-ME-HYDRONIC-FLOW-PIPE|AU-ME-HYDRONIC-RETURN-PIPE|AU-ME-HYDRONIC-FLOW-HEADER|AU-ME-HYDRONIC-RETURN-HEADER,SRC-REHAU-AU-HYDRONIC|SRC-BOSCH-AU-HYDRONIC-INSTALL,Store direction and connected endpoints for every circuit segment instead of deriving role from display colour or coordinates.
TERM-312,"buffer tank, expansion vessel and domestic storage water heater as separate vessel functions",hydronic tank or hot-water cylinder,accepted_pending_review,"A buffer tank adds system water volume or hydraulic stability. An expansion vessel accepts thermal expansion against a gas cushion. A domestic storage heater contains potable water for fixture use. They have different ports, pressure behaviour, insulation and safety components.",AU-ME-HYDRONIC-BUFFER-TANK|AU-ME-HYDRONIC-EXPANSION-VESSEL|AU-PL-STORAGE-WATER-HEATER,SRC-BOSCH-AU-HYDRONIC-INSTALL|SRC-REHAU-AU-HYDRONIC,"Require vessel purpose, fluid, port arrangement and pressure data before selecting geometry or safety parts."
TERM-313,hydraulic separator or low-loss header only for a low-resistance primary-secondary interface,"header, manifold, buffer tank or hydraulic separator",accepted_pending_review,"All can appear as enlarged pipe bodies with several ports. A hydraulic separator decouples circuit flows; an ordinary header distributes branches; a manifold serves repeated circuits; a buffer tank stores significant water volume. Some products combine functions, but the roles are not automatic synonyms.",AU-ME-HYDRONIC-HYDRAULIC-SEPARATOR|AU-ME-HYDRONIC-FLOW-HEADER|AU-ME-UNDERFLOOR-HEATING-MANIFOLD-ASSEMBLY|AU-ME-HYDRONIC-BUFFER-TANK,SRC-BOSCH-AU-HYDRONIC-INSTALL|SRC-REHAU-AU-HYDRONIC,Store the hydraulic function and each port role; allow combined products only when supported by selected product evidence.
TERM-314,thermostatic radiator valve for local radiator modulation and room thermostat for an electrical zone demand,radiator thermostat or temperature control,accepted_pending_review,"A TRV head mechanically operates its own radiator valve in response to local temperature. A room thermostat sends a control request to valves, actuators, pumps or the heat source. They can coexist and have different placement and wiring.",AU-ME-THERMOSTATIC-RADIATOR-VALVE-ASSEMBLY|AU-ME-THERMOSTATIC-RADIATOR-VALVE-HEAD|AU-ME-HYDRONIC-ROOM-THERMOSTAT,SRC-BOSCH-AU-HYDRONIC-INSTALL|SRC-REHAU-AU-HYDRONIC,Generate each physical control only when present and prevent furniture or covers from invalidating its intended sensing location.
TERM-315,one continuous underfloor-heating loop with paired flow and return manifold ports,"floor-heating pipe grid, heating coil or floor zone",accepted_pending_review,"A loop is a continuous pressure circuit, commonly without concealed intermediate joints, that leaves one flow port and returns to its matching return port. A room zone may contain several loops controlled together and is not itself a pipe object.",AU-ME-UNDERFLOOR-HEATING-PIPE-LOOP|AU-ME-UNDERFLOOR-HEATING-MANIFOLD-ASSEMBLY|AU-ME-HYDRONIC-UNDERFLOOR-HEATING-ASSEMBLY,SRC-REHAU-UNDERFLOOR-GUIDE|SRC-REHAU-AU-HYDRONIC,"Keep circuit identity, continuous route, length, spacing and paired manifold ports explicit; treat zone grouping as control data."
TERM-316,"gypsum plasterboard as the generic Australian object, with Gyprock as a proprietary search term and drywall as regional language","Gyprock, plasterboard and drywall as identical canonical product names",accepted_pending_review,"Gyprock is a CSR trade mark that is widely used colloquially in Australia. Drywall is common North American language and can also refer to the wider construction method. Product brand, generic material and assembly must remain distinguishable.",AU-IL-STANDARD-GYPSUM-PLASTERBOARD-SHEET|AU-IL-PLASTERBOARD-WALL-LINING-ASSEMBLY,SRC-SA-ASNZS2588-2018|SRC-GYPROCK-RESIDENTIAL-INSTALLATION|SRC-KNAUF-PLASTERBOARD-PRODUCTS,"Let all three terms find the object, retain plasterboard as the Australian generic name and keep the selected manufacturer and product separately."
TERM-317,"lining for the wall or ceiling covering and separate trim, accessory and service objects attached to it","wall lining including skirting, cornice, architrave, switches and power points",accepted_pending_review,"Attachments touch and visually complete a lined wall but have different materials, quantities, ownership and replacement. Treating every attachment as lining makes junction and take-off data unusable.",AU-IL-INTERNAL-WALL-LINING-ASSEMBLY|AU-IL-PERIMETER-LINING-JUNCTION-ASSEMBLY|AU-HA-INTERNAL-CEILING-CORNICE,SRC-ABCB-WALL-LINING-ATTACHMENTS|SRC-GYPROCK-RESIDENTIAL-INSTALLATION,"Connect trims, accessories and services to the lining with explicit relationships instead of merging their geometry or material identity."
TERM-318,selected plasterboard product and documented grade or system role,"white board, green board, blue board, red board or acoustic board chosen by face colour",accepted_pending_review,"Manufacturers use different colours and branded ranges. Water, fire, acoustic, impact and multi-performance properties belong to a selected product and complete system, not a universal colour code.",AU-IL-STANDARD-GYPSUM-PLASTERBOARD-SHEET|AU-WP-WATER-RESISTANT-PLASTERBOARD|AU-FS-FIRE-RESISTANT-PLASTERBOARD-LINING|AU-HA-ACOUSTIC-PLASTERBOARD-LINING|AU-IL-HIGH-DENSITY-PLASTERBOARD-SHEET,SRC-SA-ASNZS2588-2018|SRC-KNAUF-PLASTERBOARD-PRODUCTS|SRC-GYPROCK-RED-BOOK,Require a product or explicit performance role; keep colour as appearance metadata only.
TERM-319,"wall-lining furring channel, external cladding furring channel, acoustic resilient channel and ceiling furring channel as separate roles",furring channel,accepted_pending_review,"Similar cold-formed sections can support different faces, loads, clips and performance systems. A section name without host, orientation and role is not enough to select geometry or connections.",AU-IL-WALL-LINING-FURRING-CHANNEL|AU-CL-WALL-FURRING-CHANNEL|AU-HA-ACOUSTIC-RESILIENT-CHANNEL|AU-IL-CEILING-FURRING-CHANNEL,SRC-RONDO-KEYLOCK-SUSPENDED|SRC-KNAUF-PLASTERBOARD-INSTALLATION|SRC-GYPROCK-RED-BOOK,"Ask for wall or ceiling, internal or external, support method and acoustic role before selecting a channel family."
TERM-320,direct-fixed ceiling for sheets or channels attached close to structure and suspended ceiling for a hanger-supported grid below it,"dropped, battened, direct-fixed and suspended ceiling as interchangeable descriptions",accepted_pending_review,"The systems have different load paths and parts. A direct-fix clip transfers load straight to nearby structure; a suspended grid requires anchors, hangers, primary and secondary members and restraint design.",AU-IL-DIRECT-FIXED-PLASTERBOARD-CEILING-ASSEMBLY|AU-IL-CONCEALED-SUSPENDED-PLASTERBOARD-CEILING-ASSEMBLY|AU-IL-DIRECT-FIX-CEILING-CLIP|AU-IL-CEILING-SUSPENSION-SYSTEM,SRC-RONDO-KEYLOCK-SUSPENDED|SRC-SA-ASNZS2785-2020|SRC-KNAUF-PLASTERBOARD-INSTALLATION,Store the structural endpoint and support topology before generating the ceiling grid.
TERM-321,"exposed-grid suspended ceiling, concealed suspended plasterboard ceiling or another named system",false ceiling or drop ceiling,accepted_pending_review,"Everyday terms describe a ceiling below the primary structure but do not say whether the finish is continuous plasterboard, removable lay-in tile, linear plank, baffle or another system.",AU-IL-EXPOSED-GRID-SUSPENDED-CEILING-ASSEMBLY|AU-IL-CONCEALED-SUSPENDED-PLASTERBOARD-CEILING-ASSEMBLY,SRC-RONDO-DUO-EXPOSED-GRID|SRC-RONDO-KEYLOCK-SUSPENDED|SRC-NSW-DRY-PLASTERING-WORK,"Use false or drop ceiling for search, then request the visible finish and support system."
TERM-322,"Level 3, 4 or 5 plasterboard finish as a specified finish requirement and inspection attribute",Level 5 material layer or Level 5 plasterboard object,accepted_pending_review,A level of finish describes the required jointing and surface preparation outcome under relevant viewing and decoration conditions. It is not an extra board or universally a single separate coating solid.,AU-IL-PLASTERBOARD-RECESSED-JOINT-ASSEMBLY|AU-IL-PLASTERBOARD-BUTT-JOINT-ASSEMBLY|AU-IL-PLASTERBOARD-FINISHING-COMPOUND,SRC-SA-ASNZS2589-2017|SRC-GYPROCK-RESIDENTIAL-INSTALLATION|SRC-KNAUF-PLASTERBOARD-INSTALLATION,"Attach the specified level, decoration, lighting and acceptance evidence to the complete lining surface; generate only the actual selected materials."
TERM-323,"plasterboard back-block bonded behind a joint, sheet-edge backing fixed behind an edge, and framing nogging as separate members","back block, backing, blocking and nogging",accepted_pending_review,"A plasterboard back-block spreads stress behind a joint. Edge backing provides a fixing surface. A nogging is part of wall framing. Their materials, positions and load paths differ.",AU-IL-PLASTERBOARD-BACK-BLOCKING-STRIP|AU-IL-LINING-SHEET-EDGE-BACKING-MEMBER|AU-TF-NOGGING,SRC-GYPROCK-RESIDENTIAL-INSTALLATION|SRC-KNAUF-PLASTERBOARD-INSTALLATION|SRC-WOODSOLUTIONS-INTERNAL-PANELLING,"Use material, face relationship, host and joint role to select the object; never infer it from the word block alone."
TERM-324,"paper plasterboard tape, glass-mesh tape, fibre-cement tape, fire-system tape and acoustic-system tape as documented products",joint tape,accepted_pending_review,"The tapes can differ in material, alkali resistance, compound compatibility and tested-system role. Similar width or mesh appearance does not make them interchangeable.",AU-IL-PLASTERBOARD-PAPER-JOINT-TAPE|AU-IL-FIBREGLASS-MESH-JOINT-TAPE|AU-IL-FIBRE-CEMENT-JOINT-TAPE|AU-FS-FIRE-RESISTANT-LINING-JOINT-TAPE|AU-HA-ACOUSTIC-LINING-JOINT-TAPE,SRC-GYPROCK-RESIDENTIAL-INSTALLATION|SRC-JH-VILLABOARD-INSTALLATION|SRC-GYPROCK-RED-BOOK,"Bind tape to board, compound and performance system; permit substitution only from explicit selected-system evidence."
TERM-325,"external corner, internal corner, stopping, casing, shadowline and control-joint bead as separate profiles",angle bead or trim,accepted_pending_review,"All are long edge sections, but they form different positive or negative corners, exposed edges, caps, recesses and movement breaks. Profile and function determine geometry.",AU-IL-PLASTERBOARD-EXTERNAL-CORNER-BEAD|AU-IL-PLASTERBOARD-INTERNAL-CORNER-BEAD|AU-IL-PLASTERBOARD-STOPPING-BEAD|AU-IL-PLASTERBOARD-CASING-BEAD|AU-IL-SHADOWLINE-STOPPING-BEAD|AU-IL-LINING-CONTROL-JOINT-BEAD,SRC-GYPROCK-RESIDENTIAL-INSTALLATION|SRC-KNAUF-PLASTERBOARD-INSTALLATION|SRC-SA-ASNZS2589-2017,"Select by corner sign, board thickness, exposed face, movement function and adjoining construction."
TERM-326,shadowline as a visible recessed edge and control joint as a deliberate movement break,"shadow gap, control joint and expansion joint",accepted_pending_review,A shadowline may be purely visual and rigidly fixed. A control joint separates lining edges to accommodate movement. A building expansion joint can require much greater structural movement and a coordinated system through many layers.,AU-IL-SHADOWLINE-STOPPING-BEAD|AU-IL-MOVEMENT-CONTROL-JOINT-ASSEMBLY|AU-IL-LINING-CONTROL-JOINT-BEAD,SRC-GYPROCK-RESIDENTIAL-INSTALLATION|SRC-JH-VILLABOARD-INSTALLATION|SRC-SA-ASNZS2589-2017,"Store movement requirement, separated layers and continuity systems before treating a visible gap as a control joint."
TERM-327,recessed-edge joint for factory-recessed sheet sides and butt joint for square-cut sheet ends,plasterboard join,accepted_pending_review,"A recessed joint has room for tape and compound within the board recess. A butt joint builds above flat faces and often needs backing, staggering or broad feathering. Their drawing and quantity logic differs.",AU-IL-PLASTERBOARD-RECESSED-JOINT-ASSEMBLY|AU-IL-PLASTERBOARD-BUTT-JOINT-ASSEMBLY|AU-IL-PLASTERBOARD-BACK-BLOCKING-STRIP,SRC-GYPROCK-RESIDENTIAL-INSTALLATION|SRC-KNAUF-PLASTERBOARD-INSTALLATION|SRC-SA-ASNZS2589-2017,Derive joint type from the actual sheet-edge profiles and support relationship rather than line orientation alone.
TERM-328,"cornice as decorative junction trim, cornice adhesive as its fixing, and any required air, acoustic or fire seal as a separate object",sealed cornice junction,accepted_pending_review,"Cornice and its bedding can hide a wall-to-ceiling gap. That appearance does not prove continuous air, acoustic, smoke or fire sealing behind it.",AU-HA-INTERNAL-CEILING-CORNICE|AU-IL-INTERNAL-CORNICE-ADHESIVE|AU-IL-PERIMETER-LINING-JUNCTION-ASSEMBLY|AU-HA-ACOUSTIC-PERIMETER-SEALANT,SRC-ABCB-WALL-LINING-ATTACHMENTS|SRC-GYPROCK-RESIDENTIAL-INSTALLATION|SRC-ABCB-HP-SOUND-INSULATION,"Draw the cornice and bedding, then require the selected performance seal behind or beside it when the assembly needs continuity."
TERM-329,"general internal fibre-cement lining, wet-area substrate, compressed floor sheet and external cladding as separate product roles",cement sheet or Villaboard,accepted_pending_review,"Cement sheet is broad trade language and Villaboard is proprietary. Density, thickness, edge, exposure, fixing, joint and finish requirements differ between wall, floor, internal, external and wet-area products.",AU-IL-GENERAL-INTERNAL-FIBRE-CEMENT-SHEET|AU-WP-FC-WET-AREA-WALL-SHEET|AU-WP-COMPRESSED-FC-FLOOR-SHEET|AU-IL-PREFINISHED-FIBRE-CEMENT-PANEL,SRC-JH-VILLABOARD-INSTALLATION|SRC-CEMINTEL-INTERNAL-LINING|SRC-ABCB-HP-REFERENCED-DOCS,"Use cement sheet and brand terms for search, then require product, classification, location, exposure and finish role."
TERM-330,"service object, lining cut-out, trimmer support and performance seal as separate connected objects","hole for light, grille, pipe or outlet",accepted_pending_review,"The service body is not the opening. A cut lining edge may need framing and trim, the service may need independent support and fire, acoustic, air or moisture continuity may need another tested system.",AU-IL-SERVICE-OPENING-LINING-ASSEMBLY|AU-IL-SERVICE-OPENING-TRIMMER-FRAME|AU-HA-CEILING-ACCESS-PANEL-ASSEMBLY,SRC-KNAUF-PLASTERBOARD-INSTALLATION|SRC-RONDO-DUO-EXPOSED-GRID|SRC-ABCB-HP-SOUND-INSULATION,"Create the rough opening and its support first, connect the selected service and add every required continuity system explicitly."
TERM-331,interior plywood lining to AS/NZS 2270 scope only for a fully protected non-structural interior role unless other evidence is selected,"ply lining suitable for bracing, wet areas, exterior use or fire performance",accepted_pending_review,"Interior plywood can be an appearance panel without being structural plywood, exterior plywood, marine plywood or a tested fire-hazard product. Similar veneer geometry conceals major bond and grade differences.",AU-IL-INTERIOR-PLYWOOD-LINING-SHEET|AU-IL-TIMBER-PANELLING-ASSEMBLY,SRC-BUILDING-CODEHUB-ASNZS2270-2006|SRC-WOODSOLUTIONS-INTERNAL-PANELLING,"Store grade, bond, product standard, structural role, exposure and fire evidence independently."
TERM-332,"stud adhesive, masonry direct-fix bed, back-blocking adhesive, panel adhesive and cornice adhesive as separate installed roles",wallboard glue or construction adhesive,accepted_pending_review,"Adhesives differ by substrate, chemistry, load path, application pattern and required mechanical fixing. A cartridge or bag shape is not enough to select the installed object.",AU-IL-GYPSUM-LINING-STUD-ADHESIVE|AU-IL-MASONRY-DIRECT-FIX-LINING-ADHESIVE-BED|AU-IL-PLASTERBOARD-BACK-BLOCKING-ADHESIVE|AU-IL-DECORATIVE-PANEL-ADHESIVE|AU-IL-INTERNAL-CORNICE-ADHESIVE,SRC-SA-AS2753-2018|SRC-KNAUF-PLASTERBOARD-PRODUCTS|SRC-WOODSOLUTIONS-INTERNAL-PANELLING,"Ask for both substrates and physical purpose, then generate the documented bead, daub or bed plus required mechanical fixings."
TERM-333,ceiling grid supports lining or tiles and building services use their own support unless the ceiling system is explicitly designed for them,"light, diffuser, duct, cable tray or pipe supported by the ceiling",accepted_pending_review,A service may fit within a grid module while its mass and operating loads bypass the tile and ceiling grid. Visual alignment does not prove structural support or allowed service load.,AU-IL-CEILING-SUSPENSION-SYSTEM|AU-IL-EXPOSED-GRID-SUSPENDED-CEILING-ASSEMBLY|AU-IL-SERVICE-OPENING-TRIMMER-FRAME|AU-IL-MINERAL-FIBRE-CEILING-TILE,SRC-SA-ASNZS2785-2020|SRC-RONDO-KEYLOCK-SUSPENDED|SRC-RONDO-DUO-EXPOSED-GRID,Persist support ownership and trace each load to verified structure; never derive support from intersection with a grid module.
TERM-334,"Group Number, sound rating, impact result, moisture suitability, anchor capacity and finish level as evidence linked to physical products and assemblies","fire sheet geometry, acoustic wall thickness, compliant anchor shape or Level 5 surface solid",accepted_pending_review,"These are test, design, product or workmanship results. Geometry can expose the members being assessed but cannot prove the result without the applicable edition, system, project inputs and evidence.",AU-IL-INTERNAL-LINING-SYSTEM|AU-IL-MULTILAYER-LINING-ASSEMBLY|AU-IL-CEILING-STRUCTURAL-SUSPENSION-ANCHOR|AU-IL-PLASTERBOARD-FINISHING-COMPOUND,SRC-ABCB-HP-REFERENCED-DOCS|SRC-SA-ASNZS2785-2020|SRC-SA-ASNZS2589-2017|SRC-GYPROCK-RED-BOOK,"Keep optional analysis overlays out of material take-off and attach every result to its selected product, system, standard edition and project evidence."
TERM-335,door leaf for the complete moving closure and panel only for a leaf infill or clearly identified sliding or folding panel role,door panel,accepted_pending_review,"Panel can mean an infill inside a stile-and-rail leaf, a complete sliding panel, a folding panel or an informal name for any door leaf. Mapping it without context can create the wrong hierarchy and geometry.",AU-LH-INTERNAL-DOOR-LEAF|AU-ID-DOOR-LEAF-PANEL|AU-LH-INTERNAL-SLIDING-DOOR-PANEL|AU-LH-INTERNAL-FOLDING-DOOR-PANEL,SRC-SA-AS2688-2017|SRC-HUME-FLUSH-DOORS|SRC-HUME-BIFOLD-INSTALL,"Ask whether panel means the complete moving element, a joinery infill, a sliding panel or a folding panel before generating geometry."
TERM-336,jamb for the fixed frame member and stile for the moving leaf member,door side member,accepted_pending_review,"A frame jamb stays fixed in the wall opening. A door stile moves with a panelled leaf. Both are vertical and may carry hinges or closing hardware, so shape alone does not distinguish them.",AU-LH-INTERNAL-DOOR-FRAME-JAMB|AU-ID-DOOR-LEAF-STILE|AU-ID-CAVITY-SLIDER-CLOSING-JAMB,SRC-SA-AS2688-2017|SRC-HUME-PREHUNG-INTERNAL-INSTALL|SRC-HUME-CAVITY-UNIT-CATALOGUE,Store whether the member is fixed to the opening or moves with the leaf before assigning jamb or stile.
TERM-337,"hollow-core door leaf with a perimeter frame, face skins, cellular infill and local hardware reinforcement",empty hollow door,accepted_pending_review,"A hollow-core leaf is not an empty shell. It normally contains cellular support, edge framing and a limited lock block. Treating it as empty loses fixing zones and creates unsafe assumptions about cut-outs and hardware.",AU-ID-HOLLOW-CORE-FLUSH-DOOR-LEAF|AU-ID-HONEYCOMB-CORE-INFILL|AU-ID-FLUSH-LEAF-PERIMETER-FRAME|AU-ID-DOOR-LEAF-LOCK-BLOCK,SRC-SA-AS2688-2017|SRC-HUME-FLUSH-DOORS|SRC-LOCKWOOD-INTERNAL-LEVERSETS,"Persist the selected core, perimeter and hardware-reinforcement zones even when low-detail display hides the interior."
TERM-338,"solid-core leaf as a construction family, with fire, acoustic and security performance stored as separate selected evidence",solid-core means fire door or soundproof door,accepted_pending_review,"A dense core changes mass and hardware support but does not by itself prove an FRL, fire-door approval, acoustic rating, smoke control or security performance.",AU-ID-SOLID-CORE-FLUSH-DOOR-LEAF|AU-FS-SOLID-CORE-DOOR-LEAF|AU-FS-FIRE-RESISTANT-DOORSET,SRC-SA-AS2688-2017|SRC-SA-AS-1905-1-2015|SRC-HUME-FLUSH-DOORS,"Generate the physical core and attach any fire, acoustic or security result only from the selected documented doorset or test evidence."
TERM-339,lock block for the limited concealed reinforcement zone inside a lightweight leaf,the hollow-core door has solid timber everywhere around the handle,accepted_pending_review,"Lock blocks can be limited in height, depth and handing. Assuming a full-height or two-sided solid zone can place a latch, pull or hinge outside the manufacturer's supported area.",AU-ID-DOOR-LEAF-LOCK-BLOCK|AU-ID-HOLLOW-CORE-FLUSH-DOOR-LEAF|AU-ID-TUBULAR-LATCH,SRC-SA-AS2688-2017|SRC-HUME-FLUSH-DOORS|SRC-LOCKWOOD-INTERNAL-LEVERSETS,Require the selected leaf's marked lock side and documented reinforcement extent before cutting or fixing hardware.
TERM-340,"door stop moulding, open-position door stop, sliding track stop and folding track stop as separate objects",door stop,accepted_pending_review,"Door stop may mean the fixed jamb moulding that locates a closed leaf, a wall or floor buffer that limits swing, or an end stop inside a sliding or folding track. These have different hosts, loads and quantities.",AU-LH-INTERNAL-DOOR-STOP-MOULDING|AU-ID-INTERNAL-DOOR-STOP-ASSEMBLY|AU-ID-INTERNAL-SLIDING-TRACK-STOP|AU-ID-FOLDING-DOOR-TRACK-STOP,SRC-HUME-PREHUNG-INTERNAL-INSTALL|SRC-CORINTHIAN-SURFACE-SLIDER-HARDWARE|SRC-HUME-BIFOLD-INSTALL,"Ask whether the requested stop controls the closed position, swing travel, sliding travel or folding guide travel."
TERM-341,flush-finish or architrave-free metal door frame,frameless internal door,accepted_pending_review,"The finished opening can look frameless because perforated frame flanges are jointed into the wall. A physical steel head, jambs, rebate, hinge support and strike preparation are still present.",AU-ID-FLUSH-FINISH-STEEL-DOOR-FRAME|AU-ID-FLUSH-FRAME-FINISHING-FLANGE|AU-ID-FLUSH-FRAME-LATCH-INSERT,SRC-EZCONCEPT-FLUSH-JAMB-INSTALL|SRC-KNAUF-PLASTERBOARD-INSTALLATION,Treat frameless as an appearance or search term and always draw the selected concealed frame and lining junction.
TERM-342,dummy door furniture for a fixed handle or knob with no spindle-operated latch,dummy door,accepted_pending_review,"Dummy describes the furniture function, not the door leaf. A dummy handle can still act as a real pull on a cupboard, roller-catch door or inactive leaf.",AU-ID-DUMMY-DOOR-FURNITURE-SET|AU-ID-INTERNAL-DOOR-LEVER-HANDLE|AU-LH-INTERNAL-DOOR-LEAF,SRC-LOCKWOOD-INTERNAL-LEVERSETS|SRC-SA-AS4145-1-2008,Keep the leaf normal and set the furniture function to fixed pull with no latch mechanism.
TERM-343,surface-sliding internal door,barn door,accepted_pending_review,"Barn door is useful trade language for an exposed face-of-wall track style but does not identify all surface sliders and can imply an aesthetic rather than the support, guide and anti-jump hardware.",AU-LH-SURFACE-SLIDING-DOOR-ASSEMBLY|AU-ID-SURFACE-SLIDING-HARDWARE-ASSEMBLY|AU-ID-SURFACE-SLIDER-ANTI-JUMP-FITTING,SRC-CORINTHIAN-SURFACE-SLIDER-HARDWARE|SRC-SA-AS4145-1-2008,"Accept barn door for search, then require a surface-mounted track topology and selected hardware system."
TERM-344,"passage, privacy, dummy and keyed functions stored separately from lever, knob, rose or backplate shape",choose a door handle,accepted_pending_review,"The visible handle shape does not say whether a latch, privacy release, key cylinder, deadbolt or no operating mechanism is present. One furniture design can be sold in several functions.",AU-ID-PASSAGE-LATCHSET|AU-ID-PRIVACY-LATCHSET|AU-ID-DUMMY-DOOR-FURNITURE-SET|AU-ID-KEYED-INTERNAL-LOCKSET,SRC-LOCKWOOD-INTERNAL-LEVERSETS|SRC-LOCKWOOD-CAVITY-SLIDER-LOCK|SRC-SA-AS4145-1-2008,"Ask for function first, then furniture form, finish, backset, leaf thickness and frame strike."
TERM-345,split-jamb lining at a cavity pocket mouth and split stud within the pocket frame as separate members,cavity slider split jamb or split stud,accepted_pending_review,The visible split-jamb trims flank the moving leaf at the opening. The split studs are wall-pocket frame members behind the lining. Confusing them breaks both finish quantities and leaf clearance checks.,AU-ID-CAVITY-SLIDER-SPLIT-JAMB-LINING|AU-LH-CAVITY-SLIDER-SPLIT-STUD|AU-LH-CAVITY-SLIDER-POCKET-FRAME,SRC-HUME-CAVITY-UNIT-CATALOGUE|SRC-EZCONCEPT-FLUSH-JAMB-INSTALL,Store visible finish-member and structural pocket-member roles separately even when a product catalogue uses shortened wording.
TERM-346,project-selected NCC edition and jurisdiction overlay,the current Australian NCC applies everywhere on the same date,accepted_pending_review,"The NCC is adopted through state and territory systems with local commencement, transition and variation. Tasmania's public notice records NCC 2025 commencement on 1 May 2026 while the repository preserves the edition from which existing national facts were extracted.",AU-ID-INTERNAL-DOOR-CONSTRUCTION-SYSTEM|AU-LH-LIVABLE-INTERNAL-DOORWAY-ASSEMBLY|AU-HA-SANITARY-DOOR-RECOVERY-ASSEMBLY,SRC-ABCB-CURRENT-NCC|SRC-ABCB-NCC-EDITIONS|SRC-TAS-CBOS-NCC2025-COMMENCEMENT,"Require project jurisdiction, relevant approval date, transition status and adopted edition before presenting any door configuration as a compliance result."
TERM-347,"structural floor, subfloor, underlayment and underlay as separate physical roles",floor layer underneath,accepted_pending_review,"A structural floor carries loads, a subfloor provides the base, an underlayment sheet prepares that base, and an underlay cushions or acoustically separates a finish. One product can perform more than one role, but the roles are not interchangeable.",AU-FF-STRUCTURAL-PARTICLEBOARD-FLOOR-SHEET|AU-FF-FLOOR-UNDERLAYMENT-SHEET-ASSEMBLY|AU-FF-FOAM-FLOATING-FLOOR-UNDERLAY|AU-FF-CARPET-SOFT-UNDERLAY,SRC-SA-AS1860-2-2006|SRC-SA-ASNZS1860-1-2017|SRC-SA-AS4288-2003|SRC-ATFA-ACOUSTIC-UNDERLAYS,"Ask what carries load, what receives the finish and whether the intermediate layer is a rigid preparation sheet or a resilient underlay."
TERM-348,floating floor for a joined finish raft that is not bonded through its field,floating means loose laid,accepted_pending_review,"Floating boards are joined to one another and move as a field over an underlay. Adhesive-free resilient products may still use perimeter, seam or grid retention. Neither means that unrestrained pieces are simply dropped on the floor.",AU-FF-ENGINEERED-TIMBER-FLOATING-FLOOR-ASSEMBLY|AU-FF-FLOATING-FLOOR-PERIMETER-EXPANSION-GAP|AU-FF-ADHESIVE-FREE-RESILIENT-RETENTION-TAPE,SRC-ATFA-FLOATING-FLOORS|SRC-ATFA-ACOUSTIC-UNDERLAYS|SRC-SA-AS1884-2021,"Store board-to-board jointing, field bond, local retention and perimeter movement as separate installation properties."
TERM-349,engineered timber board and laminate plank as different product constructions,engineered laminate timber floor,accepted_pending_review,Engineered timber has a real timber wear layer over a stabilising core. Laminate normally has a transparent resin overlay and printed decor over a fibreboard core. Similar timber appearance does not make their layers or repair methods the same.,AU-FF-ENGINEERED-TIMBER-FLOORBOARD|AU-FF-ENGINEERED-TIMBER-WEAR-LAYER|AU-FF-LAMINATE-FLOOR-PLANK|AU-FF-LAMINATE-DECORATIVE-LAYER,SRC-ATFA-ENGINEERED-FLOORING|SRC-ATFA-FLOATING-FLOORS,"Resolve the exposed wear layer and core construction before choosing geometry, sanding behaviour or finish metadata."
TERM-350,hybrid rigid-core plank with its actual SPC or WPC core family recorded,hybrid flooring as one material,accepted_pending_review,"Hybrid is an Australian market family covering layered rigid click products. Stone-polymer and wood-polymer composite cores have different material make-up, and hybrid does not automatically mean flexible vinyl plank, laminate or waterproof wet-area construction.",AU-FF-HYBRID-RIGID-CORE-PLANK|AU-FF-STONE-POLYMER-COMPOSITE-CORE|AU-FF-WOOD-POLYMER-COMPOSITE-CORE|AU-FF-LUXURY-VINYL-PLANK,SRC-SA-AS1884-2021|SRC-ATFA-FLOATING-FLOORS|SRC-ARFA-RESILIENT-TECHNICAL,"Require the selected product's layer schedule, core family, click system and wet-use evidence rather than generating from the word hybrid alone."
TERM-351,"structural particleboard flooring with verified grade, thickness and edge profile",yellow tongue,accepted_pending_review,"Yellow tongue is widely understood trade language but is associated with proprietary colour coding and does not uniquely specify every structural particleboard flooring product, thickness, exposure condition or installation system.",AU-FF-STRUCTURAL-PARTICLEBOARD-FLOOR-SHEET|AU-FF-SHEET-SUBFLOOR-TONGUE-GROOVE-JOINT|AU-FF-FLOOR-SHEET-CUT-EDGE-SEALER,SRC-SA-ASNZS1860-1-2017|SRC-SA-AS1860-2-2006|SRC-PORTA-STRUCTAFLOR-MANUAL,"Accept yellow tongue for search, then require product, thickness, span, grade, edge profile, support layout and exposure instructions."
TERM-352,smoothing or levelling compound with documented placement and thickness limits,self-levelling makes the floor perfectly level,accepted_pending_review,"A flowable compound may smooth, flatten or locally level a substrate, but it does not automatically establish a horizontal datum, remove every high spot or suit every timber, concrete, heated or damp substrate.",AU-FF-CEMENTITIOUS-FLOOR-LEVELLING-COMPOUND|AU-FF-FLEXIBLE-TIMBER-FLOOR-LEVELLER|AU-FF-CONCRETE-FLOOR-PATCH-COMPOUND,SRC-ARDEX-FLOOR-PREPARATION|SRC-DUNLOP-FLOOR-LEVELLERS|SRC-SA-AS1884-2021,"Store the target tolerance, datum, high-spot removal, primer, compatible substrate and permitted thickness before generating a levelling layer."
TERM-353,"under-slab vapour barrier, liquid slab moisture barrier, floating-floor vapour retarder and wet-area waterproofing membrane as separate layers",moisture barrier,accepted_pending_review,"The phrase can refer to layers in very different positions with different materials and functions. A liquid treatment under resilient flooring is not an under-slab membrane, and neither automatically replaces a wet-area waterproofing system.",AU-FF-LIQUID-APPLIED-SLAB-MOISTURE-BARRIER|AU-FF-SHEET-FLOOR-VAPOUR-RETARDER|AU-WP-WET-AREA-FLOOR-ASSEMBLY|AU-CF-DAMP-PROOFING-MEMBRANE,SRC-SA-AS1884-2021|SRC-ARDEX-FLOOR-PREPARATION|SRC-SA-AS-3740-2021|SRC-ABCB-HP-FOOTINGS,"Ask which moisture source is controlled, where the layer sits and whether its role is vapour control, finish protection or wet-area waterproofing."
TERM-354,"carpet primary and secondary backing as parts of the carpet, with soft underlay as a separate installed layer",carpet backing or underlay,accepted_pending_review,"Backing is manufactured into the textile floor covering and carries or stabilises the pile. Underlay is a separate fibrous, foam, rubber or combination product installed below the carpet.",AU-FF-CARPET-PRIMARY-BACKING|AU-FF-CARPET-SECONDARY-BACKING|AU-FF-CARPET-SOFT-UNDERLAY|AU-FF-CARPET-TILE-CUSHION-BACKING,SRC-SA-AS2455-1-2019|SRC-SA-AS4288-2003|SRC-GODFREY-HIRST-CARPET-INSTALL,Keep factory carpet anatomy separate from site-installed underlay and from cushion backing factory attached to a carpet tile.
TERM-355,carpet gripper strip with angled pins,smooth edge,accepted_pending_review,Smooth edge is common Australian trade language for the timber strip even though the strip contains sharp angled gripper pins. It must not be modelled as a harmless flat trim or confused with a doorway naplock profile.,AU-FF-CARPET-GRIPPER-STRIP|AU-FF-CARPET-GRIPPER-PIN|AU-FF-CARPET-NAPLOCK-STRIP,SRC-SA-AS2455-1-2019|SRC-GODFREY-HIRST-CARPET-INSTALL|SRC-SA-AS4288-2003,"Accept smooth edge as an alias, but generate the concealed timber strip, angled pins, perimeter offset and separate substrate fixings."
TERM-356,"carpet seam tape, hot-melt seam adhesive and cut-edge sealer as separate components",carpet seam glue,accepted_pending_review,The hot-melt adhesive bonds the carpet backs to seam tape. Edge sealer binds cut textile edges. They occupy different geometries and one does not replace the other.,AU-FF-CARPET-SEAM-TAPE|AU-FF-CARPET-SEAM-HOT-MELT-ADHESIVE|AU-FF-CARPET-SEAM-EDGE-SEALER|AU-FF-BROADLOOM-CARPET-SEAM,SRC-SA-AS2455-1-2019|SRC-GODFREY-HIRST-CARPET-INSTALL,Draw backing reinforcement and cut-edge treatment independently and store the selected seaming method.
TERM-357,"PVC sheet, LVT, flexible vinyl plank, self-adhesive tile and rigid-core hybrid as separate product forms",vinyl flooring,accepted_pending_review,"Vinyl may mean roll sheet, flexible tile or plank, a factory-adhesive tile or a rigid click product sold as hybrid. Their seams, joints, adhesives, underlays and movement behaviour differ.",AU-FF-FLEXIBLE-PVC-SHEET-FLOORING|AU-FF-LUXURY-VINYL-TILE|AU-FF-LUXURY-VINYL-PLANK|AU-FF-SELF-ADHESIVE-RESILIENT-TILE|AU-FF-HYBRID-RIGID-CORE-PLANK,SRC-SA-AS1884-2021|SRC-ARFA-RESILIENT-TECHNICAL|SRC-FORBO-RESILIENT-INSTALL|SRC-POLYFLOR-SHEET-INSTALL,"Resolve supplied format, flexibility, core, edge joint and site-fixing method before choosing the drawable assembly."
TERM-358,heat-welded resilient finish seam,welded vinyl is automatically a waterproof floor,accepted_pending_review,"A compatible weld rod can close the finish seam, but waterproof performance depends on the whole selected system at substrate, walls, corners, drains, penetrations and terminations. A welded line alone is not compliance evidence.",AU-FF-HEAT-WELDED-RESILIENT-SEAM|AU-FF-RESILIENT-WELD-ROD|AU-WP-WATERPROOF-FLEXIBLE-SHEET-FLOOR|AU-WP-WET-AREA-FLOOR-ASSEMBLY,SRC-SA-AS1884-2021|SRC-POLYFLOR-SHEET-INSTALL|SRC-FORBO-RESILIENT-INSTALL|SRC-ABCB-HP-WET-AREA-WATERPROOFING,Treat seam construction and wet-area waterproofing evidence as separate checks tied to the complete selected floor system.
TERM-359,"timber skirting, scotia or quad, preformed resilient skirting and integral coved sheet upturn as separate perimeter objects",skirting,accepted_pending_review,"The word can mean a board fixed to the wall, a small gap-cover moulding, a separate flexible profile or the floor sheet itself turned up the wall. Each has different geometry, fixing and junctions.",AU-FF-TIMBER-SKIRTING-BOARD|AU-FF-SCOTIA-OR-QUAD-FLOOR-TRIM|AU-FF-PREFORMED-RESILIENT-SKIRTING|AU-FF-COVED-RESILIENT-SHEET-UPTURN,SRC-ABCB-WALL-LINING-ATTACHMENTS|SRC-ATFA-FLOATING-FLOORS|SRC-FORBO-RESILIENT-INSTALL,"Ask whether the perimeter finish is a board, small moulding, separate resilient extrusion or an integral continuation of the floor sheet."
TERM-360,"finish transition, doorway threshold and movement-joint cover as different assemblies",floor joiner or threshold strip,accepted_pending_review,"A transition protects two finish edges, a doorway threshold coordinates door and access geometry, and an expansion-joint cover bridges a moving substrate separation. Similar-looking top caps do not give them the same role.",AU-FF-FLOOR-TRANSITION-ASSEMBLY|AU-FF-DOORWAY-THRESHOLD-PROFILE|AU-LH-INTERNAL-DOORWAY-THRESHOLD-ASSEMBLY|AU-FF-FLOOR-EXPANSION-JOINT-COVER,SRC-ABCB-LIVABLE-HOUSING-STANDARD|SRC-ABCB-LIVABLE-HOUSING-HANDBOOK|SRC-ATFA-FLOATING-FLOORS|SRC-SA-AS-3958-2023,"Resolve adjoining finish levels, doorway constraints and substrate movement before selecting a profile family."
TERM-361,dry-area tiled floor and wet-area tiled waterproofing assembly as separate contexts,tiled floor,accepted_pending_review,"A dry tiled floor can be represented by prepared substrate, adhesive, tile, grout and movement joints. A wet-area floor also depends on falls, waterstops, membranes, drains, penetrations and wall junctions that must not disappear behind the finish label.",AU-FF-DRY-AREA-TILED-FLOOR-ASSEMBLY|AU-FF-DRY-AREA-CERAMIC-FLOOR-TILE|AU-WP-TILED-WET-AREA-FLOOR|AU-WP-WET-AREA-FLOOR-ASSEMBLY,SRC-SA-AS-3958-2023|SRC-SA-AS13006-2020|SRC-ABCB-HP-WET-AREA-WATERPROOFING|SRC-ARDEX-INTERNAL-WET-AREA-SPECS,Determine the room exposure and applicable wet-area system before assigning the tile to a dry-finish or waterproofed assembly.
TERM-362,"timber sanding sequence, filler, sealer coat and protective coating as separate operations and materials",sand and polish,accepted_pending_review,"Polish is common trade language, but many floors receive polyurethane, oil, hardwax oil or another protective system rather than a literal polishing-only process. Sanding also removes material and is limited by board and wear-layer thickness.",AU-FF-TIMBER-FLOOR-SANDING-FINISHING-ASSEMBLY|AU-FF-TIMBER-FLOOR-FILLER|AU-FF-TIMBER-FLOOR-SEALER-COAT|AU-FF-TIMBER-FLOOR-PROTECTIVE-COATING,SRC-SA-AS4786-2-2005|SRC-ATFA-SOLID-TIMBER-FLOORING|SRC-ATFA-ENGINEERED-FLOORING,"Store sanding allowance, grit sequence, filler, sealer and coating chemistry instead of generating one generic polish layer."
TERM-363,"paint material, application coat, dry film and complete paint system as separate concepts",paint or coat,accepted_pending_review,"Paint can mean liquid product, one application, the dry film left by that application or the entire preparation-and-coating build-up. Those meanings produce different geometry, quantities and evidence.",AU-DF-ARCHITECTURAL-SURFACE-FINISH-SYSTEM|AU-DF-PAINT-FINISH-COAT|AU-DF-OPAQUE-PAINT-DRY-FILM,SRC-SA-ASNZS2310-2002|SRC-SA-ASNZS2311-2017|SRC-SA-AS3730-0-2006,"Ask whether the input names a product, an application coat, a permanent dry film or the ordered system before generating geometry or quantities."
TERM-364,"primer, sealer and undercoat as different coating roles",primer or undercoat,accepted_pending_review,"Primer mainly establishes substrate adhesion, sealer regulates or isolates the receiving face, and undercoat creates build or uniformity below a finish. Products can combine roles without making the words universal synonyms.",AU-DF-TIMBER-PRIMER|AU-DF-PLASTERBOARD-SEALER|AU-DF-PAINT-UNDERCOAT,SRC-SA-ASNZS2310-2002|SRC-SA-ASNZS2311-2017|SRC-WATTYL-ARCHITECTURAL-PAINT-DATA,"Resolve substrate, coating role and selected product before deciding whether separate first and intermediate coats exist."
TERM-365,one combined primer-sealer-undercoat coating where the product supports all three roles,three-in-one or PSU,accepted_pending_review,A primer-sealer-undercoat can be one physical product and one or more application coats. The three role words do not instruct the tool to draw or quantify three different films.,AU-DF-PRIMER-SEALER-UNDERCOAT|AU-DF-PAINT-UNDERCOAT|AU-DF-PAINT-FINISH-COAT,SRC-SA-ASNZS2311-2017|SRC-SA-ASNZS2310-2002|SRC-WATTYL-ARCHITECTURAL-PAINT-DATA,"Store product, role claims and application coat count separately; generate only the physical coats in the documented schedule."
TERM-366,decorative exterior paint and waterproofing membrane as separate physical systems,waterproof paint or weatherproof paint,accepted_pending_review,"An exterior coating can provide colour and surface protection, but a wet-area or other waterproof membrane has classified system geometry, junctions, penetrations and evidence that generic paint does not supply.",AU-DF-EXTERIOR-ACRYLIC-FINISH-COAT|AU-DF-WET-AREA-DECORATIVE-PAINT|AU-WP-WET-AREA-MEMBRANE|AU-WP-WET-AREA-WATERPROOFING-SYSTEM,SRC-ABCB-V2-A5-PAINTING-BOUNDARY|SRC-ABCB-HP-WET-AREA-WATERPROOFING|SRC-SA-ASNZS2311-2017,Identify the exposure and compliance role; attach exterior paint to the full evidenced wall or wet-area assembly without relabelling it as a membrane.
TERM-367,ordinary decorative paint and tested intumescent fire-protective coating as separate systems,fire paint or fireproof paint,accepted_pending_review,"An intumescent structural coating reacts in fire within a tested substrate, primer, build and topcoat system. Ordinary paint colour, thickness or marketing language cannot create an FRL or fire-protection result.",AU-DF-OPAQUE-PAINT-DRY-FILM|AU-FS-INTUMESCENT-STRUCTURAL-FIRE-COATING,SRC-SA-ASNZS2311-2017|SRC-ABCB-HP-FIRE-SEPARATION-EXTERNAL|SRC-SA-AS-1530-4-2014,"Route fire-protection requests to the tested fire-safety assembly and preserve its substrate, primer, dry-film build, topcoat and evidence."
TERM-368,clear timber coating that leaves grain visible but can change colour and sheen,clear or colourless finish,accepted_pending_review,"Clear describes transparency, not absence of colour change. Water-borne clear coat, varnish, polyurethane, lacquer and shellac can alter amber tone, contrast and sheen differently.",AU-DF-WATER-BORNE-CLEAR-TIMBER-COATING|AU-DF-SOLVENT-BORNE-VARNISH|AU-DF-POLYURETHANE-CLEAR-COATING|AU-DF-SHELLAC-SEALER-COAT,SRC-SA-ASNZS2311-2017|SRC-SA-AS3730-0-2006|SRC-INTERGRAIN-TIMBER-FINISHES,"Store coating family, timber species, approved sample, colour change and sheen rather than translating clear to invisible."
TERM-369,"timber stain, penetrating oil and varnish as different finish roles",timber stain or oil finish,accepted_pending_review,"Stain primarily colours timber, penetrating oil enters the near surface with low build, and varnish forms a protective film. Some proprietary products combine functions but the physical roles remain distinct.",AU-DF-WATER-BORNE-TIMBER-STAIN|AU-DF-PENETRATING-TIMBER-OIL|AU-DF-SOLVENT-BORNE-VARNISH|AU-DF-TIMBER-STAIN-CLEAR-TOPCOAT,SRC-SA-ASNZS2311-2017|SRC-SA-AS3730-0-2006|SRC-INTERGRAIN-TIMBER-FINISHES,"Record colouring, penetration and film-forming roles from the selected product instead of mapping every translucent timber finish to one material."
TERM-370,aggregate-filled texture coating and cement render as separate layers,texture render or texture coat,accepted_pending_review,"Texture coating is a binder-and-aggregate coating over a prepared substrate, while render is a distinct mineral or polymer-modified levelling and finish layer. Similar rough appearance does not merge them.",AU-DF-CONCRETE-MASONRY-TEXTURE-COATING-SYSTEM|AU-DF-AGGREGATE-FILLED-HIGH-BUILD-TEXTURE|AU-DF-LOW-PROFILE-TEXTURE-COATING,SRC-SA-ASNZS4548-4-1999|SRC-DULUX-EXTERIOR-PAINT-SYSTEM|SRC-CSIRO-APAS-PAINT-CERTIFICATION,"Resolve composition, nominal build, substrate-levelling role and product system before choosing coating or render geometry."
TERM-371,declared or measured product sheen as a coating attribute,"flat, matt or low sheen",accepted_pending_review,Sheen labels are related but their ranges can differ between products and suppliers. They change optical appearance without becoming separate physical boards or universal material classes.,AU-DF-WATER-BORNE-ACRYLIC-WALL-PAINT|AU-DF-FLAT-CEILING-PAINT|AU-DF-PAINT-FINISH-COAT,SRC-SA-AS3730-0-2006|SRC-WATTYL-ARCHITECTURAL-PAINT-DATA|SRC-DULUX-EXTERIOR-PAINT-SYSTEM,Retain the selected product's declared sheen or test data and use it as rendering metadata rather than converting the label to extra geometry.
TERM-372,"enamel finish with explicit binder, carrier and sheen",enamel means oil-based gloss,accepted_pending_review,Australian architectural enamel can be water-borne acrylic or solvent-borne alkyd and can be supplied in more than one sheen. Enamel alone does not identify chemistry or gloss level.,AU-DF-WATER-BORNE-ENAMEL-PAINT|AU-DF-SOLVENT-BORNE-ALKYD-ENAMEL,SRC-SA-ASNZS2311-2017|SRC-SA-ASNZS2310-2002|SRC-WATTYL-ARCHITECTURAL-PAINT-DATA,Ask for the selected product family and sheen before generating trim or door coating data.
TERM-373,permanent dry paint film and temporary wet application film as different states,paint film thickness,accepted_pending_review,Wet-film thickness is measured during application and includes volatile carrier. Dry-film thickness describes the permanent solid material after drying or curing. The values are not interchangeable.,AU-DF-OPAQUE-PAINT-DRY-FILM|AU-DF-PAINT-INTERMEDIATE-COAT|AU-DF-PAINT-FINISH-COAT,SRC-SA-ASNZS2310-2002|SRC-SA-AS3730-0-2006|SRC-WATTYL-ARCHITECTURAL-PAINT-DATA,Store wet and dry measurements with their method and stage; draw the completed dry film and retain wet film only as application evidence.
TERM-374,"lead-paint status supported by a documented survey, sample or suitable test",old paint is lead paint,accepted_pending_review,Building age and coating appearance can trigger investigation but do not prove lead content. Automatically labelling old paint creates both safety and data errors.,AU-DF-RETAINED-EXISTING-PAINT-FILM|AU-DF-LEAD-PAINT-RETAINED-FIELD,SRC-SA-ASNZS4361-2-2017|SRC-SA-ASNZS2311-2017,Record unknown or suspected status until competent investigation identifies the actual hazardous coating field.
TERM-375,"lead-paint encapsulation, ordinary repainting and removal as different management actions",paint over the lead paint,accepted_pending_review,"Encapsulation uses a documented management system over suitable retained lead paint and keeps the hazard record. Ordinary repainting is not automatically encapsulation, while removal changes the retained physical field and introduces a different hazardous process.",AU-DF-LEAD-PAINT-ENCAPSULATION-SYSTEM|AU-DF-LEAD-PAINT-RETAINED-FIELD|AU-DF-LEAD-PAINT-ENCAPSULATING-COATING,SRC-SA-ASNZS4361-2-2017|SRC-SA-ASNZS2311-2017|SRC-CSIRO-APAS-PAINT-CERTIFICATION,"Require the hazardous-paint management method and evidence, then preserve the retained field and inspection obligations when encapsulation is selected."
TERM-376,decorative wallpaper finish and structural or non-structural wall lining as separate objects,wall covering or wall lining,accepted_pending_review,"Wallpaper is a thin decorative finish bonded over a substrate. Plasterboard, fibre cement and other lining sheets form the wall face beneath it. Lining paper is a third, thin preparatory sheet.",AU-DF-WALLCOVERING-FINISH-SYSTEM|AU-DF-WALLPAPER-LINING-PAPER|AU-IL-INTERNAL-WALL-LINING-ASSEMBLY,SRC-TGA-CPCCPD3027-WALLPAPER|SRC-TGA-CPCCPD3032-WALLCOVERINGS|SRC-SA-ASNZS2589-2017,"Resolve whether the term means the host lining sheet, optional lining paper or exposed decorative wallcovering before drawing the layer stack."
TERM-377,paste-the-wall and paste-the-paper as different adhesive-placement topologies,pasted wallpaper,accepted_pending_review,"Both systems leave adhesive behind the covering, but one applies it to the prepared wall and the other to the sheet backing with possible booking or relaxation. Product construction and handling differ.",AU-DF-PASTE-THE-WALL-WALLCOVERING-ASSEMBLY|AU-DF-PASTE-THE-PAPER-WALLCOVERING-ASSEMBLY|AU-DF-WALLCOVERING-ADHESIVE-FILM,SRC-TGA-CPCCPD3027-WALLPAPER|SRC-TGA-CPCCPD3032-WALLCOVERINGS|SRC-MILTON-KING-WALLPAPER-INSTALL,Read the selected product's hanging method before placing adhesive or calculating booking and drop workflow.
TERM-378,water-activated ready-pasted wallpaper and pressure-sensitive self-adhesive wallcovering as separate systems,pre-glued or peel-and-stick wallpaper,accepted_pending_review,"Ready-pasted backing activates with water, while self-adhesive backing bonds under pressure after a release liner is removed. Their substrate, activation, handling and removal behaviours differ.",AU-DF-READY-PASTED-WALLPAPER-ASSEMBLY|AU-DF-SELF-ADHESIVE-WALLCOVERING-ASSEMBLY|AU-DF-FACTORY-READY-PASTE-COATING|AU-DF-PRESSURE-SENSITIVE-WALLCOVERING-BACKING,SRC-TGA-CPCCPD3027-WALLPAPER|SRC-TGA-CPCCPD3032-WALLCOVERINGS|SRC-MILTON-KING-WALLPAPER-INSTALL,Resolve water activation versus pressure-sensitive backing and exclude the temporary release liner from completed-building geometry.
TERM-379,wallcovering primer-sealer and wallpaper size as separate preparation roles,prime or size the wall,accepted_pending_review,"Primer-sealer creates a compatible sealed receiving face. Size regulates suction, slip and paste behaviour in a selected hanging system. One product can combine roles, but the terms are not universally interchangeable.",AU-DF-WALLCOVERING-PRIMER-SEALER|AU-DF-WALLPAPER-SIZE-COAT|AU-DF-WALLCOVERING-ADHESIVE-FILM,SRC-TGA-CPCCPD3027-WALLPAPER|SRC-TGA-CPCCPD3032-WALLCOVERINGS|SRC-MATERIALISED-WALLCOVERING-INSTALL,"Store the product and intended role, then generate separate layers only where the documented wallcovering system physically includes them."
TERM-380,finished butt seam and double-cut seam method as related but different concepts,double-cut butt joint,accepted_pending_review,Butt seam describes the finished edge-to-edge junction. Double cutting is one installation method that creates matching edges after a temporary overlap. Factory-trimmed drops can also form butt seams without double cutting.,AU-DF-WALLCOVERING-BUTT-SEAM|AU-DF-WALLCOVERING-DOUBLE-CUT-SEAM,SRC-TGA-CPCCPD3027-WALLPAPER|SRC-TGA-CPCCPD3032-WALLCOVERINGS|SRC-MATERIALISED-WALLCOVERING-INSTALL,Record the finished junction and the installation method separately; do not retain the temporary overlap as completed geometry.
TERM-381,"inherent grasscloth fibre, shade and panel variation",mismatched or defective wallpaper,accepted_pending_review,"Natural grasscloth can show visible seams, fibre irregularity and drop-to-drop shading as part of its material character. A seamless digital texture is not the acceptance baseline.",AU-DF-GRASSCLOTH-WALLCOVERING|AU-DF-SPECIALTY-WALLCOVERING-ASSEMBLY|AU-DF-WALLCOVERING-BUTT-SEAM,SRC-TGA-CPCCPD3032-WALLCOVERINGS|SRC-MATERIALISED-WALLCOVERING-INSTALL|SRC-MILTON-KING-WALLPAPER-INSTALL,"Store the approved sample, batch, top direction and expected natural variation before applying defect checks or texture repetition."
TERM-382,ordered multi-panel mural and repeating roll wallpaper as different layout systems,feature wallpaper or mural,accepted_pending_review,"A mural reconstructs one composed image from numbered panels and a crop datum. Repeating wallpaper uses roll width, pattern repeat and match rules. Tiling one image cannot serve both systems.",AU-DF-WALL-MURAL-ASSEMBLY|AU-DF-WALL-MURAL-PANEL|AU-DF-WALLPAPER-DROP|AU-DF-WALLPAPER-ROLL,SRC-TGA-CPCCPD3032-WALLCOVERINGS|SRC-MILTON-KING-WALLPAPER-INSTALL|SRC-MATERIALISED-WALLCOVERING-INSTALL,"Select image-panel ordering and crop for murals, or roll-repeat and match logic for repeating wallpaper, before generating sheets."
TERM-383,cement as a binder constituent and concrete as the hardened composite material,"cement wall, cement slab or pour cement",accepted_pending_review,"Cement is a reactive powder within the binder. Concrete combines binder, water and aggregates, with reinforcement or fibres where selected. Treating them as synonyms corrupts material quantities and specifications.",AU-CS-GENERAL-PURPOSE-CEMENT|AU-CS-CEMENTITIOUS-BINDER|AU-CF-CONCRETE-MATERIAL,SRC-SA-AS3972-2010|SRC-SA-AS1379-2007|SRC-CEMENT-AUSTRALIA-CEMENT,"Ask whether the user means supplied cement powder, the full fresh mix or the hardened concrete element before creating material or geometry."
TERM-384,"concrete, mortar and grout as different cement-based materials",cement mix or concrete grout,accepted_pending_review,"These materials can share binder and aggregate ingredients but have different particle sizes, placement roles, structural uses and product evidence. A bearing grout or tendon grout is not ordinary concrete.",AU-CF-CONCRETE-MATERIAL|AU-CS-POST-TENSIONING-GROUT|AU-CS-PRECAST-GROUT-BED,SRC-SA-AS1379-2007|SRC-SA-AS1478-1-2000|SRC-SA-DIT-POST-TENSIONED-CONCRETE,"Resolve the material's host, aggregate scale and purpose before mapping a generic cement-based mix to an object."
TERM-385,cast-in-place and prefabricated concrete as different manufacture and connection topologies,"concrete wall, beam or slab",accepted_pending_review,"The same member role can be cast in its final position or manufactured as a discrete element. Prefabrication adds lifting, transport, bearings, erection bracing and final connections that a cast-in-place solid does not have.",AU-CS-CAST-IN-PLACE-CONCRETE-SYSTEM|AU-CS-PREFABRICATED-CONCRETE-SYSTEM|AU-CS-PREFABRICATED-CONCRETE-ELEMENT,SRC-SA-AS3600-2018|SRC-SA-AS3850-1-2024|SRC-SA-AS3850-2-2024,"Require manufacture method and element boundaries before generating joints, lifting inserts, bearings or continuous reinforcement."
TERM-386,slab-on-ground and suspended slab as separate support conditions,concrete slab,accepted_pending_review,"A ground slab is supported continuously or through integral beams by prepared ground. A suspended slab spans to discrete walls, beams or columns with space below. Their formwork, load path and reinforcement topology differ.",AU-CF-SLAB-ON-GROUND-ASSEMBLY|AU-CS-SUSPENDED-CONCRETE-FLOOR-SYSTEM|AU-CS-CONCRETE-SLAB-SYSTEM,SRC-ABCB-HP-FOOTINGS|SRC-YOURHOME-CONCRETE-SLABS|SRC-SA-AS3600-2018,"Resolve the actual support below the slab before selecting ground beams, suspended formwork, span directions or deflection attributes."
TERM-387,waffle raft and suspended waffle slab as separate assemblies,waffle slab,accepted_pending_review,A waffle raft is ground-supported and commonly formed over pods. A suspended waffle slab spans through intersecting ribs and uses coffers or soffit forms. Similar underside grids do not make their supports or parts interchangeable.,AU-CF-WAFFLE-RAFT-SLAB|AU-CF-WAFFLE-POD|AU-CS-SUSPENDED-WAFFLE-SLAB|AU-CS-WAFFLE-SLAB-COFFER,SRC-ABCB-HP-FOOTINGS|SRC-YOURHOME-CONCRETE-SLABS|SRC-SA-AS3600-2018|SRC-TGA-CPCCCA3019-FORMWORK,"Ask whether the rib grid bears on ground or spans above space, then create pods or suspended coffers accordingly."
TERM-388,flat plate without support thickenings and flat slab with drops or capitals,flat slab,accepted_pending_review,Trade and international usage can blur these names. The physical distinction needed by the drawing tool is whether drop panels or column capitals exist at column supports.,AU-CS-FLAT-PLATE-SLAB|AU-CS-FLAT-SLAB|AU-CS-DROP-PANEL|AU-CS-COLUMN-CAPITAL,SRC-SA-AS3600-2018|SRC-CAUL-CONCRETE-MEASUREMENT,Use support-zone geometry as the deciding input and retain the user's wording as an alias if regional documentation differs.
TERM-389,structural concrete topping and non-structural screed as different layers,topping or screed,accepted_pending_review,"A structural topping contributes to composite action or load distribution when designed. A screed generally provides levels, falls or a finish substrate. Thickness and cementitious appearance cannot prove structural participation.",AU-CS-STRUCTURAL-CONCRETE-TOPPING|AU-FF-DRY-AREA-BONDED-FLOOR-SCREED|AU-CS-HOLLOWCORE-FLOOR-PLANK,SRC-SA-AS3600-2018|SRC-NATIONAL-PRECAST-HOLLOWCORE|SRC-NATIONAL-PRECAST-PRODUCTS,Require the documented structural role and interface connection before classifying a cast layer as structural topping.
TERM-390,deep pile and shallow bulk pier as different foundation elements,concrete pier,accepted_pending_review,"Australian usage can call a shallow enlarged hole a bulk pier and can also call drilled deep foundations piers. Depth, slenderness, installation method and geotechnical load path decide the object, not the word pier alone.",AU-CF-BULK-PIER|AU-CS-CONCRETE-PILE|AU-CS-BORED-CAST-IN-PLACE-PILE,SRC-ABCB-HP-FOOTINGS|SRC-SA-AS2159-2009|SRC-ABCB-V2-H1-STRUCTURE,Ask for the geotechnical and installation description before mapping pier to a shallow or deep-foundation family.
TERM-391,open-hole bored pile and continuous-flight-auger pile as different installation topologies,augered or bored pile,accepted_pending_review,An ordinary bored pile leaves an excavated shaft before concrete placement. A CFA pile places concrete or grout as the continuous auger is withdrawn and inserts reinforcement into fresh material. Records and temporary states differ.,AU-CS-BORED-CAST-IN-PLACE-PILE|AU-CS-CFA-CONCRETE-PILE|AU-CS-PILE-REINFORCEMENT-CAGE,SRC-SA-AS2159-2009|SRC-ABCB-V2-H1-STRUCTURE,Store the actual installation method and reinforcement sequence rather than selecting from a cylindrical final shape.
TERM-392,reinforcement product form and reinforcement role as separate properties,"main bar, top bar, distribution bar or N bar",accepted_pending_review,"Deformed or plain describes the steel product and surface. Longitudinal, transverse, top, bottom, main and distribution describe location or design role. One physical bar can carry several role labels without becoming several solids.",AU-CS-DEFORMED-REINFORCING-BAR|AU-CS-LONGITUDINAL-REINFORCING-BAR|AU-CS-TRANSVERSE-REINFORCING-BAR|AU-CF-REINFORCING-BAR,SRC-SA-ASNZS4671-2019|SRC-SA-AS3600-2018|SRC-TGA-CPCCSF2004-REINFORCEMENT,"Create one bar geometry and attach product designation, face or layer and all documented design roles as separate attributes."
TERM-393,starter bar and joint dowel as different connection roles,dowel or starter,accepted_pending_review,A starter develops into a later concrete pour to continue reinforcement. A joint dowel can transfer shear and may need one sleeved or debonded end to permit movement. Modelling every projecting bar as fully bonded can lock a movement joint.,AU-CS-STARTER-REINFORCING-BAR|AU-CS-CONCRETE-JOINT-DOWEL-BAR|AU-CS-DOWEL-SLEEVE,SRC-SA-AS3600-2018|SRC-TGA-CPCCSF2004-REINFORCEMENT|SRC-TGA-CPCCCO2014-CONCRETE,"Record the joint role, bond state at each end and movement direction before generating bar embedment."
TERM-394,lap splice and mechanical bar splice as different force-transfer assemblies,join the rebar,accepted_pending_review,"A lap uses overlapping bars and surrounding concrete bond. A mechanical splice uses a qualified coupler or grouted sleeve. Their congestion, bar preparation and inspection evidence differ.",AU-CS-REINFORCING-BAR-LAP-SPLICE|AU-CS-MECHANICAL-BAR-SPLICE|AU-CS-REINFORCING-BAR-COUPLER|AU-CS-GROUTED-REINFORCING-SLEEVE,SRC-SA-AS3600-2018|SRC-SRIA-MECHANICAL-SPLICES|SRC-TGA-CPCCSF2004-REINFORCEMENT,"Select the documented splice system and preserve its product, bar-end preparation, grout and inspection states."
TERM-395,"bar chair, cover spacer and cover dimension as separate concepts",reo spacer or cover block,accepted_pending_review,"A chair normally supports a reinforcement layer vertically. A spacer maintains side or soffit cover. Cover itself is the measured concrete distance, not a component. Products can combine roles but the concepts remain distinct.",AU-CF-BAR-CHAIR|AU-CS-REINFORCEMENT-COVER-SPACER|AU-CS-PLASTIC-BAR-CHAIR|AU-CS-CONCRETE-BAR-CHAIR,SRC-SA-ASNZS2425-2015|SRC-SRIA-BAR-CHAIRS|SRC-SA-AS3600-2018,Store the physical support product separately from the required cover and the direction of load or restraint.
TERM-396,"construction, contraction, isolation and expansion joints as different designed interfaces",control joint or expansion joint,accepted_pending_review,"A construction joint stages pours, a contraction joint localises shortening cracks, an isolation joint separates a local restraint, and an expansion joint separates moving structural units. Calling all of them expansion joints loses the intended movement and transfer topology.",AU-CS-CONCRETE-CONSTRUCTION-JOINT|AU-CS-CONCRETE-CONTRACTION-JOINT|AU-CS-CONCRETE-ISOLATION-JOINT|AU-CS-CONCRETE-EXPANSION-JOINT,SRC-TGA-CPCCCO2014-CONCRETE|SRC-SA-AS3600-2018|SRC-CAUL-CONCRETE-MEASUREMENT,"Require the joint's design intent, reinforcement continuity, dowels, filler and movement before choosing its type."
TERM-397,designed concrete joint and accidental crack as different entities,crack or joint line,accepted_pending_review,"A joint has an intended route and components. A crack is a material discontinuity or condition that may be expected, accidental or evidence of distress. A saw-cut contraction joint may guide a crack but the groove and crack are not synonyms.",AU-CS-CONCRETE-JOINT-SYSTEM|AU-CS-SAW-CUT-JOINT-GROOVE|AU-CS-CONCRETE-CONTRACTION-JOINT,SRC-TGA-CPCCCO2014-CONCRETE|SRC-SA-AS3600-2018,Keep cracks in condition and inspection data unless a separate defect ontology is added; never auto-upgrade them to designed joints.
TERM-398,structural concrete joint waterstop and wet-area waterstop angle as different objects,waterstop,accepted_pending_review,"A structural waterstop is embedded in or applied across a concrete joint. A wet-area waterstop angle terminates a membrane at a shower or doorway. Their profiles, hosts and water paths are unrelated.",AU-CS-CONCRETE-JOINT-WATERSTOP|AU-CS-CENTRE-BULB-WATERSTOP|AU-CS-HYDROPHILIC-JOINT-STRIP|AU-WP-WATERSTOP-ANGLE,SRC-TGA-CPCCCO2014-CONCRETE|SRC-SA-AS3600-2018|SRC-ABCB-HP-WET-AREA-WATERPROOFING,Resolve the host as a structural concrete joint or a finished wet-area boundary before creating the waterstop profile.
TERM-399,cast-in fastening and post-installed fastening as different installation states,concrete anchor or insert,accepted_pending_review,"A cast-in anchor is positioned before concrete placement. A post-installed anchor is drilled or bonded into hardened concrete. Their clash checks, edge evidence and installation inspection differ even when they support the same bracket.",AU-CS-CAST-IN-THREADED-FERRULE|AU-CS-CAST-IN-ANCHOR-CHANNEL|AU-CS-CAST-IN-STEEL-PLATE|AU-SS-ANCHOR-BOLT,SRC-SA-AS5216-2021|SRC-SA-AS3600-2018|SRC-TGA-CPCCCO2014-CONCRETE,Require installation timing and selected product before choosing cast-in setout or post-installed drilling geometry.
TERM-400,"blockout, recess and cast-in sleeve as different negative-space topologies",leave a hole in the concrete,accepted_pending_review,"A blockout is a reserved volume, often for later work. A recess is a shallow pocket from one face. A sleeve is a retained tube lining a passage. Their lifecycle, sealing and quantity geometry differ.",AU-CS-CONCRETE-BLOCKOUT|AU-CS-CONCRETE-RECESS|AU-CS-CAST-IN-PENETRATION-SLEEVE|AU-CS-FORMWORK-BOXOUT-FORMER,SRC-TGA-CPCCCO2014-CONCRETE|SRC-TGA-CPCCCA3019-FORMWORK|SRC-SA-AS3600-2018,"Ask whether the passage is full-depth, shallow, lined, temporary or later infilled before generating subtractive geometry."
TERM-401,"prestressed as the parent family, with pre-tensioned and post-tensioned as different methods",prestressed or post-tensioned concrete,accepted_pending_review,Prestressed concrete is the broad family. Pre-tensioned strand transfers force to concrete after casting through bond. Post-tensioned tendons are stressed against hardened concrete through anchorages. Precast does not automatically mean pre-tensioned.,AU-CS-PRESTRESSED-CONCRETE-ELEMENT|AU-CS-POST-TENSIONED-CONCRETE-ELEMENT|AU-CS-POST-TENSIONING-SYSTEM|AU-CS-PRESTRESSING-STRAND,SRC-SA-AS3600-2018|SRC-SA-ASNZS4672-1-2007|SRC-SA-ASNZS1314-2003,"Require the force-introduction method, anchor or transfer zones and casting location before creating tendon components."
TERM-402,bonded multistrand tendon and unbonded monostrand tendon as different permanent assemblies,PT cable,accepted_pending_review,A bonded tendon contains strands in a common duct later filled with grout. An unbonded monostrand has grease and a continuous plastic sheath and no grouted common duct. Generating the wrong enclosure changes inspection and no-cut geometry.,AU-CS-BONDED-MULTISTRAND-TENDON|AU-CS-UNBONDED-MONOSTRAND-TENDON|AU-CS-POST-TENSIONING-DUCT|AU-CS-POST-TENSIONING-GROUT,SRC-PTIA-BONDED-PT|SRC-PTIA-UNBONDED-PT|SRC-SA-DIT-POST-TENSIONED-CONCRETE,"Select bonded or unbonded system first, then generate only its applicable duct, sheath, grout, grease and anchorage components."
TERM-403,prestressing strand as material component and tendon as the complete force path,"strand, cable or tendon",accepted_pending_review,"Strand is the high-strength steel product. A tendon contains one or more strands plus sheath or duct, anchorages and protection. Cable is common speech but can collide with electrical and wire-rope objects.",AU-CS-PRESTRESSING-STRAND|AU-CS-BONDED-MULTISTRAND-TENDON|AU-CS-UNBONDED-MONOSTRAND-TENDON|AU-CS-POST-TENSIONING-SYSTEM,SRC-SA-ASNZS4672-1-2007|SRC-PTIA-BONDED-PT|SRC-PTIA-UNBONDED-PT,Model strand paths as children of a tendon assembly and keep cable as a search alias only after context resolution.
TERM-404,live-end and dead-end post-tensioning anchorages as different stressing roles,PT anchor,accepted_pending_review,"The live end is accessible to the stressing jack. The dead end is fixed and not the active jacking end. Both transfer tendon force, but only one needs the same stressing access and recess state.",AU-CS-LIVE-END-PT-ANCHORAGE|AU-CS-DEAD-END-PT-ANCHORAGE|AU-CS-PT-ANCHORAGE-RECESS,SRC-SA-ASNZS1314-2003|SRC-PTIA-BONDED-PT|SRC-PTIA-UNBONDED-PT,Record stressing direction and accessible end before creating anchorage recess and jack-clearance geometry.
TERM-405,precast as the broad family and tilt-up as a particular casting and erection method,precast or tilt panel,accepted_pending_review,"All tilt-up panels are prefabricated elements, but many precast panels are cast in factories or beds and lifted without tilting from a slab-on-ground casting position. The manufacture and lifting states differ.",AU-CS-PREFABRICATED-CONCRETE-ELEMENT|AU-CS-PRECAST-SOLID-WALL-PANEL|AU-CS-PREFABRICATED-CONCRETE-SYSTEM,SRC-SA-AS3850-1-2024|SRC-SA-AS3850-2-2024|SRC-SWA-PRECAST-TILTUP-COP,"Store factory, casting-bed or site tilt-up manufacture and actual rotation path as attributes rather than treating tilt-up as every precast wall."
TERM-406,"cast-in lifting anchor, removable lifting clutch and final structural connection as different objects",lifting point or insert,accepted_pending_review,"The anchor remains embedded, the clutch is removable lifting equipment, and the final connection transfers in-service actions. One lifting point must not be reused as a structural connection without explicit design.",AU-CS-CAST-IN-LIFTING-ANCHOR|AU-CS-PRECAST-LIFTING-CLUTCH|AU-CS-PRECAST-CONNECTION-ASSEMBLY,SRC-SA-AS3850-1-2024|SRC-SA-AS3850-2-2024|SRC-TGA-CPCPRE3000-PREFABRICATED,Attach lifecycle and load-stage roles to every insert and exclude lifting clutches from completed-building geometry.
TERM-407,temporary precast panel bracing and permanent structural bracing as different systems,brace the wall,accepted_pending_review,Erection braces stabilise panels only until final connections and diaphragms are complete. Permanent braces remain in service. Removing either at the wrong model state changes the load path.,AU-CS-PRECAST-PANEL-TEMPORARY-BRACE|AU-CS-CAST-IN-BRACE-INSERT|AU-CS-PREFABRICATED-CONCRETE-SYSTEM,SRC-SA-AS3850-2-2024|SRC-SWA-PRECAST-TILTUP-COP|SRC-TGA-CPCPRE3000-PREFABRICATED,"Require erection and release stages, brace design and completed stability evidence before hiding or removing temporary braces."
TERM-408,formwork as the mould and falsework as its supporting temporary structure,formwork or shoring,accepted_pending_review,"Form faces shape and contain concrete. Falsework carries the formwork and construction loads to foundations. One system can include both, but their members and failure paths differ.",AU-CS-FORMWORK-AND-FALSEWORK-SYSTEM|AU-CS-FORM-FACE|AU-CS-FALSEWORK-ASSEMBLY,SRC-SA-AS3610-1-2018|SRC-SA-AS3610-2-INT-2023|SRC-SAFEWORK-NSW-FORMWORK-COP,"Build a load-path tree from concrete face through sheathing, joists, bearers, props and foundations instead of one generic formwork object."
TERM-409,temporary formwork and documented permanent formwork as different lifecycle objects,leave the formwork in,accepted_pending_review,"Ordinary formwork is removed. Permanent formwork remains as a deck, lining or protective layer. Remaining in place does not automatically give it composite, structural, fire or finish performance.",AU-CS-FORM-FACE|AU-CS-PERMANENT-CONCRETE-FORMWORK|AU-CS-COMPOSITE-STEEL-DECK-SLAB,SRC-SA-AS3610-1-2018|SRC-SA-AS3610-2-INT-2023|SRC-ABCB-V2-H1-STRUCTURE,Require retained status and each final performance role before including formwork in the completed model.
TERM-410,"form face, form liner and resulting off-form concrete surface as different objects or states",concrete finish from the form,accepted_pending_review,"The form face and optional liner are temporary materials. Their inverse texture and joint layout appear on the permanent concrete surface. A formed surface class is evidence and acceptance data, not a coating.",AU-CS-FORM-FACE|AU-CS-CONCRETE-FORM-LINER|AU-CS-FORMWORK-PLYWOOD,SRC-SA-AS3610-1-2018|SRC-SA-AS6669-2016|SRC-TGA-CPCCCA3019-FORMWORK,"Generate temporary form geometry for construction views and transfer only the documented inverse relief, joints and surface attributes to the completed concrete."
TERM-411,manufactured special-purpose unit and documented site-cut unit as different supply states,special brick,accepted_pending_review,"A manufacturer can supply a controlled corner, sill, jamb or closure profile. A site cut changes faces, shells, cores and product evidence. Similar final outlines do not make the supply and quality states identical.",AU-MA-SPECIAL-PURPOSE-MASONRY-UNIT|AU-MA-MASONRY-CLOSURE-UNIT,SRC-SA-ASNZS4455-1-2008|SRC-THINKBRICK-TECHNICAL-MANUALS,"Ask whether the unit is manufactured or cut and retain its actual remaining shell, core and exposed-face geometry."
TERM-412,face brick and common brick as exposure roles rather than universal material grades,ordinary brick,accepted_pending_review,"Face brick is selected to remain exposed. Common brick is normally concealed or finished. Neither term by itself establishes material, form, strength, durability or quality.",AU-MA-FACE-BRICK|AU-MA-COMMON-BRICK|AU-MA-CLAY-BRICK,SRC-SA-ASNZS4455-1-2008|SRC-YOURHOME-BRICKWORK-BLOCKWORK,"Store exposure role separately from unit material, form and product classification."
TERM-413,masonry closure unit and wall-cavity closer as different objects,closer,accepted_pending_review,"A closure unit completes masonry bond or wall-end geometry. A cavity closer closes an edge of the wall cavity and may carry moisture, thermal or fire functions.",AU-MA-MASONRY-CLOSURE-UNIT|AU-MA-MASONRY-CAVITY-CLOSER,SRC-THINKBRICK-TECHNICAL-MANUALS|SRC-ABCB-HP-MASONRY-WEATHERPROOFING,"Require the host: course, cavity edge or opening interface."
TERM-414,bond-beam unit and completed reinforced masonry bond beam as different levels,bond beam block,accepted_pending_review,"The channelled unit is permanent form. The completed structural member also contains reinforcement and grout and needs support, continuity and design evidence.",AU-MA-BOND-BEAM-MASONRY-UNIT|AU-MA-KNOCKOUT-BOND-BEAM-BLOCK|AU-MA-REINFORCED-MASONRY-BOND-BEAM,SRC-CMAA-TECHNICAL-MANUALS|SRC-ABCB-V2-H1-STRUCTURE,"Generate the unit course, bar route and grout region as related parts rather than one solid block."
TERM-415,"cleanout unit, temporary cleanout opening and closed completed state",cleanout block,accepted_pending_review,"The block is a product with a removable or open face. The opening is temporary negative geometry used for cleaning and inspection, then it is closed before grouting.",AU-MA-MASONRY-CLEANOUT-UNIT|AU-MA-MASONRY-CLEANOUT-OPENING|AU-MA-GROUTED-MASONRY-CORE,SRC-CMAA-TECHNICAL-MANUALS|SRC-SA-ASNZS4455-1-2008,"Retain open, inspected, closed and grouted lifecycle states."
TERM-416,masonry screen block for a deliberately open unit,breeze block,accepted_pending_review,Breeze block is useful Australian search language for decorative open screen units. It is not every hollow concrete block and its visible openings remain actual voids.,AU-MA-MASONRY-SCREEN-BLOCK|AU-MA-HOLLOW-MASONRY-UNIT,SRC-CMAA-TECHNICAL-MANUALS|SRC-SA-ASNZS4455-1-2008,"Ask for the selected screen profile, supports and open-area geometry."
TERM-417,running-bond and stack-bond panels as different unit arrangements,brick pattern,accepted_pending_review,Running bond offsets vertical joints. Stack bond aligns them and can require different reinforcement and restraint. A surface hatch cannot carry this construction distinction.,AU-MA-RUNNING-BOND-PANEL|AU-MA-STACK-BOND-PANEL|AU-MA-MASONRY-COURSE,SRC-CMAA-TECHNICAL-MANUALS|SRC-THINKBRICK-TECHNICAL-MANUALS,Generate actual units and joints from the selected bond and opening setout.
TERM-418,"header, soldier and brick-on-edge courses as different orientations",feature brick course,accepted_pending_review,"The three arrangements expose different faces and create different depth, bearing and weathering geometry. None automatically supplies an opening lintel.",AU-MA-HEADER-BRICK-COURSE|AU-MA-SOLDIER-BRICK-COURSE|AU-MA-BRICK-ON-EDGE-COURSE,SRC-THINKBRICK-TECHNICAL-MANUALS|SRC-YOURHOME-BRICKWORK-BLOCKWORK,Store brick local axes and any concealed support separately.
TERM-419,masonry core-fill material and completed grouted core as different objects,filled block core,accepted_pending_review,"Core fill or grout is the placed material. The grouted core also includes its connected unit void, reinforcement and inspected placement extent.",AU-MA-MASONRY-CORE-FILL|AU-MA-GROUTED-MASONRY-CORE,SRC-CMAA-TECHNICAL-MANUALS|SRC-ABCB-V2-H1-STRUCTURE,"Keep the material batch, spatial core route, reinforcement and inspection evidence linked but separate."
TERM-420,fully grouted and partially grouted masonry walls,grouted block wall,accepted_pending_review,Fully grouted work fills all intended connected cores. Partially grouted work fills only scheduled cells and bond beams. The empty-core map is therefore essential geometry.,AU-MA-FULLY-GROUTED-MASONRY-WALL|AU-MA-PARTIALLY-GROUTED-MASONRY-WALL,SRC-CMAA-TECHNICAL-MANUALS|SRC-ABCB-V2-H1-STRUCTURE,Require a grouted-cell map and never fill all displayed cores from a generic reinforced-wall command.
TERM-421,bed-joint tying mesh and structural masonry reinforcement as different roles,brick mesh,accepted_pending_review,AS 2699.2 covers accessory mesh but excludes structural reinforcement in reinforced-masonry bed joints. Similar ladder or mesh shapes can carry different evidence and design roles.,AU-MA-BED-JOINT-TYING-MESH|AU-MA-BED-JOINT-REINFORCEMENT|AU-MA-MASONRY-REINFORCEMENT,SRC-SA-AS2699-2-2020|SRC-CMAA-TECHNICAL-MANUALS,Require accessory or structural role before scheduling mesh.
TERM-422,wall tie and general built-in masonry connector as different families,masonry tie,accepted_pending_review,"Wall ties restrain leaves or veneer in defined wall arrangements. AS 2699.2 connectors also include anchors, wall junction connectors, tie-downs and other accessories.",AU-MA-WALL-TIE|AU-MA-MASONRY-CONNECTOR|AU-MA-WALL-TO-WALL-MASONRY-CONNECTOR,SRC-SA-AS2699-1-2020|SRC-SA-AS2699-2-2020,Ask which hosts are connected and which directions are restrained.
TERM-423,masonry shelf angle and opening lintel as different supports,brick angle,accepted_pending_review,A lintel spans a local opening. A shelf angle supports a wall-leaf panel along a floor or frame line and transfers its self-weight through brackets and anchors.,AU-MA-MASONRY-SHELF-ANGLE|AU-MA-ANGLE-LINTEL|AU-MA-STEEL-MASONRY-LINTEL,SRC-SA-AS2699-3-2020|SRC-THINKBRICK-TECHNICAL-MANUALS,"Require support extent, structural host and opening relationship before selecting the member."
TERM-424,cavity closer and tested cavity fire barrier as different performance assemblies,close the cavity,accepted_pending_review,"A closer can finish an edge and contribute thermal or moisture control. A fire barrier needs tested or assessed materials, fixings, continuity and interface evidence.",AU-MA-MASONRY-CAVITY-CLOSER|AU-MA-MASONRY-CAVITY-FIRE-BARRIER,SRC-ABCB-HP-MASONRY-WEATHERPROOFING|SRC-ABCB-V2-H1-STRUCTURE,Never infer a fire role from a cavity being visually filled.
TERM-425,autoclaved aerated concrete as the generic material and Hebel as a proprietary search term,Hebel,accepted_pending_review,"Hebel is an Australian product brand. AAC is the material family, which can be supplied by different manufacturers and as blocks or reinforced panels.",AU-MA-AAC-MATERIAL|AU-MA-AAC-MASONRY-BLOCK|AU-CL-REINFORCED-AAC-WALL-PANEL,SRC-YOURHOME-BRICKWORK-BLOCKWORK|SRC-HEBEL-AAC-TECHNICAL-MANUAL,"Preserve AAC as canonical and attach manufacturer, product and system evidence to instances."
TERM-426,AAC block masonry and factory-reinforced AAC panel construction,AAC wall,accepted_pending_review,"Blocks are laid in courses with thin joints. Reinforced panels have factory reinforcement, span orientation, supports and panel fixings. Their cutting and opening rules differ.",AU-MA-AAC-BLOCK-WALL|AU-CL-AAC-PANEL-CLADDING|AU-CL-REINFORCED-AAC-WALL-PANEL,SRC-SA-AS-5146-1-2015|SRC-HEBEL-AAC-TECHNICAL-MANUAL,"Ask block or reinforced panel before generating courses, joints or reinforcement."
TERM-427,AAC thin-bed adhesive and ordinary masonry mortar as different joint materials,AAC mortar,accepted_pending_review,"AAC adhesive forms a controlled thin joint in a selected system. Ordinary brick or block mortar has different thickness, workability and unit interaction.",AU-MA-AAC-THIN-BED-ADHESIVE|AU-MA-MASONRY-MORTAR|AU-MA-THIN-BED-MORTAR,SRC-HEBEL-AAC-TECHNICAL-MANUAL|SRC-YOURHOME-BRICKWORK-BLOCKWORK,"Keep product, joint thickness and compatible AAC substrate explicit."
TERM-428,internal AAC panel reinforcement and external render mesh,mesh in the AAC wall,accepted_pending_review,The panel cage is factory-embedded protected steel carrying structural and handling actions. Render mesh is a surface layer controlling the finish system.,AU-MA-AAC-PANEL-REINFORCEMENT-CAGE|AU-MA-RENDER-REINFORCING-MESH,SRC-SA-AS-5146-1-2015|SRC-HEBEL-AAC-TECHNICAL-MANUAL,Display each mesh at its true depth and never treat render mesh as panel reinforcement.
TERM-429,"tied stone veneer, adhered stone veneer and anchored stone facade",stone cladding,accepted_pending_review,"Tied veneer stands on support and uses wall ties, adhered veneer transfers load through a bonded bed, and an anchored facade uses mechanical supports and restraints. The load paths are not interchangeable.",AU-MA-TIED-STONE-VENEER-WALL|AU-MA-ADHERED-STONE-VENEER-SYSTEM|AU-MA-ANCHORED-STONE-FACADE,SRC-TGA-CPCCST3012-STONE-VENEER|SRC-TGA-CPCCST3014-ANCHORED-STONE,"Require construction method, stone thickness, vertical support and face restraint."
TERM-430,natural and manufactured stone masonry units,stone,accepted_pending_review,"Natural stone retains geological source, bedding and quarry variation. Manufactured stone is a factory composite with its own product and installation evidence.",AU-MA-NATURAL-STONE-MASONRY-UNIT|AU-MA-MANUFACTURED-STONE-MASONRY-UNIT,SRC-TGA-CPCCST3016-SOLID-STONE|SRC-YOURHOME-BRICKWORK-BLOCKWORK,Ask material origin before assigning stone properties or cutting behaviour.
TERM-431,ashlar and rubble masonry as different stone layouts,stone wall pattern,accepted_pending_review,"Ashlar uses accurately dressed units and regular courses. Rubble uses irregular units, packing and different bond logic. A photo texture cannot replace their unit geometry.",AU-MA-ASHLAR-STONE-PANEL|AU-MA-RUBBLE-STONE-WALL,SRC-TGA-CPCCST3016-SOLID-STONE|SRC-TGA-CPCCST3012-STONE-VENEER,Choose the layout and generate real stone units only to the required level of detail.
TERM-432,stone lintel and compression stone arch,stone head over opening,accepted_pending_review,A lintel bends or spans as a member. An arch transfers compression through voussoirs to springings and abutments. An arched facing can still conceal a separate lintel.,AU-MA-STONE-LINTEL|AU-MA-STONE-ARCH|AU-MA-STONE-ARCH-VOUSSOIR,SRC-TGA-CPCCST3016-SOLID-STONE|SRC-TGA-CPCCST3012-STONE-VENEER,Require structural mechanism and concealed support before treating an arched profile as an arch.
TERM-433,stone self-weight support and face restraint as separate anchor roles,stone anchor,accepted_pending_review,Support brackets carry gravity reactions. Restraint anchors principally resist face actions and can allow selected movement. One proprietary device may combine roles but both must be recorded.,AU-MA-STONE-FACADE-BRACKET|AU-MA-STONE-FACADE-RESTRAINT-ANCHOR|AU-MA-STONE-FACADE-DOWEL,SRC-TGA-CPCCST3014-ANCHORED-STONE|SRC-TGA-CPCCST3016-SOLID-STONE,"Store gravity support, face restraint and permitted movement independently for every panel."
TERM-434,stone bedding mortar and exposed pointing mortar,stone joint mortar,accepted_pending_review,Bedding mortar supports and bonds the stone through the joint. Pointing mortar forms the exposed outer joint and can be renewed. They can share a mix but are different positions and roles.,AU-MA-STONE-BEDDING-MORTAR|AU-MA-STONE-POINTING-MORTAR,SRC-TGA-CPCCST3016-SOLID-STONE|SRC-TGA-CPCCST3012-STONE-VENEER,"Model joint depth zones separately where repair, take-off or heritage compatibility matters."
TERM-435,tested building-earth mixture rather than unqualified site soil,use the dirt on site,accepted_pending_review,"Earth construction uses a selected particle and moisture blend, sometimes with fibre or stabiliser. Natural site soil may need processing, blending and performance evidence.",AU-MA-BUILDING-EARTH-MIXTURE|AU-CF-FOUNDATION-MATERIAL,SRC-YOURHOME-MUD-BRICK|SRC-YOURHOME-RAMMED-EARTH,"Require source, composition, preparation, test evidence and intended construction method."
TERM-436,mud-brick masonry and monolithic rammed earth,earth wall,accepted_pending_review,"Mud bricks are dried units laid in courses and mortar. Rammed earth is compacted in successive lifts between forms. Their joints, temporary works and repair logic differ.",AU-MA-MUD-BRICK-WALL|AU-MA-RAMMED-EARTH-WALL,SRC-YOURHOME-MUD-BRICK|SRC-YOURHOME-RAMMED-EARTH,Ask unit masonry or monolithic compacted earth before generating geometry.
TERM-437,compressed earth block and moulded air-dried mud brick,pressed mud brick,accepted_pending_review,"Compressed earth block is mechanically pressed. Mud brick is placed wet into a mould and air-dried. Either can include fibre or stabiliser, so manufacture and material composition remain separate axes.",AU-MA-COMPRESSED-EARTH-BLOCK|AU-MA-MUD-BRICK,SRC-YOURHOME-MUD-BRICK|SRC-YOURHOME-RAMMED-EARTH,"Store forming method, stabiliser and curing separately."
TERM-438,stabilised and unstabilised earth as evidence-backed material states,rammed earth,accepted_pending_review,"Cement, lime or another stabiliser changes composition, embodied impacts and behaviour. It cannot be inferred from colour or assumed for every modern earth wall.",AU-MA-RAMMED-EARTH-WALL|AU-MA-STABILISED-RAMMED-EARTH-WALL|AU-MA-STABILISED-COMPRESSED-EARTH-BLOCK,SRC-YOURHOME-RAMMED-EARTH|SRC-YOURHOME-MUD-BRICK,Require stabiliser type and proportion and keep an explicit unknown state when evidence is absent.
TERM-439,rammed-earth compacted lift rather than masonry course,earth course,accepted_pending_review,A lift is one placement and compaction layer in a monolithic wall. It has no separate unit or mortar bed and may not be a construction joint.,AU-MA-RAMMED-EARTH-LIFT|AU-MA-MASONRY-COURSE,SRC-YOURHOME-RAMMED-EARTH|SRC-YOURHOME-MUD-BRICK,"Use lift sequence and form-bay extent, not brick-course logic."
TERM-440,thin earth slurry finish and thicker earth render,mud finish,accepted_pending_review,"A slurry is a thin brushed surface treatment. Earth render is a substantial trowelled or floated coat, commonly containing graded sand and fibre.",AU-MA-EARTH-SLURRY-FINISH|AU-MA-EARTH-RENDER,SRC-YOURHOME-MUD-BRICK|SRC-YOURHOME-RAMMED-EARTH,"Ask for thickness, application method and coat build-up before take-off."
TERM-441,solid render layer and later decorative coating system,texture render,accepted_pending_review,Render is a plaster layer that builds and levels the wall surface. A texture coating is a thinner decorative coating system. Some products blur marketing names but the physical layers remain identifiable.,AU-MA-SOLID-RENDER-SYSTEM|AU-MA-RENDER-FINISH-COAT|AU-DF-CONCRETE-MASONRY-TEXTURE-COATING-SYSTEM,SRC-TGA-CPCCSP3001-RENDER|SRC-SA-ASNZS4548-4-1999,Store plaster thickness and coating dry film as separate layers.
TERM-442,"render bond, base, float and finish layers by physical role",render coat,accepted_pending_review,"A splatter bond coat keys the substrate, a base coat builds thickness, a float coat establishes plane and a finish coat provides the outer render surface. A project can combine roles but the evidence must say so.",AU-MA-RENDER-SPLATTER-BOND-COAT|AU-MA-RENDER-BASE-COAT|AU-MA-RENDER-FLOAT-COAT|AU-MA-RENDER-FINISH-COAT,SRC-TGA-CPCCSP2001-PLASTER-MATERIALS|SRC-TGA-CPCCSP3001-RENDER,Generate the selected coat sequence rather than a universal one-layer render.
TERM-443,embedded render reinforcing mesh and mechanically fixed render lath,render mesh,accepted_pending_review,"Reinforcing mesh is normally embedded in a coat. Expanded-metal lath is fixed to supports and carries render where direct bond is unsuitable. Their fixings, laps and corrosion risks differ.",AU-MA-RENDER-REINFORCING-MESH|AU-MA-RENDER-EXPANDED-METAL-LATH|AU-MA-RENDER-LATH-FASTENER,SRC-TGA-CPCCSP2001-PLASTER-MATERIALS|SRC-TGA-CPCCSP3001-RENDER,Ask mesh or lath and require support and fixing data for lath.
TERM-444,"corner, casing, movement, drip and screed beads by edge role",render bead,accepted_pending_review,"These profiles form different geometry: an external arris, a termination, a moving separation, a water drip or a ruling datum. Substituting one because the section looks similar can bridge joints or lose drainage.",AU-MA-RENDER-CORNER-BEAD|AU-MA-RENDER-CASING-BEAD|AU-MA-RENDER-MOVEMENT-JOINT-BEAD|AU-MA-RENDER-DRIP-BEAD|AU-MA-RENDER-SCREED-BEAD,SRC-TGA-CPCCSP2001-PLASTER-MATERIALS|SRC-TGA-CPCCSP3001-RENDER,"Select bead role first, then material, profile, render depth and exposure compatibility."
TERM-445,HB 161:2005 as withdrawn historical plastering guidance,current Australian plastering standard,accepted_pending_review,"HB 161 was a handbook rather than a Standard and was withdrawn in 2018. The current CPCCSP3001 training unit still names it, which explains persistent industry references but does not restore current status.",AU-MA-SOLID-RENDER-SYSTEM|AU-MA-CEMENT-LIME-SAND-RENDER,SRC-SA-HB161-2005|SRC-TGA-CPCCSP3001-RENDER,"Label HB 161 historical and require current law, specification and selected-system evidence for project decisions."
TERM-446,"doorset, door leaf and structural opening as different physical levels",door,accepted_pending_review,"A doorset includes leaf, frame, threshold, hardware, seals and fixings. The leaf is only the moving panel, and the structural opening is the wall void and supports receiving the doorset.",AU-ED-EXTERNAL-PEDESTRIAN-DOORSET|AU-ED-EXTERNAL-DOOR-LEAF|AU-ED-EXTERNAL-OPENING-SYSTEM,SRC-TGA-CPCCCA3010-WINDOWS-DOORS|SRC-WOODSOLUTIONS-DOORS,"Ask which level is intended and keep leaf, product frame and wall opening as separate nested objects."
TERM-447,external glazed-door family and solid or composite external-door family,external door,accepted_pending_review,"A glazed external door may belong to the AS 2047 window-and-external-glazed-door route, while solid timber and composite entrance leaves have different product evidence and construction anatomy.",AU-ED-EXTERNAL-PEDESTRIAN-DOORSET|AU-ED-TIMBER-FLUSH-EXTERNAL-DOOR-LEAF|AU-WD-GLAZED-DOOR-ASSEMBLY,SRC-TGA-CPCCCA3010-WINDOWS-DOORS|SRC-HUME-ENTRANCE-DOORS,Choose the physical door family before applying product standards or generating leaf construction.
TERM-448,solid core and solid timber as separate descriptions,solid door,accepted_pending_review,"Solid core describes a substantially filled internal construction; it does not mean the whole leaf is one solid timber slab. Particle, stave, mineral or other cores can sit between skins and lippings.",AU-ED-SOLID-TIMBER-STAVE-DOOR-CORE|AU-ED-WOOD-PARTICLE-DOOR-CORE|AU-ED-SOLID-TIMBER-PANELLED-EXTERNAL-DOOR-LEAF,SRC-CORINTHIAN-DOOR-CONSTRUCTION|SRC-HUME-ENTRANCE-DOORS,Store core construction and face material separately.
TERM-449,joinery panelled leaf and moulded panel-look leaf,panel door,accepted_pending_review,"A traditional panelled leaf has stiles, rails, muntins and separate infill panels. A moulded composite skin can reproduce the same appearance without that joinery anatomy.",AU-ED-SOLID-TIMBER-PANELLED-EXTERNAL-DOOR-LEAF|AU-ED-MOULDED-COMPOSITE-EXTERNAL-DOOR-LEAF,SRC-CORINTHIAN-DOOR-CONSTRUCTION|SRC-WOODSOLUTIONS-DOORS,Ask whether panel is construction or appearance before generating rails and muntins.
TERM-450,"door threshold, frame sill and building step by physical role",sill,accepted_pending_review,The threshold is crossed by people and seals the leaf bottom; a sill is a lower frame member; a step changes floor level. Products can combine these roles but they are not automatically the same object.,AU-ED-EXTERNAL-DOOR-THRESHOLD|AU-LH-RAMPED-ENTRANCE-THRESHOLD,SRC-TGA-CPCCCA3010-WINDOWS-DOORS|SRC-HUME-ENTRANCE-DOORS,"Model crossed profile, frame member and level change independently, then record any combined product."
TERM-451,"security screen, barrier screen and insect screen",screen door,accepted_pending_review,An insect screen excludes insects. A barrier screen is a robust secondary closure. A security screen carries classification and test claims for a complete product and installation.,AU-ED-SECURITY-SCREEN-SYSTEM|AU-ED-BARRIER-SCREEN-DOOR|AU-ED-HINGED-INSECT-SCREEN-DOOR,SRC-SA-AS5039-1-2023|SRC-NSSA-SECURITY-DOOR-GUIDE,Require a claimed class and traceable evidence before labelling a screen as security.
TERM-452,security mesh material inside a classified installed system,security mesh,accepted_pending_review,"Stainless mesh, perforated sheet, expanded metal and grilles are infill materials. Security performance also depends on retention, frame, locks, hinges or rollers, receivers, fixings and substrate.",AU-ED-WOVEN-STAINLESS-SECURITY-MESH|AU-ED-PERFORATED-ALUMINIUM-SECURITY-SHEET|AU-ED-SECURITY-SCREEN-SYSTEM,SRC-SA-AS5039-1-2023|SRC-SA-AS5039-2-2024,Never promote an infill object to a security claim from material or appearance alone.
TERM-453,"security, bushfire and fall-prevention screen functions as separate evidence",protective screen,accepted_pending_review,"A screen can address forced entry, ember exposure or falls, but each function has different tests, installation details and regulatory context. One claim does not establish the others.",AU-ED-SECURITY-SCREEN-SYSTEM|AU-AN-BUSHFIRE-EXTERNAL-OPENING-SCREEN-SYSTEM|AU-WD-WINDOW-FALL-PROTECTION-SCREEN,SRC-SA-AS5039-1-2023|SRC-NSSA-SECURITY-DOOR-GUIDE,Store each performance role and its source separately on the selected installed system.
TERM-454,"woven mesh, expanded mesh, perforated sheet and grille by manufacture",mesh,accepted_pending_review,"Woven wire crosses strands, expanded metal is slit and stretched, perforated sheet is punched, and a grille is an open grid of bars or cast members. Their geometry and edge retention differ.",AU-ED-WOVEN-STAINLESS-SECURITY-MESH|AU-ED-EXPANDED-METAL-SECURITY-MESH|AU-ED-PERFORATED-ALUMINIUM-SECURITY-SHEET|AU-ED-SECURITY-GRILLE-INFILL,SRC-SA-AS5039-1-2023|SRC-TGA-MSFGG2017-SCREENS,Select infill manufacture and retention before selecting a drawing pattern.
TERM-455,"external shutter, internal blind and garage door",roller door,accepted_pending_review,"A shutter closes or screens a window or pedestrian opening, a blind is normally a lighter covering, and a garage door closes a large vehicle opening. Similar rolling motion does not make them interchangeable.",AU-ED-EXTERNAL-SHUTTER-SYSTEM|AU-ED-ROLLER-SHUTTER-ASSEMBLY|AU-ED-ROLLER-GARAGE-DOOR,SRC-TGA-MSFBAA308-ROLLER-SHUTTERS|SRC-SA-ASNZS4505-2012,Ask opening purpose and scale before choosing shutter or large-access-door anatomy.
TERM-456,roller shutter and roller garage door,roller shutter door,accepted_pending_review,"A residential roller shutter commonly uses interlocking slats, compact guides and a boxed roll. A roller garage door commonly uses a continuous corrugated curtain, large guides, drum brackets and a garage-door counterbalance.",AU-ED-DOMESTIC-EXTERIOR-ROLLER-SHUTTER|AU-ED-ROLLER-GARAGE-DOOR,SRC-TGA-MSFBAA307-ROLLER-SHUTTERS|SRC-BND-PRODUCT-MANUALS,"Keep the two generators, component libraries and standards routes separate."
TERM-457,"sectional, roller and tilt garage-door systems",garage door,accepted_pending_review,A sectional door articulates rigid panels into overhead tracks; a roller door coils a flexible curtain; a tilt door moves one rigid panel through an outward-and-upward path.,AU-ED-SECTIONAL-GARAGE-DOOR|AU-ED-ROLLER-GARAGE-DOOR|AU-ED-TILT-GARAGE-DOOR,SRC-SA-ASNZS4505-2012|SRC-AGDA-ABOUT,Select door kinematics first because every downstream component and clearance depends on them.
TERM-458,sectional section and one-piece tilt panel,garage-door panel,accepted_pending_review,A sectional panel is one of several hinged horizontal sections. A tilt panel is the whole rigid moving closure and follows a different mechanism and swept envelope.,AU-ED-SECTIONAL-DOOR-PANEL|AU-ED-ONE-PIECE-TILT-DOOR-PANEL,SRC-BND-PANELIFT-INSTALL|SRC-BND-TILT-MANUALS,Ask whether panel means a repeated section or the complete one-piece leaf.
TERM-459,jamb-fitting and track-fitting tilt mechanisms,tilt fittings,accepted_pending_review,"Jamb fittings guide the panel mainly with side pivot arms. Track fittings use rollers or pivots travelling in overhead tracks. Their supports, travel and clearances differ.",AU-ED-JAMB-FITTING-TILT-DOOR|AU-ED-TRACK-FITTING-TILT-DOOR,SRC-BND-TILT-MANUALS|SRC-SA-ASNZS4505-2012,"Require the fitting family before generating pivots, tracks or panel sweep."
TERM-460,"sectional track, roller-door guide and operator drive rail",garage-door rail,accepted_pending_review,"Sectional tracks carry panel rollers, roller-door guides restrain curtain edges, and an operator rail carries a powered trolley. They occupy nearby space but have different loads and attachments.",AU-ED-SECTIONAL-DOOR-HORIZONTAL-TRACK|AU-ED-ROLLER-GARAGE-DOOR-GUIDE|AU-ED-GARAGE-OPERATOR-DRIVE-RAIL,SRC-BND-PANELIFT-INSTALL|SRC-BND-PRODUCT-MANUALS,Name each rail by the moving object it guides.
TERM-461,counterbalance and powered operator as separate systems,garage-door motor,accepted_pending_review,"Springs, cables, drums or weights offset door mass. The operator supplies controlled movement to a correctly balanced door; it does not replace the counterbalance or structural supports.",AU-ED-GARAGE-DOOR-COUNTERBALANCE-ASSEMBLY|AU-ED-GARAGE-DOOR-OPERATOR-SYSTEM,SRC-SA-ASNZS4505-2012|SRC-SA-ASNZS60335-2-95-2024,Model and schedule counterbalance before adding an optional operator.
TERM-462,"torsion spring, extension spring and tilt-door spring",garage-door spring,accepted_pending_review,"A torsion spring twists around a shaft, an extension spring changes length along a cable path, and a tilt fitting uses its selected side-spring geometry. Their anchors and hazards are different.",AU-ED-GARAGE-DOOR-TORSION-SPRING|AU-ED-GARAGE-DOOR-EXTENSION-SPRING|AU-ED-TILT-DOOR-COUNTERBALANCE-SPRING,SRC-BND-PANELIFT-INSTALL|SRC-BND-TILT-MANUALS,Identify the spring mechanism without generating setup or adjustment instructions.
TERM-463,door lift cable and operator chain or belt,garage-door cable,accepted_pending_review,Lift cables carry counterbalance force between the door and drums or pulleys. A chain or belt transmits motor output along the operator rail. Neither is an electrical cable.,AU-ED-GARAGE-DOOR-LIFT-CABLE|AU-ED-GARAGE-OPERATOR-DRIVE-CHAIN|AU-ED-GARAGE-OPERATOR-DRIVE-BELT,SRC-BND-PANELIFT-INSTALL|SRC-SA-ASNZS60335-2-95-2024,"Store force path, route and moving endpoints for each flexible member."
TERM-464,photoelectric beam and sensing safety edge,garage-door sensor,accepted_pending_review,A beam monitors an optical line across the opening before contact. A sensing edge travels on the door and detects contact or deformation. Controller response and monitoring remain separate evidence.,AU-ED-GARAGE-DOOR-PHOTOELECTRIC-BEAM-ASSEMBLY|AU-ED-GARAGE-DOOR-SAFETY-EDGE,SRC-SA-ASNZS60335-2-95-2024|SRC-BND-PRODUCT-MANUALS,Draw the sensing field and moving edge separately and link each to commissioned control behaviour.
TERM-465,inside manual release and outside emergency release,emergency release,accepted_pending_review,The normal manual release is reached from inside and disconnects the trolley or drive. An external keyed release adds a secure penetration and cable path where no other entry exists.,AU-ED-GARAGE-OPERATOR-MANUAL-RELEASE|AU-ED-GARAGE-OPERATOR-EXTERNAL-EMERGENCY-RELEASE,SRC-SA-ASNZS60335-2-95-2024|SRC-BND-PRODUCT-MANUALS,Ask access side and model the external penetration only when selected.
TERM-466,roller-door wind lock and centre lock,roller-door lock,accepted_pending_review,Wind locks are repeated edge fittings engaging reinforced guides under wind. The centre lock is user-operated hardware sending bars into guide receivers to secure the closed door.,AU-ED-ROLLER-GARAGE-DOOR-WIND-LOCK|AU-ED-ROLLER-GARAGE-DOOR-CENTRE-LOCK,SRC-SA-ASNZS4505-2012|SRC-BND-PRODUCT-MANUALS,Store wind retention and access locking as independent systems.
TERM-467,performance rating as evidence-backed metadata on a complete system,cyclone door geometry,accepted_pending_review,"Wind, security, bushfire, fire, thermal and impact ratings are not visible geometry classes. They depend on a documented product configuration, supports, fixings, size and installation.",AU-ED-LARGE-ACCESS-DOOR-SYSTEM|AU-ED-SECURITY-SCREEN-SYSTEM|AU-ED-EXTERNAL-SHUTTER-SYSTEM,SRC-SA-ASNZS4505-2012|SRC-SA-AS5039-1-2023,"Attach rating, scope, source and configuration hash without creating a visual rating subtype."
TERM-468,"AS 5039.1, AS 5039.2 and AS 5039.3 current security-screen family",AS 5039 and AS 5040,accepted_pending_review,"The reorganised current family separates classification and performance, installation, and test methods. It supersedes the older AS 5039:2008, AS 5040 and AS 5041 pathways.",AU-ED-SECURITY-SCREEN-SYSTEM|AU-ED-SECURITY-SCREEN-INSTALLATION-FIXING,SRC-SA-AS5039-1-2023|SRC-SA-AS5039-2-2024|SRC-SA-AS5039-3-2023,"Store the exact part, edition and amendment used by the selected product and installer."
TERM-469,AS/NZS 60335.2.95 edition as project and product metadata,current garage-opener standard,accepted_pending_review,"The 2024 edition is current, while the 2020 edition remains current during a scheduled transition to 29 November 2027 subject to regulator adoption. A model cannot choose solely from publication date.",AU-ED-GARAGE-DOOR-OPERATOR-SYSTEM,SRC-SA-ASNZS60335-2-95-2024|SRC-BND-PRODUCT-MANUALS,Record the edition declared by the product evidence and accepted for the project jurisdiction.
TERM-470,"headroom, sideroom and backroom as three clearance directions",garage-door clearance,accepted_pending_review,"Headroom is space above the opening, sideroom is beside it, and backroom extends into the garage. Door type, track, roll, springs and operator consume different combinations.",AU-ED-LARGE-ACCESS-DOOR-SYSTEM|AU-ED-GARAGE-DOOR-SUPPORT-INTERFACE,SRC-BND-PANELIFT-INSTALL|SRC-STEELLINE-SECTIONAL-INSTALL,Store all three measured directions and the product-specific occupied envelopes.
TERM-471,"moving, stored and service envelopes",door opening space,accepted_pending_review,"The moving envelope follows the door through travel, the stored envelope is occupied when open, and the service envelope preserves access to covers, springs, drives and replaceable parts.",AU-ED-SECTIONAL-GARAGE-DOOR|AU-ED-TILT-GARAGE-DOOR|AU-ED-GARAGE-DOOR-OPERATOR-SYSTEM,SRC-BND-PANELIFT-INSTALL|SRC-BND-TILT-MANUALS,Generate separate non-solid clearance objects for clash checking.
TERM-472,counterbalance service state as explicit hazardous lifecycle metadata,spring installed,accepted_pending_review,"A spring can be supplied loose, installed without energy, tensioned in service, isolated or damaged. Identical geometry can represent radically different hazards.",AU-ED-GARAGE-DOOR-TORSION-SPRING|AU-ED-GARAGE-DOOR-EXTENSION-SPRING|AU-ED-TILT-DOOR-COUNTERBALANCE-SPRING,SRC-SA-ASNZS4505-2012|SRC-BND-PRODUCT-MANUALS,Require an explicit unknown or verified service state and never generate adjustment guidance.
TERM-473,"bottom weather seal, floor threshold and drainage system",garage-door water seal,accepted_pending_review,"The moving bottom seal closes a small contact gap, a threshold strip provides a compression land, and site falls or drains manage surface water. None automatically replaces the others.",AU-ED-GARAGE-DOOR-BOTTOM-WEATHER-SEAL|AU-ED-GARAGE-DOOR-FLOOR-THRESHOLD-SEAL,SRC-BND-PRODUCT-MANUALS|SRC-STEELLINE-TECHNICAL-SUPPORT,Keep sealing and drainage roles separate and do not infer flood protection.
TERM-474,screen-door pneumatic closer and external-door hydraulic closer,door closer,accepted_pending_review,"A lightweight pneumatic cylinder commonly closes a screen leaf. A controlled pedestrian doorset may use a hydraulic overhead or concealed closer with different forces, brackets and evidence.",AU-ED-PNEUMATIC-SCREEN-DOOR-CLOSER|AU-ED-EXTERNAL-DOOR-CLOSER-ASSEMBLY,SRC-TGA-MSFGG2017-SCREENS|SRC-SA-AS4145-5-2011,Choose closer family from leaf and doorset requirements before drawing brackets.
TERM-475,"screen track, sliding-door track and garage-door track",door track,accepted_pending_review,"A screen track guides a lightweight mesh leaf, a sliding glazed door track carries its product panel, and a garage track guides heavy moving sections. Similar channel shapes do not establish interchangeability.",AU-ED-SLIDING-SCREEN-BOTTOM-TRACK|AU-ED-SECTIONAL-DOOR-VERTICAL-TRACK,SRC-TGA-MSFGG2017-SCREENS|SRC-BND-PANELIFT-INSTALL,Name tracks by product family and moving object.
TERM-476,louvre blade and roller-shutter slat,shutter slat,accepted_pending_review,A louvre blade spans a framed panel and is fixed or pivots to control view and air. A roller-shutter slat interlocks with neighbours and must articulate around an axle.,AU-ED-EXTERNAL-SHUTTER-LOUVRE-BLADE|AU-ED-ROLLER-SHUTTER-SLAT,SRC-TGA-MSFBAA320-LOUVRE-SHUTTERS|SRC-TGA-MSFBAA307-ROLLER-SHUTTERS,Ask whether the repeated member pivots in a frame or interlocks into a rolling curtain.
TERM-477,shutter latch for closed position and holdback for open position,shutter catch,accepted_pending_review,"A latch transfers actions at the closed or meeting edge. A holdback secures the open leaf against the facade. Their receivers, access and wind actions differ.",AU-ED-EXTERNAL-SHUTTER-LATCH|AU-ED-EXTERNAL-SHUTTER-HOLDBACK,SRC-TGA-MSFBAA320-LOUVRE-SHUTTERS|SRC-TGA-CPCCCA3010-WINDOWS-DOORS,Store the retained leaf state and receiver substrate for each fitting.
TERM-478,three-point screen lock as one linked system,three locks,accepted_pending_review,"A central screen lock commonly drives remote upper and lower bolts, creating three locking points from one control. It is not necessarily three independent user-operated locks.",AU-ED-SECURITY-SCREEN-THREE-POINT-LOCK|AU-ED-SECURITY-SCREEN-REMOTE-SHOOT-BOLT,SRC-SA-AS5039-1-2023|SRC-NSSA-SECURITY-DOOR-GUIDE,"Generate one lock body, linkage and documented remote points."
TERM-479,operator travel limit and physical track stop,door stop,accepted_pending_review,"An operator limit is sensed or counted control data that stops the motor. A physical track or curtain stop prevents mechanical overtravel. They are complementary, not interchangeable.",AU-ED-GARAGE-OPERATOR-TRAVEL-LIMIT-SENSOR|AU-ED-SECTIONAL-TRACK-REAR-STOP|AU-ED-ROLLER-GARAGE-DOOR-TRAVEL-STOP,SRC-SA-ASNZS60335-2-95-2024|SRC-BND-PRODUCT-MANUALS,Store electronic limit state and physical stop geometry separately.
TERM-480,wind-rated door as a complete size-and-installation configuration,wind-rated panel,accepted_pending_review,"Door panel or curtain strength is only one part of the wind path. Tracks or guides, wind locks, brackets, supports and fixing schedule must match the documented opening size and rating.",AU-ED-LARGE-ACCESS-DOOR-SYSTEM|AU-ED-ROLLER-GARAGE-DOOR-WIND-LOCK|AU-ED-GARAGE-DOOR-SUPPORT-INTERFACE,SRC-SA-ASNZS4505-2012|SRC-STEELLINE-TECHNICAL-SUPPORT,Bind wind evidence to the complete configuration and verified supporting structure.
TERM-481,AS/NZS 4505 call-up checked against the adopted NCC clause and project conditions,all garage doors require AS/NZS 4505,accepted_pending_review,Housing Provisions clause 2.2.4 calls up AS/NZS 4505 for qualifying garage and large access doors in specified wind regions and opening conditions. Online text and adopted editions must be checked for the project jurisdiction.,AU-ED-LARGE-ACCESS-DOOR-SYSTEM,SRC-ABCB-HP-STRUCTURAL|SRC-SA-ASNZS4505-2012,"Store NCC edition, jurisdiction, wind region, opening area and the resulting applicability decision."
TERM-482,deck as complete platform and decking as surface material,decking,accepted_pending_review,"Decking can mean the repeated boards or panels, while deck can mean the whole structure including supports, bearers, joists, connections and edges. Treating them as one object would omit the load path.",AU-DB-OPEN-JOINTED-DECK-ASSEMBLY|AU-DB-DECKING-SURFACE-ASSEMBLY|AU-DB-DECKING-BOARD,SRC-WOODSOLUTIONS-DOMESTIC-DECK|SRC-QBCC-TIMBER-DECK-BALCONY,"Resolve whether a user means the complete platform, its surface assembly or one board before generating geometry."
TERM-483,"deck, balcony, terrace and verandah as context-dependent platform terms",outdoor deck,accepted_pending_review,"These everyday terms overlap, but support, attachment, roof relation, enclosure and whether occupied space lies below affect the required objects and compliance path.",AU-DB-OPEN-JOINTED-DECK-ASSEMBLY|AU-DB-FRAMED-BALCONY-ASSEMBLY|AU-DB-ROOF-TERRACE-ASSEMBLY,SRC-ABCB-V2-H2D8-EXTERNAL-WATERPROOFING|SRC-WOODSOLUTIONS-DOMESTIC-DECK,Store platform topology and the space below rather than choosing a system from the everyday label alone.
TERM-484,building-attached and freestanding deck,deck beside house,accepted_pending_review,"A deck beside a house may be structurally attached through ledgers or brackets, independently supported with a separation joint, or partly tied for lateral stability. Visual proximity does not establish the load path.",AU-DB-ATTACHED-FRAMED-DECK|AU-DB-FREESTANDING-FRAMED-DECK,SRC-WOODSOLUTIONS-DOMESTIC-DECK|SRC-QBCC-TIMBER-DECK-BALCONY,"Require attachment, bearing and lateral-restraint data before drawing the building interface."
TERM-485,open-jointed deck and waterproof platform,waterproof deck,accepted_pending_review,An open-jointed deck intentionally lets water pass between boards. A waterproof platform uses a continuous external membrane and controlled drainage. Coatings or under-deck trays do not automatically convert the first into the second.,AU-DB-OPEN-JOINTED-DECK-ASSEMBLY|AU-DB-EXTERNAL-WATERPROOFED-PLATFORM-ASSEMBLY|AU-DB-UNDERDECK-DRAINAGE-ASSEMBLY,SRC-ABCB-V2-H2D8-EXTERNAL-WATERPROOFING|SRC-SA-AS4654-2-2012|SRC-WOODSOLUTIONS-DOMESTIC-DECK,Make surface permeability and the primary water-control plane mandatory system inputs.
TERM-486,bearer as supported primary deck member and joist as repeated spanning secondary member,deck beam,accepted_pending_review,"Beam may describe several structural roles. In common domestic deck framing, bearers receive repeated joists and span between posts or supports; selecting by the word beam alone can reverse the grid and load path.",AU-DB-DECK-BEARER-LINE|AU-DB-DECK-JOIST-FIELD,SRC-WOODSOLUTIONS-DOMESTIC-DECK|SRC-TGA-CPCCCA3003-FLOORING-SYSTEMS,"Store span direction, support points and supported member family for every horizontal deck member."
TERM-487,rim joist as structural edge member and fascia board as edge finish,deck fascia,accepted_pending_review,"A rim or boundary joist closes, restrains or supports the framing edge. A fascia board covers that edge. One physical board should not be assumed to perform both roles without connection and load evidence.",AU-DB-DECK-RIM-JOIST|AU-DB-DECK-FASCIA-BOARD,SRC-WOODSOLUTIONS-DOMESTIC-DECK|SRC-QBCC-TIMBER-DECK-BALCONY,Keep structural edge and visible finish as separate roles and allow a documented combined instance.
TERM-488,deck blocking or nogging identified by restraint role,noggin,accepted_pending_review,"Nogging, noggin and blocking can all describe short pieces between joists, but the required geometry depends on whether they prevent roll, support a joint, transfer a concentrated load or brace a post.",AU-DB-JOIST-BLOCKING-ROW|AU-DB-BARRIER-POST-FRAMING-SUPPORT,SRC-WOODSOLUTIONS-DOMESTIC-DECK|SRC-TGA-CPCCCA3003-FLOORING-SYSTEMS,Store the supported joint or restraint function instead of generating generic midspan blocks from the word noggin.
TERM-489,deck support post and barrier post,deck post,accepted_pending_review,"A support post carries the platform to a footing. A barrier post resists edge loads and attaches to the edge structure. They can align physically but have different loads, connections and waterproofing consequences.",AU-DB-DECK-POST|AU-DB-BARRIER-POST-FRAMING-SUPPORT|AU-DB-BARRIER-POST-MEMBRANE-PENETRATION,SRC-WOODSOLUTIONS-DOMESTIC-DECK|SRC-QBCC-TIMBER-DECK-BALCONY,Require the post role and both end connections before generating or counting it.
TERM-490,timber natural durability and preservative treatment as separate properties,durable timber,accepted_pending_review,Natural durability comes from species and relevant wood zone; treatment adds protection to a documented penetration and hazard class. One does not prove the other and neither is inferred from colour.,AU-DB-DECKING-BOARD|AU-DB-TIMBER-FRAMED-DECK-ASSEMBLY,SRC-SA-AS5604-2022|SRC-SA-ASNZS1604-1-2021|SRC-WOODSOLUTIONS-TDG05-SERVICE-LIFE,"Store species, heartwood or sapwood zone, natural-durability evidence, treatment standard, hazard class and penetration separately."
TERM-491,treatment hazard class as exposure selection metadata,H3 timber,accepted_pending_review,"A hazard class describes an exposure and treatment target, not a timber species, member size, strength grade, surface finish or proof that every cut end remains protected.",AU-DB-DECKING-BOARD|AU-DB-DECK-BEARER-LINE|AU-DB-DECK-JOIST-FIELD|AU-DB-TIMBER-CUT-END-TREATMENT,SRC-SA-ASNZS1604-1-2021|SRC-WOODSOLUTIONS-TDG05-SERVICE-LIFE,"Keep treatment class, structural grade, member role and cut-end treatment as independent attributes."
TERM-492,heartwood and sapwood zones,one durability value for a timber species,accepted_pending_review,"Natural-durability classifications commonly concern heartwood, while sapwood may have different durability and treatment behaviour. A board can include both zones.",AU-DB-HARDWOOD-DECKING-BOARD|AU-DB-TREATED-SOFTWOOD-DECKING-BOARD,SRC-SA-AS5604-2022|SRC-WOODSOLUTIONS-TDG05-SERVICE-LIFE,Allow material-zone metadata on the actual member and do not assign whole-piece durability solely from a species name.
TERM-493,wood-plastic composite decking as a manufacturer-defined product,composite timber,accepted_pending_review,"WPC decking mixes polymer and wood-derived material and uses product-specific sections, spans, clips, gaps and thermal movement. It is not automatically structural timber or interchangeable with a solid wood board.",AU-DB-WPC-DECKING-BOARD|AU-DB-HOLLOW-WPC-DECKING-BOARD|AU-DB-CAPPED-COMPOSITE-DECKING-BOARD,SRC-MODWOOD-AU-INSTALLATION,"Require the selected product profile and manufacturer installation data before generating supports, clips or expansion gaps."
TERM-494,"side gap, butt gap and perimeter gap",deck-board gap,accepted_pending_review,"The long-edge drainage gap, end-to-end movement joint and clearance at walls or obstructions have different directions, functions and setting rules.",AU-DB-DECK-BOARD-SIDE-GAP|AU-DB-DECK-BOARD-BUTT-GAP|AU-DB-DECK-PERIMETER-CLEARANCE,SRC-WOODSOLUTIONS-DOMESTIC-DECK|SRC-MODWOOD-AU-INSTALLATION,"Store each gap type and its governing product, moisture, drainage and movement conditions separately."
TERM-495,breaker board and picture-frame border,feature board,accepted_pending_review,A breaker board interrupts field-board length or direction and can receive butt ends. A picture-frame border follows the perimeter. Both are visual features but need different supporting framing and joints.,AU-DB-DECK-BREAKER-BOARD|AU-DB-DECK-PICTURE-FRAME-BORDER,SRC-MODWOOD-AU-INSTALLATION|SRC-WOODSOLUTIONS-DOMESTIC-DECK,Choose route geometry first and generate the dedicated support and fixing pattern for that route.
TERM-496,face fixing and concealed clip fixing,deck fixing,accepted_pending_review,"A face screw or nail passes through the exposed board. A concealed clip engages side grooves or an underside feature and commonly requires a system screw, starting clip and product-specific spacing.",AU-DB-DECKING-FACE-SCREW|AU-DB-DECKING-NAIL|AU-DB-CONCEALED-DECKING-CLIP|AU-DB-DECKING-STARTER-CLIP,SRC-MODWOOD-AU-INSTALLATION|SRC-WOODSOLUTIONS-DOMESTIC-DECK,"Resolve the board profile and fixing system before placing holes, clips or support lines."
TERM-497,external above-ground waterproofing membrane,wet-area membrane,accepted_pending_review,"External balconies and roof terraces are exposed to weather, thermal movement and exterior drainage conditions and use the AS 4654 pathway where applicable. Internal wet areas use a different NCC and AS 3740 pathway.",AU-DB-EXTERNAL-WATERPROOFING-MEMBRANE|AU-WP-WET-AREA-WATERPROOFING-SYSTEM,SRC-ABCB-V2-H2D8-EXTERNAL-WATERPROOFING|SRC-SA-AS4654-1-2012|SRC-SA-AS4654-2-2012,Use location and exposure to select the regulatory object family; do not reuse the internal wet-area generator outdoors.
TERM-498,"structural substrate, fall-forming layer, membrane and finish as separate layers",balcony floor,accepted_pending_review,"A balcony floor description can hide four different objects with different roles. Falls may be in the structure or a screed, the membrane controls water, and tile or pavers provide the traffic finish.",AU-DB-EXTERNAL-WATERPROOFING-SUBSTRATE-ASSEMBLY|AU-DB-EXTERNAL-FALL-FORMING-SCREED|AU-DB-EXTERNAL-WATERPROOFING-MEMBRANE|AU-DB-EXTERIOR-BALCONY-TILE,SRC-SA-AS4654-2-2012|SRC-TGA-CPCCWP5002-DESIGN-EXTERNAL-WATERPROOFING,Generate an ordered layer stack and record which layer creates the drainage falls.
TERM-499,liquid-applied and sheet-applied external membranes,balcony membrane,accepted_pending_review,"Liquid systems cure into a field with wet-film and reinforcement details; sheet systems use manufactured thickness, laps, seams and adhesives or heat welding. Their corners, joints and repairs differ.",AU-DB-LIQUID-APPLIED-EXTERNAL-MEMBRANE|AU-DB-SHEET-APPLIED-EXTERNAL-MEMBRANE,SRC-SA-AS4654-1-2012|SRC-TGA-CPCCWP3003-EXTERNAL-WATERPROOFING,"Require membrane family and selected product before generating laps, reinforcement or thickness metadata."
TERM-500,"bond breaker, backing rod and release tape as distinct joint parts",bond-breaker tape,accepted_pending_review,"Backing rod sets joint depth and supports sealant, release tape prevents adhesion to a third face, and a broader bond-breaker detail can use either form depending on geometry and system.",AU-DB-EXTERNAL-MEMBRANE-BOND-BREAKER|AU-DB-EXTERNAL-BACKING-ROD|AU-DB-EXTERNAL-BOND-BREAKER-TAPE,SRC-SA-AS4654-2-2012|SRC-TGA-CPCCWP3003-EXTERNAL-WATERPROOFING,"Store joint geometry, adhesion faces and selected bond-breaker form instead of collapsing every detail to tape."
TERM-501,formed corner fillet and sealant fillet,waterproofing fillet,accepted_pending_review,A formed fillet changes a sharp substrate corner into a radius or splay; a sealant fillet is a compatible bead used in a selected membrane junction detail. Their material and movement behaviour differ.,AU-DB-EXTERNAL-CORNER-FILLET|AU-DB-EXTERNAL-SEALANT-FILLET,SRC-SA-AS4654-2-2012|SRC-TGA-CPCCWP3003-EXTERNAL-WATERPROOFING,"Store fillet material, shape and intended movement function before drawing the corner."
TERM-502,membrane upturn and membrane downturn,membrane return,accepted_pending_review,"An upturn rises at a wall, sill, hob or penetration to terminate above the drained field. A downturn wraps over a free edge to shed water. The generic word return does not identify water direction.",AU-DB-EXTERNAL-MEMBRANE-UPTURN|AU-DB-EXTERNAL-MEMBRANE-DOWNTURN,SRC-SA-AS4654-2-2012|SRC-HIA-AS4654-2-OVERVIEW,Resolve edge type and drainage direction before generating vertical membrane geometry.
TERM-503,"waterstop angle, termination bar and overflashing as separate termination parts",membrane flashing,accepted_pending_review,"A waterstop forms a retained edge, a termination bar mechanically secures a membrane edge, and an overflashing sheds weather over the termination. Similar linear profiles do not make the roles interchangeable.",AU-DB-EXTERNAL-WATERSTOP-ANGLE|AU-DB-MEMBRANE-TERMINATION-BAR|AU-DB-EXTERNAL-MEMBRANE-OVERFLASHING,SRC-SA-AS4654-2-2012|SRC-TGA-CPCCWP3003-EXTERNAL-WATERPROOFING,"Model retained edge, mechanical fixing and weather shedding as independent roles."
TERM-504,"door subsill flashing, threshold interface and threshold drain",balcony threshold,accepted_pending_review,"The door sill is part of the frame, a subsill flashing collects leakage below it, the threshold interface coordinates levels and membrane, and an optional channel drains surface water. One label cannot safely choose all parts.",AU-DB-BALCONY-DOOR-SUBSILL-FLASHING|AU-DB-BALCONY-DOOR-THRESHOLD-INTERFACE|AU-DB-BALCONY-LINEAR-DRAIN-ASSEMBLY,SRC-SA-AS4654-2-2012|SRC-STORMTECH-BALCONY-DRAINAGE|SRC-ABCB-V2-H2D8-EXTERNAL-WATERPROOFING,"Store internal, sill, external finish and drainage levels plus every water-control component."
TERM-505,"point drain, linear drain and scupper",balcony drain,accepted_pending_review,"A point drain collects into a local body, a linear drain collects along a channel, and a scupper passes water through an edge wall or hob. They need different openings, falls and membrane flanges.",AU-DB-BALCONY-POINT-DRAIN-ASSEMBLY|AU-DB-BALCONY-LINEAR-DRAIN-ASSEMBLY|AU-DB-BALCONY-PRIMARY-SCUPPER,SRC-STORMTECH-BALCONY-DRAINAGE|SRC-SA-AS4654-2-2012,Choose collection geometry and discharge direction before shaping falls or penetrations.
TERM-506,primary drainage and emergency overflow,second drain,accepted_pending_review,A primary outlet drains routine runoff. An overflow operates at a higher water level when primary drainage is restricted or exceeded and may need visible discharge. Two equal-looking openings can have different roles.,AU-DB-BALCONY-DRAINAGE-SYSTEM|AU-DB-BALCONY-OVERFLOW-SYSTEM|AU-DB-BALCONY-OVERFLOW-SCUPPER,SRC-STORMTECH-BALCONY-DRAINAGE|SRC-SA-AS4654-2-2012,"Store role, invert, capacity and discharge destination for each outlet."
TERM-507,terrace pedestal support,pod,accepted_pending_review,"Pod is informal and can also mean a waffle-slab void former. A terrace pedestal is a discrete support for pavers, rails or deck tiles and may be fixed-height or adjustable.",AU-DB-ADJUSTABLE-PEDESTAL-SUPPORT-SYSTEM|AU-DB-FIXED-HEIGHT-PAVER-SUPPORT|AU-CF-WAFFLE-POD,SRC-ELMICH-VERSIJACK,Use host and supported object to disambiguate terrace pedestal from slab pod.
TERM-508,fixed-height support and adjustable pedestal,paver support,accepted_pending_review,"A fixed pad has a set thickness and limited shim adjustment; an adjustable pedestal uses a body, head and sometimes extenders or slope correctors. Their height ranges and stability details differ.",AU-DB-FIXED-HEIGHT-PAVER-SUPPORT|AU-DB-PEDESTAL-ADJUSTABLE-BODY|AU-DB-PEDESTAL-HEIGHT-EXTENDER|AU-DB-PEDESTAL-SLOPE-CORRECTOR,SRC-ELMICH-VERSIJACK,Select support family and verified height range before laying out support points.
TERM-509,tile and paver identified by product and support method,outdoor tile,accepted_pending_review,"Tile and paver overlap in everyday language. A thin bonded unit, thick self-supporting pedestal paver and dry-laid landscape paver use different structural checks, joints and supports.",AU-DB-EXTERIOR-BALCONY-TILE|AU-DB-EXTERIOR-PEDESTAL-PAVER,SRC-SA-AS-3958-2023|SRC-ELMICH-VERSIJACK,"Require product thickness, support condition and exterior evidence rather than resolving from the marketing name."
TERM-510,pedestal-supported porcelain paver and bonded porcelain tile,porcelain balcony tile,accepted_pending_review,A pedestal paver spans between discrete corner or rail supports. A bonded tile transfers load through adhesive and a continuous bed. Identical surface material does not establish the structural form.,AU-DB-PORCELAIN-PEDESTAL-PAVER|AU-DB-EXTERIOR-PORCELAIN-TILE,SRC-ELMICH-VERSIJACK|SRC-SA-AS-3958-2023,"Make support method a required discriminator before selecting panel thickness, joints and CAD support points."
TERM-511,modular deck tile and ceramic or stone tile,deck tile,accepted_pending_review,A modular deck tile commonly has a timber or composite slatted face and backing designed for dry support. A ceramic or stone tile is a mineral finish installed by a bonded or pedestal method.,AU-DB-EXTERIOR-DECK-TILE|AU-DB-TIMBER-DECK-TILE|AU-DB-COMPOSITE-DECK-TILE|AU-DB-EXTERIOR-BALCONY-TILE,SRC-ELMICH-VERSIJACK|SRC-SA-AS-3958-2023,"Resolve face material, backing and support system before interpreting deck tile."
TERM-512,membrane protection board and drainage cell,protection sheet,accepted_pending_review,A protection board resists damage to the membrane; a drainage cell deliberately maintains flow voids. Some composites may perform both only when product evidence says so.,AU-DB-EXTERNAL-MEMBRANE-PROTECTION-BOARD|AU-DB-PLANTER-DRAINAGE-CELL|AU-DB-EXTERNAL-DRAINAGE-MAT,SRC-TGA-CPCCWP5002-DESIGN-EXTERNAL-WATERPROOFING|SRC-SA-AS4654-2-2012,Store protection and drainage as separate performance roles even if one product instance carries both.
TERM-513,raised-finish drainage cavity and framed subfloor space,space under deck,accepted_pending_review,"A shallow cavity between membrane and pedestal pavers drains and may contain services. A framed subfloor is the larger space beneath joists and can require ventilation, termite access and structural inspection.",AU-DB-RAISED-FINISH-DRAINAGE-CAVITY|AU-TC-SUBFLOOR-SPACE,SRC-ELMICH-VERSIJACK|SRC-WOODSOLUTIONS-DOMESTIC-DECK,"Use bounding layers, support system and inspection requirements to classify the void."
TERM-514,"planter membrane, root barrier, protection, drainage cell and filter fabric as separate layers",planter liner,accepted_pending_review,"A single word can conceal waterproofing, root resistance, physical protection, water conveyance and particle filtration. A selected product may combine roles, but the evidence must be explicit.",AU-DB-EXTERNAL-WATERPROOFING-MEMBRANE|AU-DB-PLANTER-ROOT-BARRIER|AU-DB-EXTERNAL-MEMBRANE-PROTECTION-BOARD|AU-DB-PLANTER-DRAINAGE-CELL|AU-DB-PLANTER-FILTER-GEOTEXTILE,SRC-TGA-CPCCWP5002-DESIGN-EXTERNAL-WATERPROOFING|SRC-SA-AS4654-2-2012,Generate an ordered planter layer stack and attach performance evidence to each role.
TERM-515,planter primary outlet and planter overflow,planter drain,accepted_pending_review,The base outlet handles normal drainage. The higher overflow limits retained water if that outlet is blocked or exceeded. Irrigation fittings are a third system.,AU-DB-PLANTER-DRAINAGE-OUTLET|AU-DB-PLANTER-OVERFLOW-OUTLET,SRC-TGA-CPCCWP5002-DESIGN-EXTERNAL-WATERPROOFING|SRC-STORMTECH-BALCONY-DRAINAGE,"Record outlet role, invert and discharge path and keep irrigation objects separate."
TERM-516,structural balcony setdown and fall-forming screed,balcony drop,accepted_pending_review,The setdown lowers the supporting structure to make room for the build-up. The screed is a non-structural or separately designed layer shaping falls. Neither term alone defines the final threshold level.,AU-DB-BALCONY-STRUCTURAL-SETDOWN|AU-DB-EXTERNAL-FALL-FORMING-SCREED,SRC-ABCB-V2-H2D8-EXTERNAL-WATERPROOFING|SRC-SA-AS4654-2-2012,"Store structural levels, build-up thicknesses and the layer carrying falls independently."
TERM-517,balcony soffit lining and under-deck drainage tray,ceiling under deck,accepted_pending_review,"A soffit is the visible enclosure. A drainage tray above or behind it catches water. Treating the lining itself as a drain can conceal leaks and omit fall, outlets and inspection access.",AU-DB-BALCONY-SOFFIT-ENCLOSURE-ASSEMBLY|AU-DB-UNDERDECK-DRAINAGE-TRAY,SRC-QBCC-TIMBER-DECK-BALCONY|SRC-WOODSOLUTIONS-DOMESTIC-DECK,Model visible lining and water-conveyance plane separately with explicit access.
TERM-518,"terrace parapet, waterproofing hob and safety barrier as separate roles",balcony wall,accepted_pending_review,A parapet or hob contains the membrane edge; a barrier resists people falling; a wall may enclose space and carry cladding. One physical assembly can combine roles only when each performance is designed.,AU-DB-TERRACE-PARAPET-HOB-ASSEMBLY|AU-DB-PARAPET-MEMBRANE-TERMINATION|AU-SA-FALL-PREVENTION-BARRIER-SYSTEM,SRC-SA-AS4654-2-2012|SRC-ABCB-V2-H2D8-EXTERNAL-WATERPROOFING,"Store edge containment, weathering and fall-protection roles independently."
TERM-519,H2D8 spaced-decking exception as a waterproofing-solution condition,open decks are exempt from the NCC,accepted_pending_review,"The Volume Two H2D8 exception concerns the external waterproofing provision for spaced decking with framing suitable for external use. It does not remove structural, durability, drainage, termite, barrier or jurisdictional obligations.",AU-DB-OPEN-JOINTED-DECK-ASSEMBLY,SRC-ABCB-V2-H2D8-EXTERNAL-WATERPROOFING,Record the exact H2D8 exception conditions and continue evaluating every other applicable performance and construction requirement.
TERM-520,AS 4654.1 material suitability and AS 4654.2 design and installation,AS 4654 compliant membrane,accepted_pending_review,"The two parts cover different evidence: product materials in Part 1 and design and installation in Part 2. A product claim does not establish a compliant threshold, fall, drain, termination or installed system.",AU-DB-EXTERNAL-WATERPROOFING-MEMBRANE|AU-DB-EXTERNAL-WATERPROOFED-PLATFORM-ASSEMBLY,SRC-SA-AS4654-1-2012|SRC-SA-AS4654-2-2012,"Store product and installation evidence separately, including edition, scope and selected detail."
TERM-521,under-deck drainage as secondary capture below open decking,waterproof deck system,accepted_pending_review,Under-deck trays catch water after it passes through the surface. They do not make the boards above a continuous membrane or automatically qualify the deck above internal space for the external waterproofing solution.,AU-DB-UNDERDECK-DRAINAGE-ASSEMBLY|AU-DB-OPEN-JOINTED-DECK-ASSEMBLY|AU-DB-EXTERNAL-WATERPROOFED-PLATFORM-ASSEMBLY,SRC-ABCB-V2-H2D8-EXTERNAL-WATERPROOFING|SRC-WOODSOLUTIONS-DOMESTIC-DECK,"Keep the traffic surface, primary water-control plane and secondary capture plane as separate system attributes."
TERM-522,"pedestal base, membrane protection pad and pedestal head pad",pedestal pad,accepted_pending_review,"The base spreads load, a protection pad separates it from the membrane, and a head pad cushions or grips the supported paver. A manufacturer may combine parts, but their locations and functions remain different.",AU-DB-PEDESTAL-BASE|AU-DB-MEMBRANE-PEDESTAL-PROTECTION-PAD|AU-DB-PEDESTAL-HEAD-ACOUSTIC-PAD,SRC-ELMICH-VERSIJACK,Place each pad at its actual interface and allow combined product instances only when documented.
